warning_id,project_id,canonical_project_id,warning_type,severity,trigger_value,trigger_description,recommended_action
101280-DATA_QUALITY_REVIEW,101280,101280,DATA_QUALITY_REVIEW,LOW,30.0,Evidence is insufficient for a dependable risk assessment.,Validate project identity and missing monitoring fields.
106816-DATA_QUALITY_REVIEW,106816,106816,DATA_QUALITY_REVIEW,LOW,30.0,Evidence is insufficient for a dependable risk assessment.,Validate project identity and missing monitoring fields.
120250-DATA_QUALITY_REVIEW,120250,120250,DATA_QUALITY_REVIEW,LOW,24.3,Evidence is insufficient for a dependable risk assessment.,Validate project identity and missing monitoring fields.
169570-DATA_QUALITY_REVIEW,169570,169570,DATA_QUALITY_REVIEW,LOW,30.0,Evidence is insufficient for a dependable risk assessment.,Validate project identity and missing monitoring fields.
186000-DATA_QUALITY_REVIEW,186000,186000,DATA_QUALITY_REVIEW,LOW,24.3,Evidence is insufficient for a dependable risk assessment.,Validate project identity and missing monitoring fields.
188000-DATA_QUALITY_REVIEW,188000,188000,DATA_QUALITY_REVIEW,LOW,24.3,Evidence is insufficient for a dependable risk assessment.,Validate project identity and missing monitoring fields.
188830-DATA_QUALITY_REVIEW,188830,188830,DATA_QUALITY_REVIEW,LOW,24.3,Evidence is insufficient for a dependable risk assessment.,Validate project identity and missing monitoring fields.
205974-DATA_QUALITY_REVIEW,205974,205974,DATA_QUALITY_REVIEW,LOW,24.3,Evidence is insufficient for a dependable risk assessment.,Validate project identity and missing monitoring fields.
225770-DATA_QUALITY_REVIEW,225770,225770,DATA_QUALITY_REVIEW,LOW,24.3,Evidence is insufficient for a dependable risk assessment.,Validate project identity and missing monitoring fields.
260860-DATA_QUALITY_REVIEW,260860,260860,DATA_QUALITY_REVIEW,LOW,24.3,Evidence is insufficient for a dependable risk assessment.,Validate project identity and missing monitoring fields.
262175-DATA_QUALITY_REVIEW,262175,262175,DATA_QUALITY_REVIEW,LOW,24.3,Evidence is insufficient for a dependable risk assessment.,Validate project identity and missing monitoring fields.
267000-DATA_QUALITY_REVIEW,267000,267000,DATA_QUALITY_REVIEW,LOW,30.0,Evidence is insufficient for a dependable risk assessment.,Validate project identity and missing monitoring fields.
297700-DATA_QUALITY_REVIEW,297700,297700,DATA_QUALITY_REVIEW,LOW,24.3,Evidence is insufficient for a dependable risk assessment.,Validate project identity and missing monitoring fields.
362420-DATA_QUALITY_REVIEW,362420,362420,DATA_QUALITY_REVIEW,LOW,32.9,Evidence is insufficient for a dependable risk assessment.,Validate project identity and missing monitoring fields.
400006-EXPENDITURE_PROGRESS_DIVERGENCE,400006,400006,EXPENDITURE_PROGRESS_DIVERGENCE,HIGH,47.89977626423071,Expenditure is unusually ahead of physical progress relative to the portfolio.,Review expenditure milestones against physical deliverables.
400018-PROGRESS_STAGNATION,400018,400018,PROGRESS_STAGNATION,HIGH,0.0266666666666661,Physical progress has shown minimal recent movement.,Prioritise milestone-level review and identify implementation bottlenecks.
400023-PROGRESS_STAGNATION,400023,400023,PROGRESS_STAGNATION,HIGH,0.0666666666666666,Physical progress has shown minimal recent movement.,Prioritise milestone-level review and identify implementation bottlenecks.
400033-PROGRESS_STAGNATION,400033,400033,PROGRESS_STAGNATION,HIGH,0.1133333333333344,Physical progress has shown minimal recent movement.,Prioritise milestone-level review and identify implementation bottlenecks.
400045-PROGRESS_STAGNATION,400045,400045,PROGRESS_STAGNATION,HIGH,0.0,Physical progress has shown minimal recent movement.,Prioritise milestone-level review and identify implementation bottlenecks.
400048-PROGRESS_STAGNATION,400048,400048,PROGRESS_STAGNATION,HIGH,0.0,Physical progress has shown minimal recent movement.,Prioritise milestone-level review and identify implementation bottlenecks.
400073-PROGRESS_DETERIORATION,400073,400073,PROGRESS_DETERIORATION,CRITICAL,-0.896666666666666,Recent physical progress is declining.,Escalate for a milestone and data-quality review.
400074-PROGRESS_DETERIORATION,400074,400074,PROGRESS_DETERIORATION,CRITICAL,-0.0966666666666663,Recent physical progress is declining.,Escalate for a milestone and data-quality review.
400077-DATA_QUALITY_REVIEW,400077,400077,DATA_QUALITY_REVIEW,LOW,28.6,Evidence is insufficient for a dependable risk assessment.,Validate project identity and missing monitoring fields.
400081-PROGRESS_STAGNATION,400081,400081,PROGRESS_STAGNATION,HIGH,0.1666666666666666,Physical progress has shown minimal recent movement.,Prioritise milestone-level review and identify implementation bottlenecks.
400081-EXPENDITURE_PROGRESS_DIVERGENCE,400081,400081,EXPENDITURE_PROGRESS_DIVERGENCE,HIGH,1313.6370843822538,Expenditure is unusually ahead of physical progress relative to the portfolio.,Review expenditure milestones against physical deliverables.
400081-ANOMALOUS_TRAJECTORY,400081,400081,ANOMALOUS_TRAJECTORY,HIGH,0.12810771730129467,Observed pattern is unusual relative to the current portfolio.,Review the underlying reporting and project milestones.
400087-COST_ESCALATION,400087,400087,COST_ESCALATION,HIGH,52.163996251256165,Cost escalation is high relative to the current portfolio.,Review revised-cost basis and mitigation plan.
400097-PROGRESS_STAGNATION,400097,400097,PROGRESS_STAGNATION,HIGH,0.099999999999999,Physical progress has shown minimal recent movement.,Prioritise milestone-level review and identify implementation bottlenecks.
400100-PROGRESS_STAGNATION,400100,400100,PROGRESS_STAGNATION,HIGH,0.0,Physical progress has shown minimal recent movement.,Prioritise milestone-level review and identify implementation bottlenecks.
400100-EXPENDITURE_PROGRESS_DIVERGENCE,400100,400100,EXPENDITURE_PROGRESS_DIVERGENCE,HIGH,66.19048199835814,Expenditure is unusually ahead of physical progress relative to the portfolio.,Review expenditure milestones against physical deliverables.
400100-COST_ESCALATION,400100,400100,COST_ESCALATION,HIGH,189.8286361705141,Cost escalation is high relative to the current portfolio.,Review revised-cost basis and mitigation plan.
400100-ANOMALOUS_TRAJECTORY,400100,400100,ANOMALOUS_TRAJECTORY,MEDIUM,0.09981516662469636,Observed pattern is unusual relative to the current portfolio.,Review the underlying reporting and project milestones.
400101-PROGRESS_STAGNATION,400101,400101,PROGRESS_STAGNATION,HIGH,0.0,Physical progress has shown minimal recent movement.,Prioritise milestone-level review and identify implementation bottlenecks.
400101-COST_ESCALATION,400101,400101,COST_ESCALATION,HIGH,75.48375732870333,Cost escalation is high relative to the current portfolio.,Review revised-cost basis and mitigation plan.
400102-PROGRESS_STAGNATION,400102,400102,PROGRESS_STAGNATION,HIGH,0.0,Physical progress has shown minimal recent movement.,Prioritise milestone-level review and identify implementation bottlenecks.
400103-PROGRESS_STAGNATION,400103,400103,PROGRESS_STAGNATION,HIGH,0.0,Physical progress has shown minimal recent movement.,Prioritise milestone-level review and identify implementation bottlenecks.
400103-COST_ESCALATION,400103,400103,COST_ESCALATION,HIGH,346.1871854578232,Cost escalation is high relative to the current portfolio.,Review revised-cost basis and mitigation plan.
400103-ANOMALOUS_TRAJECTORY,400103,400103,ANOMALOUS_TRAJECTORY,MEDIUM,0.046296510713794925,Observed pattern is unusual relative to the current portfolio.,Review the underlying reporting and project milestones.
400104-DATA_QUALITY_REVIEW,400104,400104,DATA_QUALITY_REVIEW,LOW,32.9,Evidence is insufficient for a dependable risk assessment.,Validate project identity and missing monitoring fields.
400105-PROGRESS_STAGNATION,400105,400105,PROGRESS_STAGNATION,HIGH,0.0733333333333329,Physical progress has shown minimal recent movement.,Prioritise milestone-level review and identify implementation bottlenecks.
400107-PROGRESS_STAGNATION,400107,400107,PROGRESS_STAGNATION,HIGH,0.180000000000002,Physical progress has shown minimal recent movement.,Prioritise milestone-level review and identify implementation bottlenecks.
400109-PROGRESS_STAGNATION,400109,400109,PROGRESS_STAGNATION,HIGH,0.2099999999999985,Physical progress has shown minimal recent movement.,Prioritise milestone-level review and identify implementation bottlenecks.
400111-COST_ESCALATION,400111,400111,COST_ESCALATION,HIGH,58.06248233580449,Cost escalation is high relative to the current portfolio.,Review revised-cost basis and mitigation plan.
400115-PROGRESS_STAGNATION,400115,400115,PROGRESS_STAGNATION,HIGH,0.0,Physical progress has shown minimal recent movement.,Prioritise milestone-level review and identify implementation bottlenecks.
400116-PROGRESS_STAGNATION,400116,400116,PROGRESS_STAGNATION,HIGH,0.0333333333333314,Physical progress has shown minimal recent movement.,Prioritise milestone-level review and identify implementation bottlenecks.
400116-EXPENDITURE_PROGRESS_DIVERGENCE,400116,400116,EXPENDITURE_PROGRESS_DIVERGENCE,HIGH,80.72619561334572,Expenditure is unusually ahead of physical progress relative to the portfolio.,Review expenditure milestones against physical deliverables.
400119-PROGRESS_STAGNATION,400119,400119,PROGRESS_STAGNATION,HIGH,0.0,Physical progress has shown minimal recent movement.,Prioritise milestone-level review and identify implementation bottlenecks.
400120-PROGRESS_STAGNATION,400120,400120,PROGRESS_STAGNATION,HIGH,0.1333333333333352,Physical progress has shown minimal recent movement.,Prioritise milestone-level review and identify implementation bottlenecks.
400120-ANOMALOUS_TRAJECTORY,400120,400120,ANOMALOUS_TRAJECTORY,MEDIUM,0.031778920756109885,Observed pattern is unusual relative to the current portfolio.,Review the underlying reporting and project milestones.
400136-PROGRESS_STAGNATION,400136,400136,PROGRESS_STAGNATION,HIGH,0.0,Physical progress has shown minimal recent movement.,Prioritise milestone-level review and identify implementation bottlenecks.
400138-PROGRESS_STAGNATION,400138,400138,PROGRESS_STAGNATION,HIGH,0.0833333333333333,Physical progress has shown minimal recent movement.,Prioritise milestone-level review and identify implementation bottlenecks.
400138-EXPENDITURE_PROGRESS_DIVERGENCE,400138,400138,EXPENDITURE_PROGRESS_DIVERGENCE,HIGH,54.20381612737545,Expenditure is unusually ahead of physical progress relative to the portfolio.,Review expenditure milestones against physical deliverables.
400139-PROGRESS_DETERIORATION,400139,400139,PROGRESS_DETERIORATION,CRITICAL,-0.7233333333333339,Recent physical progress is declining.,Escalate for a milestone and data-quality review.
400139-EXPENDITURE_PROGRESS_DIVERGENCE,400139,400139,EXPENDITURE_PROGRESS_DIVERGENCE,HIGH,27.210086344739366,Expenditure is unusually ahead of physical progress relative to the portfolio.,Review expenditure milestones against physical deliverables.
400142-PROGRESS_STAGNATION,400142,400142,PROGRESS_STAGNATION,HIGH,0.0,Physical progress has shown minimal recent movement.,Prioritise milestone-level review and identify implementation bottlenecks.
400144-PROGRESS_STAGNATION,400144,400144,PROGRESS_STAGNATION,HIGH,0.0,Physical progress has shown minimal recent movement.,Prioritise milestone-level review and identify implementation bottlenecks.
400148-PROGRESS_STAGNATION,400148,400148,PROGRESS_STAGNATION,HIGH,0.0,Physical progress has shown minimal recent movement.,Prioritise milestone-level review and identify implementation bottlenecks.
400149-PROGRESS_STAGNATION,400149,400149,PROGRESS_STAGNATION,HIGH,0.0,Physical progress has shown minimal recent movement.,Prioritise milestone-level review and identify implementation bottlenecks.
400150-PROGRESS_DETERIORATION,400150,400150,PROGRESS_DETERIORATION,CRITICAL,-0.263333333333333,Recent physical progress is declining.,Escalate for a milestone and data-quality review.
400151-PROGRESS_DETERIORATION,400151,400151,PROGRESS_DETERIORATION,CRITICAL,-0.8266666666666632,Recent physical progress is declining.,Escalate for a milestone and data-quality review.
400151-EXPENDITURE_PROGRESS_DIVERGENCE,400151,400151,EXPENDITURE_PROGRESS_DIVERGENCE,HIGH,25.430758316254146,Expenditure is unusually ahead of physical progress relative to the portfolio.,Review expenditure milestones against physical deliverables.
400152-DATA_QUALITY_REVIEW,400152,400152,DATA_QUALITY_REVIEW,LOW,28.6,Evidence is insufficient for a dependable risk assessment.,Validate project identity and missing monitoring fields.
400155-PROGRESS_DETERIORATION,400155,400155,PROGRESS_DETERIORATION,CRITICAL,-0.370000000000001,Recent physical progress is declining.,Escalate for a milestone and data-quality review.
400156-PROGRESS_DETERIORATION,400156,400156,PROGRESS_DETERIORATION,CRITICAL,-0.253333333333335,Recent physical progress is declining.,Escalate for a milestone and data-quality review.
400160-PROGRESS_DETERIORATION,400160,400160,PROGRESS_DETERIORATION,CRITICAL,-0.8800000000000002,Recent physical progress is declining.,Escalate for a milestone and data-quality review.
400161-DATA_QUALITY_REVIEW,400161,400161,DATA_QUALITY_REVIEW,LOW,24.3,Evidence is insufficient for a dependable risk assessment.,Validate project identity and missing monitoring fields.
400165-EXPENDITURE_PROGRESS_DIVERGENCE,400165,400165,EXPENDITURE_PROGRESS_DIVERGENCE,HIGH,32.12064416906264,Expenditure is unusually ahead of physical progress relative to the portfolio.,Review expenditure milestones against physical deliverables.
400171-PROGRESS_STAGNATION,400171,400171,PROGRESS_STAGNATION,HIGH,0.0333333333333361,Physical progress has shown minimal recent movement.,Prioritise milestone-level review and identify implementation bottlenecks.
400172-PROGRESS_STAGNATION,400172,400172,PROGRESS_STAGNATION,HIGH,0.0,Physical progress has shown minimal recent movement.,Prioritise milestone-level review and identify implementation bottlenecks.
400173-PROGRESS_STAGNATION,400173,400173,PROGRESS_STAGNATION,HIGH,0.0,Physical progress has shown minimal recent movement.,Prioritise milestone-level review and identify implementation bottlenecks.
400174-COST_ESCALATION,400174,400174,COST_ESCALATION,HIGH,69.4664461658978,Cost escalation is high relative to the current portfolio.,Review revised-cost basis and mitigation plan.
400177-PROGRESS_STAGNATION,400177,400177,PROGRESS_STAGNATION,HIGH,0.0,Physical progress has shown minimal recent movement.,Prioritise milestone-level review and identify implementation bottlenecks.
400178-PROGRESS_STAGNATION,400178,400178,PROGRESS_STAGNATION,HIGH,0.0300000000000011,Physical progress has shown minimal recent movement.,Prioritise milestone-level review and identify implementation bottlenecks.
400178-EXPENDITURE_PROGRESS_DIVERGENCE,400178,400178,EXPENDITURE_PROGRESS_DIVERGENCE,HIGH,55.6173264631538,Expenditure is unusually ahead of physical progress relative to the portfolio.,Review expenditure milestones against physical deliverables.
400180-PROGRESS_STAGNATION,400180,400180,PROGRESS_STAGNATION,HIGH,0.0099999999999991,Physical progress has shown minimal recent movement.,Prioritise milestone-level review and identify implementation bottlenecks.
400182-PROGRESS_STAGNATION,400182,400182,PROGRESS_STAGNATION,HIGH,0.2033333333333331,Physical progress has shown minimal recent movement.,Prioritise milestone-level review and identify implementation bottlenecks.
400186-PROGRESS_STAGNATION,400186,400186,PROGRESS_STAGNATION,HIGH,0.08,Physical progress has shown minimal recent movement.,Prioritise milestone-level review and identify implementation bottlenecks.
400188-PROGRESS_DETERIORATION,400188,400188,PROGRESS_DETERIORATION,CRITICAL,-0.0333333333333314,Recent physical progress is declining.,Escalate for a milestone and data-quality review.
400192-EXPENDITURE_PROGRESS_DIVERGENCE,400192,400192,EXPENDITURE_PROGRESS_DIVERGENCE,HIGH,126.02972802024036,Expenditure is unusually ahead of physical progress relative to the portfolio.,Review expenditure milestones against physical deliverables.
400192-ANOMALOUS_TRAJECTORY,400192,400192,ANOMALOUS_TRAJECTORY,MEDIUM,0.035540853714248644,Observed pattern is unusual relative to the current portfolio.,Review the underlying reporting and project milestones.
400203-PROGRESS_STAGNATION,400203,400203,PROGRESS_STAGNATION,HIGH,0.0666666666666676,Physical progress has shown minimal recent movement.,Prioritise milestone-level review and identify implementation bottlenecks.
400203-EXPENDITURE_PROGRESS_DIVERGENCE,400203,400203,EXPENDITURE_PROGRESS_DIVERGENCE,HIGH,216.8959327955776,Expenditure is unusually ahead of physical progress relative to the portfolio.,Review expenditure milestones against physical deliverables.
400203-ANOMALOUS_TRAJECTORY,400203,400203,ANOMALOUS_TRAJECTORY,HIGH,0.18007832274542523,Observed pattern is unusual relative to the current portfolio.,Review the underlying reporting and project milestones.
400205-PROGRESS_DETERIORATION,400205,400205,PROGRESS_DETERIORATION,CRITICAL,-1.0,Recent physical progress is declining.,Escalate for a milestone and data-quality review.
400205-EXPENDITURE_PROGRESS_DIVERGENCE,400205,400205,EXPENDITURE_PROGRESS_DIVERGENCE,HIGH,54.16802424701648,Expenditure is unusually ahead of physical progress relative to the portfolio.,Review expenditure milestones against physical deliverables.
400205-ANOMALOUS_TRAJECTORY,400205,400205,ANOMALOUS_TRAJECTORY,MEDIUM,0.013321023499870577,Observed pattern is unusual relative to the current portfolio.,Review the underlying reporting and project milestones.
400220-PROGRESS_STAGNATION,400220,400220,PROGRESS_STAGNATION,HIGH,0.0166666666666704,Physical progress has shown minimal recent movement.,Prioritise milestone-level review and identify implementation bottlenecks.
400223-PROGRESS_STAGNATION,400223,400223,PROGRESS_STAGNATION,HIGH,0.0,Physical progress has shown minimal recent movement.,Prioritise milestone-level review and identify implementation bottlenecks.
400223-COST_ESCALATION,400223,400223,COST_ESCALATION,HIGH,145.2384291725105,Cost escalation is high relative to the current portfolio.,Review revised-cost basis and mitigation plan.
400232-PROGRESS_DETERIORATION,400232,400232,PROGRESS_DETERIORATION,CRITICAL,-0.3333333333333333,Recent physical progress is declining.,Escalate for a milestone and data-quality review.
400247-PROGRESS_DETERIORATION,400247,400247,PROGRESS_DETERIORATION,CRITICAL,-8.5,Recent physical progress is declining.,Escalate for a milestone and data-quality review.
400247-COST_ESCALATION,400247,400247,COST_ESCALATION,HIGH,115.39099999999998,Cost escalation is high relative to the current portfolio.,Review revised-cost basis and mitigation plan.
400247-ANOMALOUS_TRAJECTORY,400247,400247,ANOMALOUS_TRAJECTORY,MEDIUM,0.07016036077986765,Observed pattern is unusual relative to the current portfolio.,Review the underlying reporting and project milestones.
400254-PROGRESS_DETERIORATION,400254,400254,PROGRESS_DETERIORATION,CRITICAL,-1.400000000000001,Recent physical progress is declining.,Escalate for a milestone and data-quality review.
400271-PROGRESS_STAGNATION,400271,400271,PROGRESS_STAGNATION,HIGH,0.0,Physical progress has shown minimal recent movement.,Prioritise milestone-level review and identify implementation bottlenecks.
400273-PROGRESS_DETERIORATION,400273,400273,PROGRESS_DETERIORATION,CRITICAL,-7.300000000000002,Recent physical progress is declining.,Escalate for a milestone and data-quality review.
400273-COST_ESCALATION,400273,400273,COST_ESCALATION,HIGH,58.01682085786375,Cost escalation is high relative to the current portfolio.,Review revised-cost basis and mitigation plan.
400273-ANOMALOUS_TRAJECTORY,400273,400273,ANOMALOUS_TRAJECTORY,MEDIUM,0.0060245663714558195,Observed pattern is unusual relative to the current portfolio.,Review the underlying reporting and project milestones.
400275-PROGRESS_DETERIORATION,400275,400275,PROGRESS_DETERIORATION,CRITICAL,-0.1666666666666666,Recent physical progress is declining.,Escalate for a milestone and data-quality review.
400277-PROGRESS_STAGNATION,400277,400277,PROGRESS_STAGNATION,HIGH,0.1333333333333352,Physical progress has shown minimal recent movement.,Prioritise milestone-level review and identify implementation bottlenecks.
400280-PROGRESS_STAGNATION,400280,400280,PROGRESS_STAGNATION,HIGH,0.0,Physical progress has shown minimal recent movement.,Prioritise milestone-level review and identify implementation bottlenecks.
400291-PROGRESS_DETERIORATION,400291,400291,PROGRESS_DETERIORATION,CRITICAL,-2.866666666666665,Recent physical progress is declining.,Escalate for a milestone and data-quality review.
400298-PROGRESS_DETERIORATION,400298,400298,PROGRESS_DETERIORATION,CRITICAL,-17.669999999999998,Recent physical progress is declining.,Escalate for a milestone and data-quality review.
400298-EXPENDITURE_PROGRESS_DIVERGENCE,400298,400298,EXPENDITURE_PROGRESS_DIVERGENCE,HIGH,216.0300472567867,Expenditure is unusually ahead of physical progress relative to the portfolio.,Review expenditure milestones against physical deliverables.
400298-COST_ESCALATION,400298,400298,COST_ESCALATION,HIGH,155.45112456747404,Cost escalation is high relative to the current portfolio.,Review revised-cost basis and mitigation plan.
400298-ANOMALOUS_TRAJECTORY,400298,400298,ANOMALOUS_TRAJECTORY,HIGH,0.28963914676857494,Observed pattern is unusual relative to the current portfolio.,Review the underlying reporting and project milestones.
400299-PROGRESS_STAGNATION,400299,400299,PROGRESS_STAGNATION,HIGH,0.099999999999999,Physical progress has shown minimal recent movement.,Prioritise milestone-level review and identify implementation bottlenecks.
400301-COST_ESCALATION,400301,400301,COST_ESCALATION,HIGH,155.45722713864308,Cost escalation is high relative to the current portfolio.,Review revised-cost basis and mitigation plan.
400313-DATA_QUALITY_REVIEW,400313,400313,DATA_QUALITY_REVIEW,LOW,32.9,Evidence is insufficient for a dependable risk assessment.,Validate project identity and missing monitoring fields.
400315-PROGRESS_STAGNATION,400315,400315,PROGRESS_STAGNATION,HIGH,0.0100000000000003,Physical progress has shown minimal recent movement.,Prioritise milestone-level review and identify implementation bottlenecks.
400352-PROGRESS_STAGNATION,400352,400352,PROGRESS_STAGNATION,HIGH,0.0733333333333353,Physical progress has shown minimal recent movement.,Prioritise milestone-level review and identify implementation bottlenecks.
400353-PROGRESS_STAGNATION,400353,400353,PROGRESS_STAGNATION,HIGH,0.0,Physical progress has shown minimal recent movement.,Prioritise milestone-level review and identify implementation bottlenecks.
400382-PROGRESS_STAGNATION,400382,400382,PROGRESS_STAGNATION,HIGH,0.0,Physical progress has shown minimal recent movement.,Prioritise milestone-level review and identify implementation bottlenecks.
400424-PROGRESS_STAGNATION,400424,400424,PROGRESS_STAGNATION,HIGH,0.0,Physical progress has shown minimal recent movement.,Prioritise milestone-level review and identify implementation bottlenecks.
400426-PROGRESS_DETERIORATION,400426,400426,PROGRESS_DETERIORATION,CRITICAL,-18.956666666666667,Recent physical progress is declining.,Escalate for a milestone and data-quality review.
400426-COST_ESCALATION,400426,400426,COST_ESCALATION,HIGH,104.70167424421987,Cost escalation is high relative to the current portfolio.,Review revised-cost basis and mitigation plan.
400426-ANOMALOUS_TRAJECTORY,400426,400426,ANOMALOUS_TRAJECTORY,MEDIUM,0.11593848143008922,Observed pattern is unusual relative to the current portfolio.,Review the underlying reporting and project milestones.
423500-DATA_QUALITY_REVIEW,423500,423500,DATA_QUALITY_REVIEW,LOW,24.3,Evidence is insufficient for a dependable risk assessment.,Validate project identity and missing monitoring fields.
453000-DATA_QUALITY_REVIEW,453000,453000,DATA_QUALITY_REVIEW,LOW,25.7,Evidence is insufficient for a dependable risk assessment.,Validate project identity and missing monitoring fields.
468100-DATA_QUALITY_REVIEW,468100,468100,DATA_QUALITY_REVIEW,LOW,24.3,Evidence is insufficient for a dependable risk assessment.,Validate project identity and missing monitoring fields.
505491-EXPENDITURE_PROGRESS_DIVERGENCE,505491,505491,EXPENDITURE_PROGRESS_DIVERGENCE,HIGH,108.81278879117602,Expenditure is unusually ahead of physical progress relative to the portfolio.,Review expenditure milestones against physical deliverables.
505491-ANOMALOUS_TRAJECTORY,505491,505491,ANOMALOUS_TRAJECTORY,MEDIUM,0.05745362662161513,Observed pattern is unusual relative to the current portfolio.,Review the underlying reporting and project milestones.
534476-DATA_QUALITY_REVIEW,534476,534476,DATA_QUALITY_REVIEW,LOW,24.3,Evidence is insufficient for a dependable risk assessment.,Validate project identity and missing monitoring fields.
602096-PROGRESS_STAGNATION,602096,602096,PROGRESS_STAGNATION,HIGH,0.1133333333333344,Physical progress has shown minimal recent movement.,Prioritise milestone-level review and identify implementation bottlenecks.
602096-COST_ESCALATION,602096,602096,COST_ESCALATION,HIGH,314.86349960940794,Cost escalation is high relative to the current portfolio.,Review revised-cost basis and mitigation plan.
602096-ANOMALOUS_TRAJECTORY,602096,602096,ANOMALOUS_TRAJECTORY,MEDIUM,0.0692472271479101,Observed pattern is unusual relative to the current portfolio.,Review the underlying reporting and project milestones.
602098-PROGRESS_STAGNATION,602098,602098,PROGRESS_STAGNATION,HIGH,0.0,Physical progress has shown minimal recent movement.,Prioritise milestone-level review and identify implementation bottlenecks.
602182-PROGRESS_STAGNATION,602182,602182,PROGRESS_STAGNATION,HIGH,0.1666666666666666,Physical progress has shown minimal recent movement.,Prioritise milestone-level review and identify implementation bottlenecks.
602184-COST_ESCALATION,602184,602184,COST_ESCALATION,HIGH,107.37277832455278,Cost escalation is high relative to the current portfolio.,Review revised-cost basis and mitigation plan.
602185-PROGRESS_DETERIORATION,602185,602185,PROGRESS_DETERIORATION,CRITICAL,-0.3100000000000023,Recent physical progress is declining.,Escalate for a milestone and data-quality review.
602185-COST_ESCALATION,602185,602185,COST_ESCALATION,HIGH,266.2625923438549,Cost escalation is high relative to the current portfolio.,Review revised-cost basis and mitigation plan.
602185-ANOMALOUS_TRAJECTORY,602185,602185,ANOMALOUS_TRAJECTORY,MEDIUM,0.026509115631923375,Observed pattern is unusual relative to the current portfolio.,Review the underlying reporting and project milestones.
602193-DATA_QUALITY_REVIEW,602193,602193,DATA_QUALITY_REVIEW,LOW,28.6,Evidence is insufficient for a dependable risk assessment.,Validate project identity and missing monitoring fields.
602195-COST_ESCALATION,602195,602195,COST_ESCALATION,HIGH,65.91967049619853,Cost escalation is high relative to the current portfolio.,Review revised-cost basis and mitigation plan.
602223-PROGRESS_STAGNATION,602223,602223,PROGRESS_STAGNATION,HIGH,0.1666666666666666,Physical progress has shown minimal recent movement.,Prioritise milestone-level review and identify implementation bottlenecks.
602223-COST_ESCALATION,602223,602223,COST_ESCALATION,HIGH,92.0175331586187,Cost escalation is high relative to the current portfolio.,Review revised-cost basis and mitigation plan.
602525-COST_ESCALATION,602525,602525,COST_ESCALATION,HIGH,56.90103203601525,Cost escalation is high relative to the current portfolio.,Review revised-cost basis and mitigation plan.
602579-PROGRESS_STAGNATION,602579,602579,PROGRESS_STAGNATION,HIGH,0.2266666666666689,Physical progress has shown minimal recent movement.,Prioritise milestone-level review and identify implementation bottlenecks.
602582-COST_ESCALATION,602582,602582,COST_ESCALATION,HIGH,156.30623428347164,Cost escalation is high relative to the current portfolio.,Review revised-cost basis and mitigation plan.
602593-COST_ESCALATION,602593,602593,COST_ESCALATION,HIGH,139.99812212796044,Cost escalation is high relative to the current portfolio.,Review revised-cost basis and mitigation plan.
602633-DATA_QUALITY_REVIEW,602633,602633,DATA_QUALITY_REVIEW,LOW,28.6,Evidence is insufficient for a dependable risk assessment.,Validate project identity and missing monitoring fields.
602792-PROGRESS_STAGNATION,602792,602792,PROGRESS_STAGNATION,HIGH,0.0,Physical progress has shown minimal recent movement.,Prioritise milestone-level review and identify implementation bottlenecks.
602797-PROGRESS_DETERIORATION,602797,602797,PROGRESS_DETERIORATION,CRITICAL,-5.616666666666667,Recent physical progress is declining.,Escalate for a milestone and data-quality review.
602797-COST_ESCALATION,602797,602797,COST_ESCALATION,HIGH,72.84897322589032,Cost escalation is high relative to the current portfolio.,Review revised-cost basis and mitigation plan.
602797-ANOMALOUS_TRAJECTORY,602797,602797,ANOMALOUS_TRAJECTORY,MEDIUM,0.06997483611161881,Observed pattern is unusual relative to the current portfolio.,Review the underlying reporting and project milestones.
603293-PROGRESS_STAGNATION,603293,603293,PROGRESS_STAGNATION,HIGH,0.0,Physical progress has shown minimal recent movement.,Prioritise milestone-level review and identify implementation bottlenecks.
603293-COST_ESCALATION,603293,603293,COST_ESCALATION,HIGH,56.17529880478087,Cost escalation is high relative to the current portfolio.,Review revised-cost basis and mitigation plan.
603945-PROGRESS_STAGNATION,603945,603945,PROGRESS_STAGNATION,HIGH,0.0,Physical progress has shown minimal recent movement.,Prioritise milestone-level review and identify implementation bottlenecks.
603945-EXPENDITURE_PROGRESS_DIVERGENCE,603945,603945,EXPENDITURE_PROGRESS_DIVERGENCE,HIGH,31.13170599153859,Expenditure is unusually ahead of physical progress relative to the portfolio.,Review expenditure milestones against physical deliverables.
603945-COST_ESCALATION,603945,603945,COST_ESCALATION,HIGH,427.3177786007796,Cost escalation is high relative to the current portfolio.,Review revised-cost basis and mitigation plan.
603945-ANOMALOUS_TRAJECTORY,603945,603945,ANOMALOUS_TRAJECTORY,MEDIUM,0.10068187384960248,Observed pattern is unusual relative to the current portfolio.,Review the underlying reporting and project milestones.
604791-COST_ESCALATION,604791,604791,COST_ESCALATION,HIGH,104.6983664887595,Cost escalation is high relative to the current portfolio.,Review revised-cost basis and mitigation plan.
604795-PROGRESS_STAGNATION,604795,604795,PROGRESS_STAGNATION,HIGH,0.0,Physical progress has shown minimal recent movement.,Prioritise milestone-level review and identify implementation bottlenecks.
604853-PROGRESS_STAGNATION,604853,604853,PROGRESS_STAGNATION,HIGH,0.1333333333333352,Physical progress has shown minimal recent movement.,Prioritise milestone-level review and identify implementation bottlenecks.
604863-PROGRESS_STAGNATION,604863,604863,PROGRESS_STAGNATION,HIGH,0.0333333333333361,Physical progress has shown minimal recent movement.,Prioritise milestone-level review and identify implementation bottlenecks.
605156-COST_ESCALATION,605156,605156,COST_ESCALATION,HIGH,94.83421969753488,Cost escalation is high relative to the current portfolio.,Review revised-cost basis and mitigation plan.
605292-PROGRESS_STAGNATION,605292,605292,PROGRESS_STAGNATION,HIGH,0.0,Physical progress has shown minimal recent movement.,Prioritise milestone-level review and identify implementation bottlenecks.
606013-PROGRESS_STAGNATION,606013,606013,PROGRESS_STAGNATION,HIGH,0.0333333333333314,Physical progress has shown minimal recent movement.,Prioritise milestone-level review and identify implementation bottlenecks.
606112-PROGRESS_STAGNATION,606112,606112,PROGRESS_STAGNATION,HIGH,0.0933333333333337,Physical progress has shown minimal recent movement.,Prioritise milestone-level review and identify implementation bottlenecks.
606112-EXPENDITURE_PROGRESS_DIVERGENCE,606112,606112,EXPENDITURE_PROGRESS_DIVERGENCE,HIGH,75.1642326458916,Expenditure is unusually ahead of physical progress relative to the portfolio.,Review expenditure milestones against physical deliverables.
606112-ANOMALOUS_TRAJECTORY,606112,606112,ANOMALOUS_TRAJECTORY,MEDIUM,0.0034812456926590074,Observed pattern is unusual relative to the current portfolio.,Review the underlying reporting and project milestones.
606431-PROGRESS_STAGNATION,606431,606431,PROGRESS_STAGNATION,HIGH,0.1666666666666666,Physical progress has shown minimal recent movement.,Prioritise milestone-level review and identify implementation bottlenecks.
606479-PROGRESS_STAGNATION,606479,606479,PROGRESS_STAGNATION,HIGH,0.0333333333333314,Physical progress has shown minimal recent movement.,Prioritise milestone-level review and identify implementation bottlenecks.
607653-ANOMALOUS_TRAJECTORY,607653,607653,ANOMALOUS_TRAJECTORY,MEDIUM,0.09618198500047548,Observed pattern is unusual relative to the current portfolio.,Review the underlying reporting and project milestones.
607709-PROGRESS_STAGNATION,607709,607709,PROGRESS_STAGNATION,HIGH,0.2333333333333342,Physical progress has shown minimal recent movement.,Prioritise milestone-level review and identify implementation bottlenecks.
609424-PROGRESS_STAGNATION,609424,609424,PROGRESS_STAGNATION,HIGH,0.0,Physical progress has shown minimal recent movement.,Prioritise milestone-level review and identify implementation bottlenecks.
609424-EXPENDITURE_PROGRESS_DIVERGENCE,609424,609424,EXPENDITURE_PROGRESS_DIVERGENCE,HIGH,38.66977406189025,Expenditure is unusually ahead of physical progress relative to the portfolio.,Review expenditure milestones against physical deliverables.
610315-PROGRESS_STAGNATION,610315,610315,PROGRESS_STAGNATION,HIGH,0.0,Physical progress has shown minimal recent movement.,Prioritise milestone-level review and identify implementation bottlenecks.
611016-PROGRESS_STAGNATION,611016,611016,PROGRESS_STAGNATION,HIGH,0.1999999999999981,Physical progress has shown minimal recent movement.,Prioritise milestone-level review and identify implementation bottlenecks.
611142-DATA_QUALITY_REVIEW,611142,611142,DATA_QUALITY_REVIEW,LOW,32.9,Evidence is insufficient for a dependable risk assessment.,Validate project identity and missing monitoring fields.
611452-PROGRESS_STAGNATION,611452,611452,PROGRESS_STAGNATION,HIGH,0.0,Physical progress has shown minimal recent movement.,Prioritise milestone-level review and identify implementation bottlenecks.
611495-PROGRESS_DETERIORATION,611495,611495,PROGRESS_DETERIORATION,CRITICAL,-2.2333333333333343,Recent physical progress is declining.,Escalate for a milestone and data-quality review.
611586-PROGRESS_STAGNATION,611586,611586,PROGRESS_STAGNATION,HIGH,0.2266666666666665,Physical progress has shown minimal recent movement.,Prioritise milestone-level review and identify implementation bottlenecks.
611586-COST_ESCALATION,611586,611586,COST_ESCALATION,HIGH,74.23876749371773,Cost escalation is high relative to the current portfolio.,Review revised-cost basis and mitigation plan.
611669-EXPENDITURE_PROGRESS_DIVERGENCE,611669,611669,EXPENDITURE_PROGRESS_DIVERGENCE,HIGH,42.98170683628143,Expenditure is unusually ahead of physical progress relative to the portfolio.,Review expenditure milestones against physical deliverables.
611699-PROGRESS_STAGNATION,611699,611699,PROGRESS_STAGNATION,HIGH,0.1866666666666665,Physical progress has shown minimal recent movement.,Prioritise milestone-level review and identify implementation bottlenecks.
611716-PROGRESS_STAGNATION,611716,611716,PROGRESS_STAGNATION,HIGH,0.0599999999999999,Physical progress has shown minimal recent movement.,Prioritise milestone-level review and identify implementation bottlenecks.
611751-PROGRESS_DETERIORATION,611751,611751,PROGRESS_DETERIORATION,CRITICAL,-0.6733333333333333,Recent physical progress is declining.,Escalate for a milestone and data-quality review.
611751-EXPENDITURE_PROGRESS_DIVERGENCE,611751,611751,EXPENDITURE_PROGRESS_DIVERGENCE,HIGH,39.67459193870753,Expenditure is unusually ahead of physical progress relative to the portfolio.,Review expenditure milestones against physical deliverables.
611751-ANOMALOUS_TRAJECTORY,611751,611751,ANOMALOUS_TRAJECTORY,MEDIUM,0.01885254698783262,Observed pattern is unusual relative to the current portfolio.,Review the underlying reporting and project milestones.
611752-PROGRESS_DETERIORATION,611752,611752,PROGRESS_DETERIORATION,CRITICAL,-1.0066666666666666,Recent physical progress is declining.,Escalate for a milestone and data-quality review.
611752-EXPENDITURE_PROGRESS_DIVERGENCE,611752,611752,EXPENDITURE_PROGRESS_DIVERGENCE,HIGH,42.446636159508856,Expenditure is unusually ahead of physical progress relative to the portfolio.,Review expenditure milestones against physical deliverables.
611752-ANOMALOUS_TRAJECTORY,611752,611752,ANOMALOUS_TRAJECTORY,MEDIUM,0.003311564526537303,Observed pattern is unusual relative to the current portfolio.,Review the underlying reporting and project milestones.
611754-PROGRESS_DETERIORATION,611754,611754,PROGRESS_DETERIORATION,CRITICAL,-0.0766666666666666,Recent physical progress is declining.,Escalate for a milestone and data-quality review.
611754-EXPENDITURE_PROGRESS_DIVERGENCE,611754,611754,EXPENDITURE_PROGRESS_DIVERGENCE,HIGH,31.169451073985684,Expenditure is unusually ahead of physical progress relative to the portfolio.,Review expenditure milestones against physical deliverables.
611849-DATA_QUALITY_REVIEW,611849,611849,DATA_QUALITY_REVIEW,LOW,32.9,Evidence is insufficient for a dependable risk assessment.,Validate project identity and missing monitoring fields.
611917-COST_ESCALATION,611917,611917,COST_ESCALATION,HIGH,73.50514050719671,Cost escalation is high relative to the current portfolio.,Review revised-cost basis and mitigation plan.
611927-PROGRESS_STAGNATION,611927,611927,PROGRESS_STAGNATION,HIGH,0.0,Physical progress has shown minimal recent movement.,Prioritise milestone-level review and identify implementation bottlenecks.
611929-PROGRESS_STAGNATION,611929,611929,PROGRESS_STAGNATION,HIGH,0.0,Physical progress has shown minimal recent movement.,Prioritise milestone-level review and identify implementation bottlenecks.
611943-PROGRESS_STAGNATION,611943,611943,PROGRESS_STAGNATION,HIGH,0.0,Physical progress has shown minimal recent movement.,Prioritise milestone-level review and identify implementation bottlenecks.
611944-DATA_QUALITY_REVIEW,611944,611944,DATA_QUALITY_REVIEW,LOW,24.3,Evidence is insufficient for a dependable risk assessment.,Validate project identity and missing monitoring fields.
611950-DATA_QUALITY_REVIEW,611950,611950,DATA_QUALITY_REVIEW,LOW,24.3,Evidence is insufficient for a dependable risk assessment.,Validate project identity and missing monitoring fields.
611951-DATA_QUALITY_REVIEW,611951,611951,DATA_QUALITY_REVIEW,LOW,32.9,Evidence is insufficient for a dependable risk assessment.,Validate project identity and missing monitoring fields.
611967-ANOMALOUS_TRAJECTORY,611967,611967,ANOMALOUS_TRAJECTORY,MEDIUM,0.018794823335353816,Observed pattern is unusual relative to the current portfolio.,Review the underlying reporting and project milestones.
611977-PROGRESS_STAGNATION,611977,611977,PROGRESS_STAGNATION,HIGH,0.0,Physical progress has shown minimal recent movement.,Prioritise milestone-level review and identify implementation bottlenecks.
611978-PROGRESS_STAGNATION,611978,611978,PROGRESS_STAGNATION,HIGH,0.0,Physical progress has shown minimal recent movement.,Prioritise milestone-level review and identify implementation bottlenecks.
611979-PROGRESS_STAGNATION,611979,611979,PROGRESS_STAGNATION,HIGH,0.0,Physical progress has shown minimal recent movement.,Prioritise milestone-level review and identify implementation bottlenecks.
612072-EXPENDITURE_PROGRESS_DIVERGENCE,612072,612072,EXPENDITURE_PROGRESS_DIVERGENCE,HIGH,33.99876256928052,Expenditure is unusually ahead of physical progress relative to the portfolio.,Review expenditure milestones against physical deliverables.
612096-EXPENDITURE_PROGRESS_DIVERGENCE,612096,612096,EXPENDITURE_PROGRESS_DIVERGENCE,HIGH,25.852670599287396,Expenditure is unusually ahead of physical progress relative to the portfolio.,Review expenditure milestones against physical deliverables.
612151-DATA_QUALITY_REVIEW,612151,612151,DATA_QUALITY_REVIEW,LOW,32.9,Evidence is insufficient for a dependable risk assessment.,Validate project identity and missing monitoring fields.
612167-EXPENDITURE_PROGRESS_DIVERGENCE,612167,612167,EXPENDITURE_PROGRESS_DIVERGENCE,HIGH,2726.974132771229,Expenditure is unusually ahead of physical progress relative to the portfolio.,Review expenditure milestones against physical deliverables.
612167-ANOMALOUS_TRAJECTORY,612167,612167,ANOMALOUS_TRAJECTORY,HIGH,0.21888064451746125,Observed pattern is unusual relative to the current portfolio.,Review the underlying reporting and project milestones.
612178-DATA_QUALITY_REVIEW,612178,612178,DATA_QUALITY_REVIEW,LOW,32.9,Evidence is insufficient for a dependable risk assessment.,Validate project identity and missing monitoring fields.
612185-DATA_QUALITY_REVIEW,612185,612185,DATA_QUALITY_REVIEW,LOW,28.6,Evidence is insufficient for a dependable risk assessment.,Validate project identity and missing monitoring fields.
612259-EXPENDITURE_PROGRESS_DIVERGENCE,612259,612259,EXPENDITURE_PROGRESS_DIVERGENCE,HIGH,23.8365924133992,Expenditure is unusually ahead of physical progress relative to the portfolio.,Review expenditure milestones against physical deliverables.
612259-COST_ESCALATION,612259,612259,COST_ESCALATION,HIGH,190.654296875,Cost escalation is high relative to the current portfolio.,Review revised-cost basis and mitigation plan.
612259-ANOMALOUS_TRAJECTORY,612259,612259,ANOMALOUS_TRAJECTORY,MEDIUM,0.04919582485082463,Observed pattern is unusual relative to the current portfolio.,Review the underlying reporting and project milestones.
612513-PROGRESS_STAGNATION,612513,612513,PROGRESS_STAGNATION,HIGH,0.0,Physical progress has shown minimal recent movement.,Prioritise milestone-level review and identify implementation bottlenecks.
612815-PROGRESS_DETERIORATION,612815,612815,PROGRESS_DETERIORATION,CRITICAL,-4.0,Recent physical progress is declining.,Escalate for a milestone and data-quality review.
612816-PROGRESS_STAGNATION,612816,612816,PROGRESS_STAGNATION,HIGH,0.0200000000000001,Physical progress has shown minimal recent movement.,Prioritise milestone-level review and identify implementation bottlenecks.
612819-PROGRESS_STAGNATION,612819,612819,PROGRESS_STAGNATION,HIGH,0.0,Physical progress has shown minimal recent movement.,Prioritise milestone-level review and identify implementation bottlenecks.
612845-PROGRESS_STAGNATION,612845,612845,PROGRESS_STAGNATION,HIGH,0.0,Physical progress has shown minimal recent movement.,Prioritise milestone-level review and identify implementation bottlenecks.
612845-COST_ESCALATION,612845,612845,COST_ESCALATION,HIGH,119.1586681878605,Cost escalation is high relative to the current portfolio.,Review revised-cost basis and mitigation plan.
612845-ANOMALOUS_TRAJECTORY,612845,612845,ANOMALOUS_TRAJECTORY,MEDIUM,0.028310667708631554,Observed pattern is unusual relative to the current portfolio.,Review the underlying reporting and project milestones.
612851-PROGRESS_STAGNATION,612851,612851,PROGRESS_STAGNATION,HIGH,0.0933333333333337,Physical progress has shown minimal recent movement.,Prioritise milestone-level review and identify implementation bottlenecks.
612853-ANOMALOUS_TRAJECTORY,612853,612853,ANOMALOUS_TRAJECTORY,MEDIUM,0.011460808269334877,Observed pattern is unusual relative to the current portfolio.,Review the underlying reporting and project milestones.
612856-DATA_QUALITY_REVIEW,612856,612856,DATA_QUALITY_REVIEW,LOW,28.6,Evidence is insufficient for a dependable risk assessment.,Validate project identity and missing monitoring fields.
612876-PROGRESS_STAGNATION,612876,612876,PROGRESS_STAGNATION,HIGH,0.0,Physical progress has shown minimal recent movement.,Prioritise milestone-level review and identify implementation bottlenecks.
612876-EXPENDITURE_PROGRESS_DIVERGENCE,612876,612876,EXPENDITURE_PROGRESS_DIVERGENCE,HIGH,31.33095755224258,Expenditure is unusually ahead of physical progress relative to the portfolio.,Review expenditure milestones against physical deliverables.
612898-PROGRESS_STAGNATION,612898,612898,PROGRESS_STAGNATION,HIGH,0.0,Physical progress has shown minimal recent movement.,Prioritise milestone-level review and identify implementation bottlenecks.
613002-PROGRESS_STAGNATION,613002,613002,PROGRESS_STAGNATION,HIGH,0.0,Physical progress has shown minimal recent movement.,Prioritise milestone-level review and identify implementation bottlenecks.
613002-EXPENDITURE_PROGRESS_DIVERGENCE,613002,613002,EXPENDITURE_PROGRESS_DIVERGENCE,HIGH,40.38004750593824,Expenditure is unusually ahead of physical progress relative to the portfolio.,Review expenditure milestones against physical deliverables.
613008-PROGRESS_STAGNATION,613008,613008,PROGRESS_STAGNATION,HIGH,0.1666666666666666,Physical progress has shown minimal recent movement.,Prioritise milestone-level review and identify implementation bottlenecks.
613008-EXPENDITURE_PROGRESS_DIVERGENCE,613008,613008,EXPENDITURE_PROGRESS_DIVERGENCE,HIGH,2382.004918032787,Expenditure is unusually ahead of physical progress relative to the portfolio.,Review expenditure milestones against physical deliverables.
613008-ANOMALOUS_TRAJECTORY,613008,613008,ANOMALOUS_TRAJECTORY,HIGH,0.1371370372414773,Observed pattern is unusual relative to the current portfolio.,Review the underlying reporting and project milestones.
613013-PROGRESS_STAGNATION,613013,613013,PROGRESS_STAGNATION,HIGH,0.0,Physical progress has shown minimal recent movement.,Prioritise milestone-level review and identify implementation bottlenecks.
613015-EXPENDITURE_PROGRESS_DIVERGENCE,613015,613015,EXPENDITURE_PROGRESS_DIVERGENCE,HIGH,23.206839492553776,Expenditure is unusually ahead of physical progress relative to the portfolio.,Review expenditure milestones against physical deliverables.
613787-EXPENDITURE_PROGRESS_DIVERGENCE,613787,613787,EXPENDITURE_PROGRESS_DIVERGENCE,HIGH,24.3643427111954,Expenditure is unusually ahead of physical progress relative to the portfolio.,Review expenditure milestones against physical deliverables.
613793-PROGRESS_STAGNATION,613793,613793,PROGRESS_STAGNATION,HIGH,0.0,Physical progress has shown minimal recent movement.,Prioritise milestone-level review and identify implementation bottlenecks.
613794-PROGRESS_STAGNATION,613794,613794,PROGRESS_STAGNATION,HIGH,0.0433333333333341,Physical progress has shown minimal recent movement.,Prioritise milestone-level review and identify implementation bottlenecks.
613798-PROGRESS_STAGNATION,613798,613798,PROGRESS_STAGNATION,HIGH,0.0,Physical progress has shown minimal recent movement.,Prioritise milestone-level review and identify implementation bottlenecks.
613799-PROGRESS_STAGNATION,613799,613799,PROGRESS_STAGNATION,HIGH,0.0,Physical progress has shown minimal recent movement.,Prioritise milestone-level review and identify implementation bottlenecks.
613800-PROGRESS_STAGNATION,613800,613800,PROGRESS_STAGNATION,HIGH,0.0,Physical progress has shown minimal recent movement.,Prioritise milestone-level review and identify implementation bottlenecks.
613801-PROGRESS_STAGNATION,613801,613801,PROGRESS_STAGNATION,HIGH,0.0,Physical progress has shown minimal recent movement.,Prioritise milestone-level review and identify implementation bottlenecks.
613802-PROGRESS_STAGNATION,613802,613802,PROGRESS_STAGNATION,HIGH,0.0,Physical progress has shown minimal recent movement.,Prioritise milestone-level review and identify implementation bottlenecks.
613803-PROGRESS_STAGNATION,613803,613803,PROGRESS_STAGNATION,HIGH,0.0,Physical progress has shown minimal recent movement.,Prioritise milestone-level review and identify implementation bottlenecks.
613804-PROGRESS_STAGNATION,613804,613804,PROGRESS_STAGNATION,HIGH,0.0,Physical progress has shown minimal recent movement.,Prioritise milestone-level review and identify implementation bottlenecks.
613808-PROGRESS_STAGNATION,613808,613808,PROGRESS_STAGNATION,HIGH,0.0,Physical progress has shown minimal recent movement.,Prioritise milestone-level review and identify implementation bottlenecks.
615184-PROGRESS_STAGNATION,615184,615184,PROGRESS_STAGNATION,HIGH,0.0,Physical progress has shown minimal recent movement.,Prioritise milestone-level review and identify implementation bottlenecks.
615185-PROGRESS_STAGNATION,615185,615185,PROGRESS_STAGNATION,HIGH,0.0,Physical progress has shown minimal recent movement.,Prioritise milestone-level review and identify implementation bottlenecks.
615186-PROGRESS_STAGNATION,615186,615186,PROGRESS_STAGNATION,HIGH,0.0,Physical progress has shown minimal recent movement.,Prioritise milestone-level review and identify implementation bottlenecks.
615187-PROGRESS_STAGNATION,615187,615187,PROGRESS_STAGNATION,HIGH,0.0,Physical progress has shown minimal recent movement.,Prioritise milestone-level review and identify implementation bottlenecks.
615188-PROGRESS_STAGNATION,615188,615188,PROGRESS_STAGNATION,HIGH,0.0,Physical progress has shown minimal recent movement.,Prioritise milestone-level review and identify implementation bottlenecks.
615189-PROGRESS_STAGNATION,615189,615189,PROGRESS_STAGNATION,HIGH,0.0,Physical progress has shown minimal recent movement.,Prioritise milestone-level review and identify implementation bottlenecks.
615190-PROGRESS_STAGNATION,615190,615190,PROGRESS_STAGNATION,HIGH,0.0233333333333334,Physical progress has shown minimal recent movement.,Prioritise milestone-level review and identify implementation bottlenecks.
615191-PROGRESS_STAGNATION,615191,615191,PROGRESS_STAGNATION,HIGH,0.0,Physical progress has shown minimal recent movement.,Prioritise milestone-level review and identify implementation bottlenecks.
615192-PROGRESS_STAGNATION,615192,615192,PROGRESS_STAGNATION,HIGH,0.0,Physical progress has shown minimal recent movement.,Prioritise milestone-level review and identify implementation bottlenecks.
615194-PROGRESS_STAGNATION,615194,615194,PROGRESS_STAGNATION,HIGH,0.0,Physical progress has shown minimal recent movement.,Prioritise milestone-level review and identify implementation bottlenecks.
615194-EXPENDITURE_PROGRESS_DIVERGENCE,615194,615194,EXPENDITURE_PROGRESS_DIVERGENCE,HIGH,22.482126836813613,Expenditure is unusually ahead of physical progress relative to the portfolio.,Review expenditure milestones against physical deliverables.
615195-PROGRESS_STAGNATION,615195,615195,PROGRESS_STAGNATION,HIGH,0.0,Physical progress has shown minimal recent movement.,Prioritise milestone-level review and identify implementation bottlenecks.
615202-EXPENDITURE_PROGRESS_DIVERGENCE,615202,615202,EXPENDITURE_PROGRESS_DIVERGENCE,HIGH,84.75307026534563,Expenditure is unusually ahead of physical progress relative to the portfolio.,Review expenditure milestones against physical deliverables.
615202-ANOMALOUS_TRAJECTORY,615202,615202,ANOMALOUS_TRAJECTORY,MEDIUM,0.04486759921620076,Observed pattern is unusual relative to the current portfolio.,Review the underlying reporting and project milestones.
615206-PROGRESS_STAGNATION,615206,615206,PROGRESS_STAGNATION,HIGH,0.0,Physical progress has shown minimal recent movement.,Prioritise milestone-level review and identify implementation bottlenecks.
615327-PROGRESS_STAGNATION,615327,615327,PROGRESS_STAGNATION,HIGH,0.0,Physical progress has shown minimal recent movement.,Prioritise milestone-level review and identify implementation bottlenecks.
615330-PROGRESS_STAGNATION,615330,615330,PROGRESS_STAGNATION,HIGH,0.0599999999999999,Physical progress has shown minimal recent movement.,Prioritise milestone-level review and identify implementation bottlenecks.
615331-PROGRESS_STAGNATION,615331,615331,PROGRESS_STAGNATION,HIGH,0.0,Physical progress has shown minimal recent movement.,Prioritise milestone-level review and identify implementation bottlenecks.
615336-ANOMALOUS_TRAJECTORY,615336,615336,ANOMALOUS_TRAJECTORY,MEDIUM,0.0020610744887712973,Observed pattern is unusual relative to the current portfolio.,Review the underlying reporting and project milestones.
615818-PROGRESS_STAGNATION,615818,615818,PROGRESS_STAGNATION,HIGH,0.0,Physical progress has shown minimal recent movement.,Prioritise milestone-level review and identify implementation bottlenecks.
615820-EXPENDITURE_PROGRESS_DIVERGENCE,615820,615820,EXPENDITURE_PROGRESS_DIVERGENCE,HIGH,7162.238454653565,Expenditure is unusually ahead of physical progress relative to the portfolio.,Review expenditure milestones against physical deliverables.
615820-ANOMALOUS_TRAJECTORY,615820,615820,ANOMALOUS_TRAJECTORY,HIGH,0.18842723082129165,Observed pattern is unusual relative to the current portfolio.,Review the underlying reporting and project milestones.
615821-EXPENDITURE_PROGRESS_DIVERGENCE,615821,615821,EXPENDITURE_PROGRESS_DIVERGENCE,HIGH,31.50245284322532,Expenditure is unusually ahead of physical progress relative to the portfolio.,Review expenditure milestones against physical deliverables.
615822-PROGRESS_DETERIORATION,615822,615822,PROGRESS_DETERIORATION,CRITICAL,-2.3500000000000014,Recent physical progress is declining.,Escalate for a milestone and data-quality review.
615843-PROGRESS_DETERIORATION,615843,615843,PROGRESS_DETERIORATION,CRITICAL,-0.4033333333333336,Recent physical progress is declining.,Escalate for a milestone and data-quality review.
615857-PROGRESS_STAGNATION,615857,615857,PROGRESS_STAGNATION,HIGH,0.0,Physical progress has shown minimal recent movement.,Prioritise milestone-level review and identify implementation bottlenecks.
615860-PROGRESS_STAGNATION,615860,615860,PROGRESS_STAGNATION,HIGH,0.0,Physical progress has shown minimal recent movement.,Prioritise milestone-level review and identify implementation bottlenecks.
615861-PROGRESS_STAGNATION,615861,615861,PROGRESS_STAGNATION,HIGH,0.0,Physical progress has shown minimal recent movement.,Prioritise milestone-level review and identify implementation bottlenecks.
615863-PROGRESS_STAGNATION,615863,615863,PROGRESS_STAGNATION,HIGH,0.0,Physical progress has shown minimal recent movement.,Prioritise milestone-level review and identify implementation bottlenecks.
615914-PROGRESS_STAGNATION,615914,615914,PROGRESS_STAGNATION,HIGH,0.0500000000000001,Physical progress has shown minimal recent movement.,Prioritise milestone-level review and identify implementation bottlenecks.
615916-PROGRESS_STAGNATION,615916,615916,PROGRESS_STAGNATION,HIGH,0.0,Physical progress has shown minimal recent movement.,Prioritise milestone-level review and identify implementation bottlenecks.
615917-PROGRESS_STAGNATION,615917,615917,PROGRESS_STAGNATION,HIGH,0.0,Physical progress has shown minimal recent movement.,Prioritise milestone-level review and identify implementation bottlenecks.
615918-PROGRESS_STAGNATION,615918,615918,PROGRESS_STAGNATION,HIGH,0.0366666666666664,Physical progress has shown minimal recent movement.,Prioritise milestone-level review and identify implementation bottlenecks.
615919-PROGRESS_STAGNATION,615919,615919,PROGRESS_STAGNATION,HIGH,0.0,Physical progress has shown minimal recent movement.,Prioritise milestone-level review and identify implementation bottlenecks.
615982-PROGRESS_STAGNATION,615982,615982,PROGRESS_STAGNATION,HIGH,0.0,Physical progress has shown minimal recent movement.,Prioritise milestone-level review and identify implementation bottlenecks.
616050-PROGRESS_STAGNATION,616050,616050,PROGRESS_STAGNATION,HIGH,0.0,Physical progress has shown minimal recent movement.,Prioritise milestone-level review and identify implementation bottlenecks.
616223-PROGRESS_STAGNATION,616223,616223,PROGRESS_STAGNATION,HIGH,0.0,Physical progress has shown minimal recent movement.,Prioritise milestone-level review and identify implementation bottlenecks.
616225-PROGRESS_STAGNATION,616225,616225,PROGRESS_STAGNATION,HIGH,0.0,Physical progress has shown minimal recent movement.,Prioritise milestone-level review and identify implementation bottlenecks.
616227-PROGRESS_STAGNATION,616227,616227,PROGRESS_STAGNATION,HIGH,0.0,Physical progress has shown minimal recent movement.,Prioritise milestone-level review and identify implementation bottlenecks.
616229-PROGRESS_STAGNATION,616229,616229,PROGRESS_STAGNATION,HIGH,0.0099999999999999,Physical progress has shown minimal recent movement.,Prioritise milestone-level review and identify implementation bottlenecks.
616230-PROGRESS_STAGNATION,616230,616230,PROGRESS_STAGNATION,HIGH,0.0033333333333333,Physical progress has shown minimal recent movement.,Prioritise milestone-level review and identify implementation bottlenecks.
616233-EXPENDITURE_PROGRESS_DIVERGENCE,616233,616233,EXPENDITURE_PROGRESS_DIVERGENCE,HIGH,28.24100690895711,Expenditure is unusually ahead of physical progress relative to the portfolio.,Review expenditure milestones against physical deliverables.
616234-PROGRESS_DETERIORATION,616234,616234,PROGRESS_DETERIORATION,CRITICAL,-5.530000000000001,Recent physical progress is declining.,Escalate for a milestone and data-quality review.
616235-DATA_QUALITY_REVIEW,616235,616235,DATA_QUALITY_REVIEW,LOW,28.6,Evidence is insufficient for a dependable risk assessment.,Validate project identity and missing monitoring fields.
616236-PROGRESS_DETERIORATION,616236,616236,PROGRESS_DETERIORATION,CRITICAL,-0.3966666666666659,Recent physical progress is declining.,Escalate for a milestone and data-quality review.
616253-PROGRESS_STAGNATION,616253,616253,PROGRESS_STAGNATION,HIGH,0.0033333333333332,Physical progress has shown minimal recent movement.,Prioritise milestone-level review and identify implementation bottlenecks.
616587-PROGRESS_STAGNATION,616587,616587,PROGRESS_STAGNATION,HIGH,0.0,Physical progress has shown minimal recent movement.,Prioritise milestone-level review and identify implementation bottlenecks.
616600-PROGRESS_STAGNATION,616600,616600,PROGRESS_STAGNATION,HIGH,0.0,Physical progress has shown minimal recent movement.,Prioritise milestone-level review and identify implementation bottlenecks.
616600-EXPENDITURE_PROGRESS_DIVERGENCE,616600,616600,EXPENDITURE_PROGRESS_DIVERGENCE,HIGH,24795.72665682692,Expenditure is unusually ahead of physical progress relative to the portfolio.,Review expenditure milestones against physical deliverables.
616600-ANOMALOUS_TRAJECTORY,616600,616600,ANOMALOUS_TRAJECTORY,HIGH,0.29032807875876077,Observed pattern is unusual relative to the current portfolio.,Review the underlying reporting and project milestones.
616615-PROGRESS_STAGNATION,616615,616615,PROGRESS_STAGNATION,HIGH,0.0,Physical progress has shown minimal recent movement.,Prioritise milestone-level review and identify implementation bottlenecks.
616616-PROGRESS_STAGNATION,616616,616616,PROGRESS_STAGNATION,HIGH,0.0,Physical progress has shown minimal recent movement.,Prioritise milestone-level review and identify implementation bottlenecks.
616691-PROGRESS_STAGNATION,616691,616691,PROGRESS_STAGNATION,HIGH,0.0,Physical progress has shown minimal recent movement.,Prioritise milestone-level review and identify implementation bottlenecks.
616694-PROGRESS_DETERIORATION,616694,616694,PROGRESS_DETERIORATION,CRITICAL,-1.8333333333333333,Recent physical progress is declining.,Escalate for a milestone and data-quality review.
616694-EXPENDITURE_PROGRESS_DIVERGENCE,616694,616694,EXPENDITURE_PROGRESS_DIVERGENCE,HIGH,27.847786023808336,Expenditure is unusually ahead of physical progress relative to the portfolio.,Review expenditure milestones against physical deliverables.
616695-PROGRESS_DETERIORATION,616695,616695,PROGRESS_DETERIORATION,CRITICAL,-1.1666666666666667,Recent physical progress is declining.,Escalate for a milestone and data-quality review.
616699-PROGRESS_DETERIORATION,616699,616699,PROGRESS_DETERIORATION,CRITICAL,-4.833333333333333,Recent physical progress is declining.,Escalate for a milestone and data-quality review.
616699-ANOMALOUS_TRAJECTORY,616699,616699,ANOMALOUS_TRAJECTORY,MEDIUM,0.01870141376431189,Observed pattern is unusual relative to the current portfolio.,Review the underlying reporting and project milestones.
616701-PROGRESS_DETERIORATION,616701,616701,PROGRESS_DETERIORATION,CRITICAL,-3.0,Recent physical progress is declining.,Escalate for a milestone and data-quality review.
616839-PROGRESS_STAGNATION,616839,616839,PROGRESS_STAGNATION,HIGH,0.0,Physical progress has shown minimal recent movement.,Prioritise milestone-level review and identify implementation bottlenecks.
616841-PROGRESS_DETERIORATION,616841,616841,PROGRESS_DETERIORATION,CRITICAL,-0.3333333333333333,Recent physical progress is declining.,Escalate for a milestone and data-quality review.
616841-EXPENDITURE_PROGRESS_DIVERGENCE,616841,616841,EXPENDITURE_PROGRESS_DIVERGENCE,HIGH,23.273623130408684,Expenditure is unusually ahead of physical progress relative to the portfolio.,Review expenditure milestones against physical deliverables.
616856-PROGRESS_STAGNATION,616856,616856,PROGRESS_STAGNATION,HIGH,0.0066666666666666,Physical progress has shown minimal recent movement.,Prioritise milestone-level review and identify implementation bottlenecks.
616983-PROGRESS_STAGNATION,616983,616983,PROGRESS_STAGNATION,HIGH,0.0,Physical progress has shown minimal recent movement.,Prioritise milestone-level review and identify implementation bottlenecks.
617179-PROGRESS_STAGNATION,617179,617179,PROGRESS_STAGNATION,HIGH,0.0,Physical progress has shown minimal recent movement.,Prioritise milestone-level review and identify implementation bottlenecks.
617200-PROGRESS_STAGNATION,617200,617200,PROGRESS_STAGNATION,HIGH,0.0,Physical progress has shown minimal recent movement.,Prioritise milestone-level review and identify implementation bottlenecks.
617207-PROGRESS_STAGNATION,617207,617207,PROGRESS_STAGNATION,HIGH,0.2233333333333331,Physical progress has shown minimal recent movement.,Prioritise milestone-level review and identify implementation bottlenecks.
617210-PROGRESS_DETERIORATION,617210,617210,PROGRESS_DETERIORATION,CRITICAL,-0.0166666666666666,Recent physical progress is declining.,Escalate for a milestone and data-quality review.
617211-PROGRESS_STAGNATION,617211,617211,PROGRESS_STAGNATION,HIGH,0.0666666666666667,Physical progress has shown minimal recent movement.,Prioritise milestone-level review and identify implementation bottlenecks.
617212-ANOMALOUS_TRAJECTORY,617212,617212,ANOMALOUS_TRAJECTORY,MEDIUM,0.004020153163328266,Observed pattern is unusual relative to the current portfolio.,Review the underlying reporting and project milestones.
617214-PROGRESS_DETERIORATION,617214,617214,PROGRESS_DETERIORATION,CRITICAL,-0.0533333333333333,Recent physical progress is declining.,Escalate for a milestone and data-quality review.
617215-EXPENDITURE_PROGRESS_DIVERGENCE,617215,617215,EXPENDITURE_PROGRESS_DIVERGENCE,HIGH,21.638421674697703,Expenditure is unusually ahead of physical progress relative to the portfolio.,Review expenditure milestones against physical deliverables.
617216-PROGRESS_DETERIORATION,617216,617216,PROGRESS_DETERIORATION,CRITICAL,-0.0533333333333333,Recent physical progress is declining.,Escalate for a milestone and data-quality review.
617231-PROGRESS_STAGNATION,617231,617231,PROGRESS_STAGNATION,HIGH,0.0,Physical progress has shown minimal recent movement.,Prioritise milestone-level review and identify implementation bottlenecks.
617233-PROGRESS_STAGNATION,617233,617233,PROGRESS_STAGNATION,HIGH,0.0333333333333333,Physical progress has shown minimal recent movement.,Prioritise milestone-level review and identify implementation bottlenecks.
617239-PROGRESS_STAGNATION,617239,617239,PROGRESS_STAGNATION,HIGH,0.0,Physical progress has shown minimal recent movement.,Prioritise milestone-level review and identify implementation bottlenecks.
617245-PROGRESS_STAGNATION,617245,617245,PROGRESS_STAGNATION,HIGH,0.0,Physical progress has shown minimal recent movement.,Prioritise milestone-level review and identify implementation bottlenecks.
617245-COST_ESCALATION,617245,617245,COST_ESCALATION,HIGH,108.03275905966224,Cost escalation is high relative to the current portfolio.,Review revised-cost basis and mitigation plan.
617252-PROGRESS_DETERIORATION,617252,617252,PROGRESS_DETERIORATION,CRITICAL,-3.9333333333333336,Recent physical progress is declining.,Escalate for a milestone and data-quality review.
617252-EXPENDITURE_PROGRESS_DIVERGENCE,617252,617252,EXPENDITURE_PROGRESS_DIVERGENCE,HIGH,47.18992738658317,Expenditure is unusually ahead of physical progress relative to the portfolio.,Review expenditure milestones against physical deliverables.
617252-COST_ESCALATION,617252,617252,COST_ESCALATION,HIGH,56.64687405428532,Cost escalation is high relative to the current portfolio.,Review revised-cost basis and mitigation plan.
617252-ANOMALOUS_TRAJECTORY,617252,617252,ANOMALOUS_TRAJECTORY,MEDIUM,0.06585504302327738,Observed pattern is unusual relative to the current portfolio.,Review the underlying reporting and project milestones.
617270-PROGRESS_STAGNATION,617270,617270,PROGRESS_STAGNATION,HIGH,0.0,Physical progress has shown minimal recent movement.,Prioritise milestone-level review and identify implementation bottlenecks.
617271-PROGRESS_STAGNATION,617271,617271,PROGRESS_STAGNATION,HIGH,0.0066666666666665,Physical progress has shown minimal recent movement.,Prioritise milestone-level review and identify implementation bottlenecks.
617278-PROGRESS_STAGNATION,617278,617278,PROGRESS_STAGNATION,HIGH,0.0166666666666666,Physical progress has shown minimal recent movement.,Prioritise milestone-level review and identify implementation bottlenecks.
617280-PROGRESS_STAGNATION,617280,617280,PROGRESS_STAGNATION,HIGH,0.0,Physical progress has shown minimal recent movement.,Prioritise milestone-level review and identify implementation bottlenecks.
617280-EXPENDITURE_PROGRESS_DIVERGENCE,617280,617280,EXPENDITURE_PROGRESS_DIVERGENCE,HIGH,1083.3978932529271,Expenditure is unusually ahead of physical progress relative to the portfolio.,Review expenditure milestones against physical deliverables.
617280-ANOMALOUS_TRAJECTORY,617280,617280,ANOMALOUS_TRAJECTORY,HIGH,0.1910381034926928,Observed pattern is unusual relative to the current portfolio.,Review the underlying reporting and project milestones.
617288-PROGRESS_STAGNATION,617288,617288,PROGRESS_STAGNATION,HIGH,0.0,Physical progress has shown minimal recent movement.,Prioritise milestone-level review and identify implementation bottlenecks.
617299-EXPENDITURE_PROGRESS_DIVERGENCE,617299,617299,EXPENDITURE_PROGRESS_DIVERGENCE,HIGH,13314.30627344727,Expenditure is unusually ahead of physical progress relative to the portfolio.,Review expenditure milestones against physical deliverables.
617299-ANOMALOUS_TRAJECTORY,617299,617299,ANOMALOUS_TRAJECTORY,HIGH,0.26286585638435467,Observed pattern is unusual relative to the current portfolio.,Review the underlying reporting and project milestones.
617302-COST_ESCALATION,617302,617302,COST_ESCALATION,HIGH,48.44827586206897,Cost escalation is high relative to the current portfolio.,Review revised-cost basis and mitigation plan.
617326-PROGRESS_STAGNATION,617326,617326,PROGRESS_STAGNATION,HIGH,0.1333333333333352,Physical progress has shown minimal recent movement.,Prioritise milestone-level review and identify implementation bottlenecks.
617333-PROGRESS_DETERIORATION,617333,617333,PROGRESS_DETERIORATION,CRITICAL,-0.1666666666666666,Recent physical progress is declining.,Escalate for a milestone and data-quality review.
617333-EXPENDITURE_PROGRESS_DIVERGENCE,617333,617333,EXPENDITURE_PROGRESS_DIVERGENCE,HIGH,32.02640528105621,Expenditure is unusually ahead of physical progress relative to the portfolio.,Review expenditure milestones against physical deliverables.
617345-PROGRESS_STAGNATION,617345,617345,PROGRESS_STAGNATION,HIGH,0.0,Physical progress has shown minimal recent movement.,Prioritise milestone-level review and identify implementation bottlenecks.
617361-PROGRESS_STAGNATION,617361,617361,PROGRESS_STAGNATION,HIGH,0.0,Physical progress has shown minimal recent movement.,Prioritise milestone-level review and identify implementation bottlenecks.
617364-PROGRESS_DETERIORATION,617364,617364,PROGRESS_DETERIORATION,CRITICAL,-3.0,Recent physical progress is declining.,Escalate for a milestone and data-quality review.
617372-PROGRESS_DETERIORATION,617372,617372,PROGRESS_DETERIORATION,CRITICAL,-3.7333333333333343,Recent physical progress is declining.,Escalate for a milestone and data-quality review.
617374-PROGRESS_STAGNATION,617374,617374,PROGRESS_STAGNATION,HIGH,0.0,Physical progress has shown minimal recent movement.,Prioritise milestone-level review and identify implementation bottlenecks.
617379-PROGRESS_STAGNATION,617379,617379,PROGRESS_STAGNATION,HIGH,0.0,Physical progress has shown minimal recent movement.,Prioritise milestone-level review and identify implementation bottlenecks.
617404-EXPENDITURE_PROGRESS_DIVERGENCE,617404,617404,EXPENDITURE_PROGRESS_DIVERGENCE,HIGH,27.289096770783782,Expenditure is unusually ahead of physical progress relative to the portfolio.,Review expenditure milestones against physical deliverables.
617406-PROGRESS_STAGNATION,617406,617406,PROGRESS_STAGNATION,HIGH,0.0,Physical progress has shown minimal recent movement.,Prioritise milestone-level review and identify implementation bottlenecks.
617412-ANOMALOUS_TRAJECTORY,617412,617412,ANOMALOUS_TRAJECTORY,MEDIUM,0.051214016665941275,Observed pattern is unusual relative to the current portfolio.,Review the underlying reporting and project milestones.
617422-PROGRESS_STAGNATION,617422,617422,PROGRESS_STAGNATION,HIGH,0.0333333333333338,Physical progress has shown minimal recent movement.,Prioritise milestone-level review and identify implementation bottlenecks.
617764-PROGRESS_STAGNATION,617764,617764,PROGRESS_STAGNATION,HIGH,0.0,Physical progress has shown minimal recent movement.,Prioritise milestone-level review and identify implementation bottlenecks.
617803-PROGRESS_STAGNATION,617803,617803,PROGRESS_STAGNATION,HIGH,0.0,Physical progress has shown minimal recent movement.,Prioritise milestone-level review and identify implementation bottlenecks.
617808-PROGRESS_STAGNATION,617808,617808,PROGRESS_STAGNATION,HIGH,0.1666666666666666,Physical progress has shown minimal recent movement.,Prioritise milestone-level review and identify implementation bottlenecks.
617818-PROGRESS_DETERIORATION,617818,617818,PROGRESS_DETERIORATION,CRITICAL,-0.0333333333333335,Recent physical progress is declining.,Escalate for a milestone and data-quality review.
617819-PROGRESS_STAGNATION,617819,617819,PROGRESS_STAGNATION,HIGH,0.0,Physical progress has shown minimal recent movement.,Prioritise milestone-level review and identify implementation bottlenecks.
617827-ANOMALOUS_TRAJECTORY,617827,617827,ANOMALOUS_TRAJECTORY,MEDIUM,0.01971290840623341,Observed pattern is unusual relative to the current portfolio.,Review the underlying reporting and project milestones.
617832-PROGRESS_STAGNATION,617832,617832,PROGRESS_STAGNATION,HIGH,0.0,Physical progress has shown minimal recent movement.,Prioritise milestone-level review and identify implementation bottlenecks.
617877-PROGRESS_STAGNATION,617877,617877,PROGRESS_STAGNATION,HIGH,0.0,Physical progress has shown minimal recent movement.,Prioritise milestone-level review and identify implementation bottlenecks.
617878-PROGRESS_STAGNATION,617878,617878,PROGRESS_STAGNATION,HIGH,0.0,Physical progress has shown minimal recent movement.,Prioritise milestone-level review and identify implementation bottlenecks.
617880-DATA_QUALITY_REVIEW,617880,617880,DATA_QUALITY_REVIEW,LOW,32.9,Evidence is insufficient for a dependable risk assessment.,Validate project identity and missing monitoring fields.
617882-ANOMALOUS_TRAJECTORY,617882,617882,ANOMALOUS_TRAJECTORY,MEDIUM,0.012112162404307236,Observed pattern is unusual relative to the current portfolio.,Review the underlying reporting and project milestones.
617883-PROGRESS_DETERIORATION,617883,617883,PROGRESS_DETERIORATION,CRITICAL,-1.3333333333333333,Recent physical progress is declining.,Escalate for a milestone and data-quality review.
617885-PROGRESS_STAGNATION,617885,617885,PROGRESS_STAGNATION,HIGH,0.1733333333333367,Physical progress has shown minimal recent movement.,Prioritise milestone-level review and identify implementation bottlenecks.
617886-PROGRESS_STAGNATION,617886,617886,PROGRESS_STAGNATION,HIGH,0.0,Physical progress has shown minimal recent movement.,Prioritise milestone-level review and identify implementation bottlenecks.
617888-PROGRESS_STAGNATION,617888,617888,PROGRESS_STAGNATION,HIGH,0.0,Physical progress has shown minimal recent movement.,Prioritise milestone-level review and identify implementation bottlenecks.
617891-PROGRESS_STAGNATION,617891,617891,PROGRESS_STAGNATION,HIGH,0.0,Physical progress has shown minimal recent movement.,Prioritise milestone-level review and identify implementation bottlenecks.
617892-PROGRESS_STAGNATION,617892,617892,PROGRESS_STAGNATION,HIGH,0.0,Physical progress has shown minimal recent movement.,Prioritise milestone-level review and identify implementation bottlenecks.
617893-PROGRESS_STAGNATION,617893,617893,PROGRESS_STAGNATION,HIGH,0.0,Physical progress has shown minimal recent movement.,Prioritise milestone-level review and identify implementation bottlenecks.
617898-PROGRESS_STAGNATION,617898,617898,PROGRESS_STAGNATION,HIGH,0.0,Physical progress has shown minimal recent movement.,Prioritise milestone-level review and identify implementation bottlenecks.
617899-PROGRESS_STAGNATION,617899,617899,PROGRESS_STAGNATION,HIGH,0.0,Physical progress has shown minimal recent movement.,Prioritise milestone-level review and identify implementation bottlenecks.
617901-PROGRESS_STAGNATION,617901,617901,PROGRESS_STAGNATION,HIGH,0.0,Physical progress has shown minimal recent movement.,Prioritise milestone-level review and identify implementation bottlenecks.
617904-PROGRESS_STAGNATION,617904,617904,PROGRESS_STAGNATION,HIGH,0.0,Physical progress has shown minimal recent movement.,Prioritise milestone-level review and identify implementation bottlenecks.
617906-PROGRESS_STAGNATION,617906,617906,PROGRESS_STAGNATION,HIGH,0.0,Physical progress has shown minimal recent movement.,Prioritise milestone-level review and identify implementation bottlenecks.
617909-PROGRESS_STAGNATION,617909,617909,PROGRESS_STAGNATION,HIGH,0.0,Physical progress has shown minimal recent movement.,Prioritise milestone-level review and identify implementation bottlenecks.
617911-PROGRESS_STAGNATION,617911,617911,PROGRESS_STAGNATION,HIGH,0.0,Physical progress has shown minimal recent movement.,Prioritise milestone-level review and identify implementation bottlenecks.
617913-PROGRESS_STAGNATION,617913,617913,PROGRESS_STAGNATION,HIGH,0.0,Physical progress has shown minimal recent movement.,Prioritise milestone-level review and identify implementation bottlenecks.
617913-EXPENDITURE_PROGRESS_DIVERGENCE,617913,617913,EXPENDITURE_PROGRESS_DIVERGENCE,HIGH,67.14388427003661,Expenditure is unusually ahead of physical progress relative to the portfolio.,Review expenditure milestones against physical deliverables.
617917-PROGRESS_STAGNATION,617917,617917,PROGRESS_STAGNATION,HIGH,0.0,Physical progress has shown minimal recent movement.,Prioritise milestone-level review and identify implementation bottlenecks.
617919-PROGRESS_STAGNATION,617919,617919,PROGRESS_STAGNATION,HIGH,0.0,Physical progress has shown minimal recent movement.,Prioritise milestone-level review and identify implementation bottlenecks.
617920-PROGRESS_STAGNATION,617920,617920,PROGRESS_STAGNATION,HIGH,0.0,Physical progress has shown minimal recent movement.,Prioritise milestone-level review and identify implementation bottlenecks.
617928-PROGRESS_STAGNATION,617928,617928,PROGRESS_STAGNATION,HIGH,0.0,Physical progress has shown minimal recent movement.,Prioritise milestone-level review and identify implementation bottlenecks.
617929-PROGRESS_STAGNATION,617929,617929,PROGRESS_STAGNATION,HIGH,0.0,Physical progress has shown minimal recent movement.,Prioritise milestone-level review and identify implementation bottlenecks.
617930-PROGRESS_DETERIORATION,617930,617930,PROGRESS_DETERIORATION,CRITICAL,-1.6666666666666667,Recent physical progress is declining.,Escalate for a milestone and data-quality review.
617932-PROGRESS_STAGNATION,617932,617932,PROGRESS_STAGNATION,HIGH,0.0,Physical progress has shown minimal recent movement.,Prioritise milestone-level review and identify implementation bottlenecks.
617934-PROGRESS_STAGNATION,617934,617934,PROGRESS_STAGNATION,HIGH,0.0,Physical progress has shown minimal recent movement.,Prioritise milestone-level review and identify implementation bottlenecks.
617934-EXPENDITURE_PROGRESS_DIVERGENCE,617934,617934,EXPENDITURE_PROGRESS_DIVERGENCE,HIGH,34.09555369705319,Expenditure is unusually ahead of physical progress relative to the portfolio.,Review expenditure milestones against physical deliverables.
617936-PROGRESS_STAGNATION,617936,617936,PROGRESS_STAGNATION,HIGH,0.0,Physical progress has shown minimal recent movement.,Prioritise milestone-level review and identify implementation bottlenecks.
617944-PROGRESS_STAGNATION,617944,617944,PROGRESS_STAGNATION,HIGH,0.1233333333333348,Physical progress has shown minimal recent movement.,Prioritise milestone-level review and identify implementation bottlenecks.
617946-PROGRESS_STAGNATION,617946,617946,PROGRESS_STAGNATION,HIGH,0.0,Physical progress has shown minimal recent movement.,Prioritise milestone-level review and identify implementation bottlenecks.
617947-PROGRESS_STAGNATION,617947,617947,PROGRESS_STAGNATION,HIGH,0.0,Physical progress has shown minimal recent movement.,Prioritise milestone-level review and identify implementation bottlenecks.
617948-PROGRESS_STAGNATION,617948,617948,PROGRESS_STAGNATION,HIGH,0.0,Physical progress has shown minimal recent movement.,Prioritise milestone-level review and identify implementation bottlenecks.
617948-COST_ESCALATION,617948,617948,COST_ESCALATION,HIGH,80.7702974726012,Cost escalation is high relative to the current portfolio.,Review revised-cost basis and mitigation plan.
617949-PROGRESS_STAGNATION,617949,617949,PROGRESS_STAGNATION,HIGH,0.0,Physical progress has shown minimal recent movement.,Prioritise milestone-level review and identify implementation bottlenecks.
617958-PROGRESS_DETERIORATION,617958,617958,PROGRESS_DETERIORATION,CRITICAL,-7.263333333333335,Recent physical progress is declining.,Escalate for a milestone and data-quality review.
617959-PROGRESS_STAGNATION,617959,617959,PROGRESS_STAGNATION,HIGH,0.2199999999999988,Physical progress has shown minimal recent movement.,Prioritise milestone-level review and identify implementation bottlenecks.
617961-PROGRESS_STAGNATION,617961,617961,PROGRESS_STAGNATION,HIGH,0.0,Physical progress has shown minimal recent movement.,Prioritise milestone-level review and identify implementation bottlenecks.
617961-COST_ESCALATION,617961,617961,COST_ESCALATION,HIGH,51.76633424424176,Cost escalation is high relative to the current portfolio.,Review revised-cost basis and mitigation plan.
617966-PROGRESS_STAGNATION,617966,617966,PROGRESS_STAGNATION,HIGH,0.0,Physical progress has shown minimal recent movement.,Prioritise milestone-level review and identify implementation bottlenecks.
617967-PROGRESS_STAGNATION,617967,617967,PROGRESS_STAGNATION,HIGH,0.0,Physical progress has shown minimal recent movement.,Prioritise milestone-level review and identify implementation bottlenecks.
617968-PROGRESS_STAGNATION,617968,617968,PROGRESS_STAGNATION,HIGH,0.0,Physical progress has shown minimal recent movement.,Prioritise milestone-level review and identify implementation bottlenecks.
617970-PROGRESS_STAGNATION,617970,617970,PROGRESS_STAGNATION,HIGH,0.0,Physical progress has shown minimal recent movement.,Prioritise milestone-level review and identify implementation bottlenecks.
617972-PROGRESS_STAGNATION,617972,617972,PROGRESS_STAGNATION,HIGH,0.0,Physical progress has shown minimal recent movement.,Prioritise milestone-level review and identify implementation bottlenecks.
617973-PROGRESS_STAGNATION,617973,617973,PROGRESS_STAGNATION,HIGH,0.0,Physical progress has shown minimal recent movement.,Prioritise milestone-level review and identify implementation bottlenecks.
617974-ANOMALOUS_TRAJECTORY,617974,617974,ANOMALOUS_TRAJECTORY,MEDIUM,0.009061601637343097,Observed pattern is unusual relative to the current portfolio.,Review the underlying reporting and project milestones.
617975-PROGRESS_STAGNATION,617975,617975,PROGRESS_STAGNATION,HIGH,0.0,Physical progress has shown minimal recent movement.,Prioritise milestone-level review and identify implementation bottlenecks.
617977-PROGRESS_STAGNATION,617977,617977,PROGRESS_STAGNATION,HIGH,0.1833333333333323,Physical progress has shown minimal recent movement.,Prioritise milestone-level review and identify implementation bottlenecks.
617982-PROGRESS_STAGNATION,617982,617982,PROGRESS_STAGNATION,HIGH,0.0,Physical progress has shown minimal recent movement.,Prioritise milestone-level review and identify implementation bottlenecks.
617991-PROGRESS_STAGNATION,617991,617991,PROGRESS_STAGNATION,HIGH,0.0,Physical progress has shown minimal recent movement.,Prioritise milestone-level review and identify implementation bottlenecks.
617992-PROGRESS_STAGNATION,617992,617992,PROGRESS_STAGNATION,HIGH,0.0466666666666668,Physical progress has shown minimal recent movement.,Prioritise milestone-level review and identify implementation bottlenecks.
617993-PROGRESS_STAGNATION,617993,617993,PROGRESS_STAGNATION,HIGH,0.2466666666666649,Physical progress has shown minimal recent movement.,Prioritise milestone-level review and identify implementation bottlenecks.
617994-PROGRESS_STAGNATION,617994,617994,PROGRESS_STAGNATION,HIGH,0.0,Physical progress has shown minimal recent movement.,Prioritise milestone-level review and identify implementation bottlenecks.
617995-PROGRESS_STAGNATION,617995,617995,PROGRESS_STAGNATION,HIGH,0.0,Physical progress has shown minimal recent movement.,Prioritise milestone-level review and identify implementation bottlenecks.
617996-PROGRESS_STAGNATION,617996,617996,PROGRESS_STAGNATION,HIGH,0.1999999999999981,Physical progress has shown minimal recent movement.,Prioritise milestone-level review and identify implementation bottlenecks.
618001-PROGRESS_STAGNATION,618001,618001,PROGRESS_STAGNATION,HIGH,0.0,Physical progress has shown minimal recent movement.,Prioritise milestone-level review and identify implementation bottlenecks.
618002-PROGRESS_STAGNATION,618002,618002,PROGRESS_STAGNATION,HIGH,0.0,Physical progress has shown minimal recent movement.,Prioritise milestone-level review and identify implementation bottlenecks.
618005-PROGRESS_STAGNATION,618005,618005,PROGRESS_STAGNATION,HIGH,0.0,Physical progress has shown minimal recent movement.,Prioritise milestone-level review and identify implementation bottlenecks.
618007-PROGRESS_STAGNATION,618007,618007,PROGRESS_STAGNATION,HIGH,0.0,Physical progress has shown minimal recent movement.,Prioritise milestone-level review and identify implementation bottlenecks.
618008-PROGRESS_STAGNATION,618008,618008,PROGRESS_STAGNATION,HIGH,0.0,Physical progress has shown minimal recent movement.,Prioritise milestone-level review and identify implementation bottlenecks.
618009-PROGRESS_STAGNATION,618009,618009,PROGRESS_STAGNATION,HIGH,0.0,Physical progress has shown minimal recent movement.,Prioritise milestone-level review and identify implementation bottlenecks.
618010-PROGRESS_STAGNATION,618010,618010,PROGRESS_STAGNATION,HIGH,0.0,Physical progress has shown minimal recent movement.,Prioritise milestone-level review and identify implementation bottlenecks.
618012-PROGRESS_STAGNATION,618012,618012,PROGRESS_STAGNATION,HIGH,0.0,Physical progress has shown minimal recent movement.,Prioritise milestone-level review and identify implementation bottlenecks.
618017-PROGRESS_STAGNATION,618017,618017,PROGRESS_STAGNATION,HIGH,0.0,Physical progress has shown minimal recent movement.,Prioritise milestone-level review and identify implementation bottlenecks.
618024-PROGRESS_STAGNATION,618024,618024,PROGRESS_STAGNATION,HIGH,0.0,Physical progress has shown minimal recent movement.,Prioritise milestone-level review and identify implementation bottlenecks.
618025-PROGRESS_STAGNATION,618025,618025,PROGRESS_STAGNATION,HIGH,0.0,Physical progress has shown minimal recent movement.,Prioritise milestone-level review and identify implementation bottlenecks.
618030-PROGRESS_STAGNATION,618030,618030,PROGRESS_STAGNATION,HIGH,0.0,Physical progress has shown minimal recent movement.,Prioritise milestone-level review and identify implementation bottlenecks.
618033-PROGRESS_STAGNATION,618033,618033,PROGRESS_STAGNATION,HIGH,0.0,Physical progress has shown minimal recent movement.,Prioritise milestone-level review and identify implementation bottlenecks.
618034-PROGRESS_STAGNATION,618034,618034,PROGRESS_STAGNATION,HIGH,0.0,Physical progress has shown minimal recent movement.,Prioritise milestone-level review and identify implementation bottlenecks.
618038-PROGRESS_STAGNATION,618038,618038,PROGRESS_STAGNATION,HIGH,0.0,Physical progress has shown minimal recent movement.,Prioritise milestone-level review and identify implementation bottlenecks.
618040-PROGRESS_STAGNATION,618040,618040,PROGRESS_STAGNATION,HIGH,0.0,Physical progress has shown minimal recent movement.,Prioritise milestone-level review and identify implementation bottlenecks.
618041-PROGRESS_STAGNATION,618041,618041,PROGRESS_STAGNATION,HIGH,0.0,Physical progress has shown minimal recent movement.,Prioritise milestone-level review and identify implementation bottlenecks.
618043-PROGRESS_STAGNATION,618043,618043,PROGRESS_STAGNATION,HIGH,0.1666666666666666,Physical progress has shown minimal recent movement.,Prioritise milestone-level review and identify implementation bottlenecks.
618044-PROGRESS_STAGNATION,618044,618044,PROGRESS_STAGNATION,HIGH,0.0,Physical progress has shown minimal recent movement.,Prioritise milestone-level review and identify implementation bottlenecks.
618045-PROGRESS_STAGNATION,618045,618045,PROGRESS_STAGNATION,HIGH,0.0,Physical progress has shown minimal recent movement.,Prioritise milestone-level review and identify implementation bottlenecks.
618050-PROGRESS_STAGNATION,618050,618050,PROGRESS_STAGNATION,HIGH,0.0533333333333322,Physical progress has shown minimal recent movement.,Prioritise milestone-level review and identify implementation bottlenecks.
618051-DATA_QUALITY_REVIEW,618051,618051,DATA_QUALITY_REVIEW,LOW,28.6,Evidence is insufficient for a dependable risk assessment.,Validate project identity and missing monitoring fields.
618059-PROGRESS_STAGNATION,618059,618059,PROGRESS_STAGNATION,HIGH,0.0,Physical progress has shown minimal recent movement.,Prioritise milestone-level review and identify implementation bottlenecks.
618064-PROGRESS_STAGNATION,618064,618064,PROGRESS_STAGNATION,HIGH,0.0,Physical progress has shown minimal recent movement.,Prioritise milestone-level review and identify implementation bottlenecks.
618070-PROGRESS_STAGNATION,618070,618070,PROGRESS_STAGNATION,HIGH,0.0,Physical progress has shown minimal recent movement.,Prioritise milestone-level review and identify implementation bottlenecks.
618072-PROGRESS_STAGNATION,618072,618072,PROGRESS_STAGNATION,HIGH,0.0,Physical progress has shown minimal recent movement.,Prioritise milestone-level review and identify implementation bottlenecks.
618078-PROGRESS_STAGNATION,618078,618078,PROGRESS_STAGNATION,HIGH,0.0,Physical progress has shown minimal recent movement.,Prioritise milestone-level review and identify implementation bottlenecks.
618079-PROGRESS_STAGNATION,618079,618079,PROGRESS_STAGNATION,HIGH,0.0,Physical progress has shown minimal recent movement.,Prioritise milestone-level review and identify implementation bottlenecks.
618089-PROGRESS_STAGNATION,618089,618089,PROGRESS_STAGNATION,HIGH,0.0,Physical progress has shown minimal recent movement.,Prioritise milestone-level review and identify implementation bottlenecks.
618090-PROGRESS_STAGNATION,618090,618090,PROGRESS_STAGNATION,HIGH,0.0833333333333333,Physical progress has shown minimal recent movement.,Prioritise milestone-level review and identify implementation bottlenecks.
618093-PROGRESS_STAGNATION,618093,618093,PROGRESS_STAGNATION,HIGH,0.0,Physical progress has shown minimal recent movement.,Prioritise milestone-level review and identify implementation bottlenecks.
618094-PROGRESS_STAGNATION,618094,618094,PROGRESS_STAGNATION,HIGH,0.0,Physical progress has shown minimal recent movement.,Prioritise milestone-level review and identify implementation bottlenecks.
618095-ANOMALOUS_TRAJECTORY,618095,618095,ANOMALOUS_TRAJECTORY,MEDIUM,0.01532984211702676,Observed pattern is unusual relative to the current portfolio.,Review the underlying reporting and project milestones.
618096-PROGRESS_STAGNATION,618096,618096,PROGRESS_STAGNATION,HIGH,0.0,Physical progress has shown minimal recent movement.,Prioritise milestone-level review and identify implementation bottlenecks.
618097-PROGRESS_STAGNATION,618097,618097,PROGRESS_STAGNATION,HIGH,0.0,Physical progress has shown minimal recent movement.,Prioritise milestone-level review and identify implementation bottlenecks.
618098-PROGRESS_STAGNATION,618098,618098,PROGRESS_STAGNATION,HIGH,0.0,Physical progress has shown minimal recent movement.,Prioritise milestone-level review and identify implementation bottlenecks.
618099-PROGRESS_STAGNATION,618099,618099,PROGRESS_STAGNATION,HIGH,0.0,Physical progress has shown minimal recent movement.,Prioritise milestone-level review and identify implementation bottlenecks.
618106-PROGRESS_STAGNATION,618106,618106,PROGRESS_STAGNATION,HIGH,0.0,Physical progress has shown minimal recent movement.,Prioritise milestone-level review and identify implementation bottlenecks.
618110-PROGRESS_STAGNATION,618110,618110,PROGRESS_STAGNATION,HIGH,0.0,Physical progress has shown minimal recent movement.,Prioritise milestone-level review and identify implementation bottlenecks.
618117-PROGRESS_STAGNATION,618117,618117,PROGRESS_STAGNATION,HIGH,0.0,Physical progress has shown minimal recent movement.,Prioritise milestone-level review and identify implementation bottlenecks.
618118-PROGRESS_STAGNATION,618118,618118,PROGRESS_STAGNATION,HIGH,0.0,Physical progress has shown minimal recent movement.,Prioritise milestone-level review and identify implementation bottlenecks.
618121-PROGRESS_STAGNATION,618121,618121,PROGRESS_STAGNATION,HIGH,0.0,Physical progress has shown minimal recent movement.,Prioritise milestone-level review and identify implementation bottlenecks.
618123-PROGRESS_STAGNATION,618123,618123,PROGRESS_STAGNATION,HIGH,0.0033333333333333,Physical progress has shown minimal recent movement.,Prioritise milestone-level review and identify implementation bottlenecks.
618125-PROGRESS_STAGNATION,618125,618125,PROGRESS_STAGNATION,HIGH,0.0,Physical progress has shown minimal recent movement.,Prioritise milestone-level review and identify implementation bottlenecks.
618126-PROGRESS_STAGNATION,618126,618126,PROGRESS_STAGNATION,HIGH,0.25,Physical progress has shown minimal recent movement.,Prioritise milestone-level review and identify implementation bottlenecks.
618132-PROGRESS_STAGNATION,618132,618132,PROGRESS_STAGNATION,HIGH,0.1899999999999977,Physical progress has shown minimal recent movement.,Prioritise milestone-level review and identify implementation bottlenecks.
618139-PROGRESS_STAGNATION,618139,618139,PROGRESS_STAGNATION,HIGH,0.0,Physical progress has shown minimal recent movement.,Prioritise milestone-level review and identify implementation bottlenecks.
618143-PROGRESS_STAGNATION,618143,618143,PROGRESS_STAGNATION,HIGH,0.2466666666666649,Physical progress has shown minimal recent movement.,Prioritise milestone-level review and identify implementation bottlenecks.
618144-PROGRESS_STAGNATION,618144,618144,PROGRESS_STAGNATION,HIGH,0.0,Physical progress has shown minimal recent movement.,Prioritise milestone-level review and identify implementation bottlenecks.
618149-ANOMALOUS_TRAJECTORY,618149,618149,ANOMALOUS_TRAJECTORY,MEDIUM,0.030404231804426196,Observed pattern is unusual relative to the current portfolio.,Review the underlying reporting and project milestones.
618150-PROGRESS_STAGNATION,618150,618150,PROGRESS_STAGNATION,HIGH,0.0,Physical progress has shown minimal recent movement.,Prioritise milestone-level review and identify implementation bottlenecks.
618152-PROGRESS_STAGNATION,618152,618152,PROGRESS_STAGNATION,HIGH,0.0,Physical progress has shown minimal recent movement.,Prioritise milestone-level review and identify implementation bottlenecks.
618153-PROGRESS_STAGNATION,618153,618153,PROGRESS_STAGNATION,HIGH,0.0,Physical progress has shown minimal recent movement.,Prioritise milestone-level review and identify implementation bottlenecks.
618154-PROGRESS_STAGNATION,618154,618154,PROGRESS_STAGNATION,HIGH,0.0,Physical progress has shown minimal recent movement.,Prioritise milestone-level review and identify implementation bottlenecks.
618161-PROGRESS_STAGNATION,618161,618161,PROGRESS_STAGNATION,HIGH,0.1500000000000009,Physical progress has shown minimal recent movement.,Prioritise milestone-level review and identify implementation bottlenecks.
618164-ANOMALOUS_TRAJECTORY,618164,618164,ANOMALOUS_TRAJECTORY,MEDIUM,0.0007453300916523964,Observed pattern is unusual relative to the current portfolio.,Review the underlying reporting and project milestones.
618168-PROGRESS_STAGNATION,618168,618168,PROGRESS_STAGNATION,HIGH,0.0,Physical progress has shown minimal recent movement.,Prioritise milestone-level review and identify implementation bottlenecks.
618172-PROGRESS_STAGNATION,618172,618172,PROGRESS_STAGNATION,HIGH,0.0,Physical progress has shown minimal recent movement.,Prioritise milestone-level review and identify implementation bottlenecks.
618173-PROGRESS_STAGNATION,618173,618173,PROGRESS_STAGNATION,HIGH,0.0,Physical progress has shown minimal recent movement.,Prioritise milestone-level review and identify implementation bottlenecks.
618174-PROGRESS_STAGNATION,618174,618174,PROGRESS_STAGNATION,HIGH,0.0,Physical progress has shown minimal recent movement.,Prioritise milestone-level review and identify implementation bottlenecks.
618175-PROGRESS_STAGNATION,618175,618175,PROGRESS_STAGNATION,HIGH,0.0,Physical progress has shown minimal recent movement.,Prioritise milestone-level review and identify implementation bottlenecks.
618177-PROGRESS_DETERIORATION,618177,618177,PROGRESS_DETERIORATION,CRITICAL,-1.2866666666666664,Recent physical progress is declining.,Escalate for a milestone and data-quality review.
618178-PROGRESS_STAGNATION,618178,618178,PROGRESS_STAGNATION,HIGH,0.0,Physical progress has shown minimal recent movement.,Prioritise milestone-level review and identify implementation bottlenecks.
618180-PROGRESS_STAGNATION,618180,618180,PROGRESS_STAGNATION,HIGH,0.0,Physical progress has shown minimal recent movement.,Prioritise milestone-level review and identify implementation bottlenecks.
618181-PROGRESS_STAGNATION,618181,618181,PROGRESS_STAGNATION,HIGH,0.0,Physical progress has shown minimal recent movement.,Prioritise milestone-level review and identify implementation bottlenecks.
618188-PROGRESS_STAGNATION,618188,618188,PROGRESS_STAGNATION,HIGH,0.0833333333333333,Physical progress has shown minimal recent movement.,Prioritise milestone-level review and identify implementation bottlenecks.
618190-PROGRESS_STAGNATION,618190,618190,PROGRESS_STAGNATION,HIGH,0.0,Physical progress has shown minimal recent movement.,Prioritise milestone-level review and identify implementation bottlenecks.
618194-PROGRESS_STAGNATION,618194,618194,PROGRESS_STAGNATION,HIGH,0.0,Physical progress has shown minimal recent movement.,Prioritise milestone-level review and identify implementation bottlenecks.
618196-PROGRESS_STAGNATION,618196,618196,PROGRESS_STAGNATION,HIGH,0.0,Physical progress has shown minimal recent movement.,Prioritise milestone-level review and identify implementation bottlenecks.
618197-PROGRESS_STAGNATION,618197,618197,PROGRESS_STAGNATION,HIGH,0.0,Physical progress has shown minimal recent movement.,Prioritise milestone-level review and identify implementation bottlenecks.
618198-PROGRESS_STAGNATION,618198,618198,PROGRESS_STAGNATION,HIGH,0.023333333333331,Physical progress has shown minimal recent movement.,Prioritise milestone-level review and identify implementation bottlenecks.
618204-PROGRESS_STAGNATION,618204,618204,PROGRESS_STAGNATION,HIGH,0.0,Physical progress has shown minimal recent movement.,Prioritise milestone-level review and identify implementation bottlenecks.
618207-PROGRESS_STAGNATION,618207,618207,PROGRESS_STAGNATION,HIGH,0.0833333333333333,Physical progress has shown minimal recent movement.,Prioritise milestone-level review and identify implementation bottlenecks.
618208-PROGRESS_STAGNATION,618208,618208,PROGRESS_STAGNATION,HIGH,0.0,Physical progress has shown minimal recent movement.,Prioritise milestone-level review and identify implementation bottlenecks.
618210-PROGRESS_STAGNATION,618210,618210,PROGRESS_STAGNATION,HIGH,0.0,Physical progress has shown minimal recent movement.,Prioritise milestone-level review and identify implementation bottlenecks.
618213-PROGRESS_STAGNATION,618213,618213,PROGRESS_STAGNATION,HIGH,0.0,Physical progress has shown minimal recent movement.,Prioritise milestone-level review and identify implementation bottlenecks.
618214-PROGRESS_STAGNATION,618214,618214,PROGRESS_STAGNATION,HIGH,0.0,Physical progress has shown minimal recent movement.,Prioritise milestone-level review and identify implementation bottlenecks.
618215-PROGRESS_STAGNATION,618215,618215,PROGRESS_STAGNATION,HIGH,0.0,Physical progress has shown minimal recent movement.,Prioritise milestone-level review and identify implementation bottlenecks.
618216-PROGRESS_STAGNATION,618216,618216,PROGRESS_STAGNATION,HIGH,0.0,Physical progress has shown minimal recent movement.,Prioritise milestone-level review and identify implementation bottlenecks.
618224-PROGRESS_STAGNATION,618224,618224,PROGRESS_STAGNATION,HIGH,0.0299999999999964,Physical progress has shown minimal recent movement.,Prioritise milestone-level review and identify implementation bottlenecks.
618225-PROGRESS_STAGNATION,618225,618225,PROGRESS_STAGNATION,HIGH,0.0500000000000019,Physical progress has shown minimal recent movement.,Prioritise milestone-level review and identify implementation bottlenecks.
618229-PROGRESS_STAGNATION,618229,618229,PROGRESS_STAGNATION,HIGH,0.0,Physical progress has shown minimal recent movement.,Prioritise milestone-level review and identify implementation bottlenecks.
618236-PROGRESS_STAGNATION,618236,618236,PROGRESS_STAGNATION,HIGH,0.0,Physical progress has shown minimal recent movement.,Prioritise milestone-level review and identify implementation bottlenecks.
618237-PROGRESS_STAGNATION,618237,618237,PROGRESS_STAGNATION,HIGH,0.1333333333333352,Physical progress has shown minimal recent movement.,Prioritise milestone-level review and identify implementation bottlenecks.
618238-PROGRESS_STAGNATION,618238,618238,PROGRESS_STAGNATION,HIGH,0.0,Physical progress has shown minimal recent movement.,Prioritise milestone-level review and identify implementation bottlenecks.
618239-PROGRESS_STAGNATION,618239,618239,PROGRESS_STAGNATION,HIGH,0.0,Physical progress has shown minimal recent movement.,Prioritise milestone-level review and identify implementation bottlenecks.
618253-PROGRESS_STAGNATION,618253,618253,PROGRESS_STAGNATION,HIGH,0.0,Physical progress has shown minimal recent movement.,Prioritise milestone-level review and identify implementation bottlenecks.
618254-PROGRESS_STAGNATION,618254,618254,PROGRESS_STAGNATION,HIGH,0.0,Physical progress has shown minimal recent movement.,Prioritise milestone-level review and identify implementation bottlenecks.
618257-PROGRESS_DETERIORATION,618257,618257,PROGRESS_DETERIORATION,CRITICAL,-0.6366666666666655,Recent physical progress is declining.,Escalate for a milestone and data-quality review.
618258-PROGRESS_STAGNATION,618258,618258,PROGRESS_STAGNATION,HIGH,0.1666666666666666,Physical progress has shown minimal recent movement.,Prioritise milestone-level review and identify implementation bottlenecks.
618259-PROGRESS_STAGNATION,618259,618259,PROGRESS_STAGNATION,HIGH,0.0,Physical progress has shown minimal recent movement.,Prioritise milestone-level review and identify implementation bottlenecks.
618262-PROGRESS_STAGNATION,618262,618262,PROGRESS_STAGNATION,HIGH,0.0,Physical progress has shown minimal recent movement.,Prioritise milestone-level review and identify implementation bottlenecks.
618263-PROGRESS_STAGNATION,618263,618263,PROGRESS_STAGNATION,HIGH,0.0,Physical progress has shown minimal recent movement.,Prioritise milestone-level review and identify implementation bottlenecks.
618285-PROGRESS_STAGNATION,618285,618285,PROGRESS_STAGNATION,HIGH,0.0,Physical progress has shown minimal recent movement.,Prioritise milestone-level review and identify implementation bottlenecks.
618287-PROGRESS_STAGNATION,618287,618287,PROGRESS_STAGNATION,HIGH,0.0,Physical progress has shown minimal recent movement.,Prioritise milestone-level review and identify implementation bottlenecks.
618289-PROGRESS_STAGNATION,618289,618289,PROGRESS_STAGNATION,HIGH,0.0,Physical progress has shown minimal recent movement.,Prioritise milestone-level review and identify implementation bottlenecks.
618291-COST_ESCALATION,618291,618291,COST_ESCALATION,HIGH,114.13199874882704,Cost escalation is high relative to the current portfolio.,Review revised-cost basis and mitigation plan.
618292-PROGRESS_DETERIORATION,618292,618292,PROGRESS_DETERIORATION,CRITICAL,-0.019999999999996,Recent physical progress is declining.,Escalate for a milestone and data-quality review.
618293-COST_ESCALATION,618293,618293,COST_ESCALATION,HIGH,51.052563605837534,Cost escalation is high relative to the current portfolio.,Review revised-cost basis and mitigation plan.
618298-EXPENDITURE_PROGRESS_DIVERGENCE,618298,618298,EXPENDITURE_PROGRESS_DIVERGENCE,HIGH,33.91541332073693,Expenditure is unusually ahead of physical progress relative to the portfolio.,Review expenditure milestones against physical deliverables.
618300-PROGRESS_STAGNATION,618300,618300,PROGRESS_STAGNATION,HIGH,0.0266666666666661,Physical progress has shown minimal recent movement.,Prioritise milestone-level review and identify implementation bottlenecks.
618301-PROGRESS_STAGNATION,618301,618301,PROGRESS_STAGNATION,HIGH,0.0633333333333349,Physical progress has shown minimal recent movement.,Prioritise milestone-level review and identify implementation bottlenecks.
618303-PROGRESS_STAGNATION,618303,618303,PROGRESS_STAGNATION,HIGH,0.0366666666666664,Physical progress has shown minimal recent movement.,Prioritise milestone-level review and identify implementation bottlenecks.
618304-EXPENDITURE_PROGRESS_DIVERGENCE,618304,618304,EXPENDITURE_PROGRESS_DIVERGENCE,HIGH,50.065456971314205,Expenditure is unusually ahead of physical progress relative to the portfolio.,Review expenditure milestones against physical deliverables.
618306-PROGRESS_STAGNATION,618306,618306,PROGRESS_STAGNATION,HIGH,0.1399999999999999,Physical progress has shown minimal recent movement.,Prioritise milestone-level review and identify implementation bottlenecks.
618308-PROGRESS_STAGNATION,618308,618308,PROGRESS_STAGNATION,HIGH,0.0,Physical progress has shown minimal recent movement.,Prioritise milestone-level review and identify implementation bottlenecks.
618313-ANOMALOUS_TRAJECTORY,618313,618313,ANOMALOUS_TRAJECTORY,MEDIUM,0.022315334119514862,Observed pattern is unusual relative to the current portfolio.,Review the underlying reporting and project milestones.
618316-PROGRESS_STAGNATION,618316,618316,PROGRESS_STAGNATION,HIGH,0.0,Physical progress has shown minimal recent movement.,Prioritise milestone-level review and identify implementation bottlenecks.
618316-EXPENDITURE_PROGRESS_DIVERGENCE,618316,618316,EXPENDITURE_PROGRESS_DIVERGENCE,HIGH,30.57606911007549,Expenditure is unusually ahead of physical progress relative to the portfolio.,Review expenditure milestones against physical deliverables.
618317-PROGRESS_STAGNATION,618317,618317,PROGRESS_STAGNATION,HIGH,0.0,Physical progress has shown minimal recent movement.,Prioritise milestone-level review and identify implementation bottlenecks.
618317-EXPENDITURE_PROGRESS_DIVERGENCE,618317,618317,EXPENDITURE_PROGRESS_DIVERGENCE,HIGH,22.74225552134684,Expenditure is unusually ahead of physical progress relative to the portfolio.,Review expenditure milestones against physical deliverables.
618318-PROGRESS_STAGNATION,618318,618318,PROGRESS_STAGNATION,HIGH,0.0,Physical progress has shown minimal recent movement.,Prioritise milestone-level review and identify implementation bottlenecks.
618318-EXPENDITURE_PROGRESS_DIVERGENCE,618318,618318,EXPENDITURE_PROGRESS_DIVERGENCE,HIGH,24.21023875624654,Expenditure is unusually ahead of physical progress relative to the portfolio.,Review expenditure milestones against physical deliverables.
618319-PROGRESS_STAGNATION,618319,618319,PROGRESS_STAGNATION,HIGH,0.0,Physical progress has shown minimal recent movement.,Prioritise milestone-level review and identify implementation bottlenecks.
618319-EXPENDITURE_PROGRESS_DIVERGENCE,618319,618319,EXPENDITURE_PROGRESS_DIVERGENCE,HIGH,25.075517501888694,Expenditure is unusually ahead of physical progress relative to the portfolio.,Review expenditure milestones against physical deliverables.
618320-PROGRESS_STAGNATION,618320,618320,PROGRESS_STAGNATION,HIGH,0.0,Physical progress has shown minimal recent movement.,Prioritise milestone-level review and identify implementation bottlenecks.
618321-PROGRESS_STAGNATION,618321,618321,PROGRESS_STAGNATION,HIGH,0.0,Physical progress has shown minimal recent movement.,Prioritise milestone-level review and identify implementation bottlenecks.
618323-PROGRESS_STAGNATION,618323,618323,PROGRESS_STAGNATION,HIGH,0.0,Physical progress has shown minimal recent movement.,Prioritise milestone-level review and identify implementation bottlenecks.
618324-PROGRESS_STAGNATION,618324,618324,PROGRESS_STAGNATION,HIGH,0.0,Physical progress has shown minimal recent movement.,Prioritise milestone-level review and identify implementation bottlenecks.
618325-PROGRESS_STAGNATION,618325,618325,PROGRESS_STAGNATION,HIGH,0.0,Physical progress has shown minimal recent movement.,Prioritise milestone-level review and identify implementation bottlenecks.
618327-PROGRESS_STAGNATION,618327,618327,PROGRESS_STAGNATION,HIGH,0.0,Physical progress has shown minimal recent movement.,Prioritise milestone-level review and identify implementation bottlenecks.
618329-PROGRESS_STAGNATION,618329,618329,PROGRESS_STAGNATION,HIGH,0.0,Physical progress has shown minimal recent movement.,Prioritise milestone-level review and identify implementation bottlenecks.
618330-PROGRESS_STAGNATION,618330,618330,PROGRESS_STAGNATION,HIGH,0.0,Physical progress has shown minimal recent movement.,Prioritise milestone-level review and identify implementation bottlenecks.
618334-PROGRESS_STAGNATION,618334,618334,PROGRESS_STAGNATION,HIGH,0.0666666666666676,Physical progress has shown minimal recent movement.,Prioritise milestone-level review and identify implementation bottlenecks.
618337-PROGRESS_STAGNATION,618337,618337,PROGRESS_STAGNATION,HIGH,0.0,Physical progress has shown minimal recent movement.,Prioritise milestone-level review and identify implementation bottlenecks.
618337-EXPENDITURE_PROGRESS_DIVERGENCE,618337,618337,EXPENDITURE_PROGRESS_DIVERGENCE,HIGH,40.819892933618846,Expenditure is unusually ahead of physical progress relative to the portfolio.,Review expenditure milestones against physical deliverables.
618339-PROGRESS_STAGNATION,618339,618339,PROGRESS_STAGNATION,HIGH,0.0,Physical progress has shown minimal recent movement.,Prioritise milestone-level review and identify implementation bottlenecks.
618341-PROGRESS_STAGNATION,618341,618341,PROGRESS_STAGNATION,HIGH,0.1033333333333341,Physical progress has shown minimal recent movement.,Prioritise milestone-level review and identify implementation bottlenecks.
618342-PROGRESS_STAGNATION,618342,618342,PROGRESS_STAGNATION,HIGH,0.0,Physical progress has shown minimal recent movement.,Prioritise milestone-level review and identify implementation bottlenecks.
618343-PROGRESS_STAGNATION,618343,618343,PROGRESS_STAGNATION,HIGH,0.0,Physical progress has shown minimal recent movement.,Prioritise milestone-level review and identify implementation bottlenecks.
618348-EXPENDITURE_PROGRESS_DIVERGENCE,618348,618348,EXPENDITURE_PROGRESS_DIVERGENCE,HIGH,45.92113411341134,Expenditure is unusually ahead of physical progress relative to the portfolio.,Review expenditure milestones against physical deliverables.
618349-EXPENDITURE_PROGRESS_DIVERGENCE,618349,618349,EXPENDITURE_PROGRESS_DIVERGENCE,HIGH,29.1405467372134,Expenditure is unusually ahead of physical progress relative to the portfolio.,Review expenditure milestones against physical deliverables.
618352-PROGRESS_STAGNATION,618352,618352,PROGRESS_STAGNATION,HIGH,0.0,Physical progress has shown minimal recent movement.,Prioritise milestone-level review and identify implementation bottlenecks.
618353-PROGRESS_STAGNATION,618353,618353,PROGRESS_STAGNATION,HIGH,0.0,Physical progress has shown minimal recent movement.,Prioritise milestone-level review and identify implementation bottlenecks.
618355-PROGRESS_STAGNATION,618355,618355,PROGRESS_STAGNATION,HIGH,0.0,Physical progress has shown minimal recent movement.,Prioritise milestone-level review and identify implementation bottlenecks.
618356-PROGRESS_DETERIORATION,618356,618356,PROGRESS_DETERIORATION,CRITICAL,-0.5,Recent physical progress is declining.,Escalate for a milestone and data-quality review.
618357-PROGRESS_STAGNATION,618357,618357,PROGRESS_STAGNATION,HIGH,0.0,Physical progress has shown minimal recent movement.,Prioritise milestone-level review and identify implementation bottlenecks.
618358-PROGRESS_STAGNATION,618358,618358,PROGRESS_STAGNATION,HIGH,0.0466666666666668,Physical progress has shown minimal recent movement.,Prioritise milestone-level review and identify implementation bottlenecks.
618359-PROGRESS_STAGNATION,618359,618359,PROGRESS_STAGNATION,HIGH,0.0,Physical progress has shown minimal recent movement.,Prioritise milestone-level review and identify implementation bottlenecks.
618362-PROGRESS_STAGNATION,618362,618362,PROGRESS_STAGNATION,HIGH,0.0,Physical progress has shown minimal recent movement.,Prioritise milestone-level review and identify implementation bottlenecks.
618363-PROGRESS_STAGNATION,618363,618363,PROGRESS_STAGNATION,HIGH,0.0,Physical progress has shown minimal recent movement.,Prioritise milestone-level review and identify implementation bottlenecks.
618364-PROGRESS_STAGNATION,618364,618364,PROGRESS_STAGNATION,HIGH,0.0,Physical progress has shown minimal recent movement.,Prioritise milestone-level review and identify implementation bottlenecks.
618365-PROGRESS_STAGNATION,618365,618365,PROGRESS_STAGNATION,HIGH,0.0,Physical progress has shown minimal recent movement.,Prioritise milestone-level review and identify implementation bottlenecks.
618368-PROGRESS_STAGNATION,618368,618368,PROGRESS_STAGNATION,HIGH,0.2333333333333331,Physical progress has shown minimal recent movement.,Prioritise milestone-level review and identify implementation bottlenecks.
618372-PROGRESS_STAGNATION,618372,618372,PROGRESS_STAGNATION,HIGH,0.0,Physical progress has shown minimal recent movement.,Prioritise milestone-level review and identify implementation bottlenecks.
618379-PROGRESS_STAGNATION,618379,618379,PROGRESS_STAGNATION,HIGH,0.0,Physical progress has shown minimal recent movement.,Prioritise milestone-level review and identify implementation bottlenecks.
618380-PROGRESS_STAGNATION,618380,618380,PROGRESS_STAGNATION,HIGH,0.0,Physical progress has shown minimal recent movement.,Prioritise milestone-level review and identify implementation bottlenecks.
618381-PROGRESS_STAGNATION,618381,618381,PROGRESS_STAGNATION,HIGH,0.2433333333333346,Physical progress has shown minimal recent movement.,Prioritise milestone-level review and identify implementation bottlenecks.
618382-PROGRESS_STAGNATION,618382,618382,PROGRESS_STAGNATION,HIGH,0.0,Physical progress has shown minimal recent movement.,Prioritise milestone-level review and identify implementation bottlenecks.
618383-PROGRESS_STAGNATION,618383,618383,PROGRESS_STAGNATION,HIGH,0.0,Physical progress has shown minimal recent movement.,Prioritise milestone-level review and identify implementation bottlenecks.
618386-PROGRESS_STAGNATION,618386,618386,PROGRESS_STAGNATION,HIGH,0.0,Physical progress has shown minimal recent movement.,Prioritise milestone-level review and identify implementation bottlenecks.
618387-PROGRESS_STAGNATION,618387,618387,PROGRESS_STAGNATION,HIGH,0.180000000000002,Physical progress has shown minimal recent movement.,Prioritise milestone-level review and identify implementation bottlenecks.
618389-PROGRESS_STAGNATION,618389,618389,PROGRESS_STAGNATION,HIGH,0.0666666666666676,Physical progress has shown minimal recent movement.,Prioritise milestone-level review and identify implementation bottlenecks.
618394-PROGRESS_STAGNATION,618394,618394,PROGRESS_STAGNATION,HIGH,0.0,Physical progress has shown minimal recent movement.,Prioritise milestone-level review and identify implementation bottlenecks.
618395-PROGRESS_STAGNATION,618395,618395,PROGRESS_STAGNATION,HIGH,0.0,Physical progress has shown minimal recent movement.,Prioritise milestone-level review and identify implementation bottlenecks.
618396-PROGRESS_STAGNATION,618396,618396,PROGRESS_STAGNATION,HIGH,0.0,Physical progress has shown minimal recent movement.,Prioritise milestone-level review and identify implementation bottlenecks.
618397-ANOMALOUS_TRAJECTORY,618397,618397,ANOMALOUS_TRAJECTORY,MEDIUM,0.07699567769024607,Observed pattern is unusual relative to the current portfolio.,Review the underlying reporting and project milestones.
618398-PROGRESS_STAGNATION,618398,618398,PROGRESS_STAGNATION,HIGH,0.0,Physical progress has shown minimal recent movement.,Prioritise milestone-level review and identify implementation bottlenecks.
618399-PROGRESS_STAGNATION,618399,618399,PROGRESS_STAGNATION,HIGH,0.1966666666666678,Physical progress has shown minimal recent movement.,Prioritise milestone-level review and identify implementation bottlenecks.
618400-PROGRESS_STAGNATION,618400,618400,PROGRESS_STAGNATION,HIGH,0.0,Physical progress has shown minimal recent movement.,Prioritise milestone-level review and identify implementation bottlenecks.
618401-PROGRESS_STAGNATION,618401,618401,PROGRESS_STAGNATION,HIGH,0.0,Physical progress has shown minimal recent movement.,Prioritise milestone-level review and identify implementation bottlenecks.
618406-EXPENDITURE_PROGRESS_DIVERGENCE,618406,618406,EXPENDITURE_PROGRESS_DIVERGENCE,HIGH,30.97359608049861,Expenditure is unusually ahead of physical progress relative to the portfolio.,Review expenditure milestones against physical deliverables.
618406-ANOMALOUS_TRAJECTORY,618406,618406,ANOMALOUS_TRAJECTORY,MEDIUM,0.11712882061401908,Observed pattern is unusual relative to the current portfolio.,Review the underlying reporting and project milestones.
618414-PROGRESS_STAGNATION,618414,618414,PROGRESS_STAGNATION,HIGH,0.0,Physical progress has shown minimal recent movement.,Prioritise milestone-level review and identify implementation bottlenecks.
618415-PROGRESS_STAGNATION,618415,618415,PROGRESS_STAGNATION,HIGH,0.0,Physical progress has shown minimal recent movement.,Prioritise milestone-level review and identify implementation bottlenecks.
618416-PROGRESS_STAGNATION,618416,618416,PROGRESS_STAGNATION,HIGH,0.1666666666666666,Physical progress has shown minimal recent movement.,Prioritise milestone-level review and identify implementation bottlenecks.
618417-PROGRESS_STAGNATION,618417,618417,PROGRESS_STAGNATION,HIGH,0.0,Physical progress has shown minimal recent movement.,Prioritise milestone-level review and identify implementation bottlenecks.
618422-PROGRESS_STAGNATION,618422,618422,PROGRESS_STAGNATION,HIGH,0.0833333333333333,Physical progress has shown minimal recent movement.,Prioritise milestone-level review and identify implementation bottlenecks.
618423-PROGRESS_STAGNATION,618423,618423,PROGRESS_STAGNATION,HIGH,0.0,Physical progress has shown minimal recent movement.,Prioritise milestone-level review and identify implementation bottlenecks.
618424-DATA_QUALITY_REVIEW,618424,618424,DATA_QUALITY_REVIEW,LOW,24.3,Evidence is insufficient for a dependable risk assessment.,Validate project identity and missing monitoring fields.
618427-PROGRESS_STAGNATION,618427,618427,PROGRESS_STAGNATION,HIGH,0.1266666666666699,Physical progress has shown minimal recent movement.,Prioritise milestone-level review and identify implementation bottlenecks.
618430-PROGRESS_STAGNATION,618430,618430,PROGRESS_STAGNATION,HIGH,0.2299999999999992,Physical progress has shown minimal recent movement.,Prioritise milestone-level review and identify implementation bottlenecks.
618432-PROGRESS_STAGNATION,618432,618432,PROGRESS_STAGNATION,HIGH,0.173333333333332,Physical progress has shown minimal recent movement.,Prioritise milestone-level review and identify implementation bottlenecks.
618433-PROGRESS_STAGNATION,618433,618433,PROGRESS_STAGNATION,HIGH,0.0,Physical progress has shown minimal recent movement.,Prioritise milestone-level review and identify implementation bottlenecks.
618434-PROGRESS_STAGNATION,618434,618434,PROGRESS_STAGNATION,HIGH,0.1366666666666655,Physical progress has shown minimal recent movement.,Prioritise milestone-level review and identify implementation bottlenecks.
618435-PROGRESS_STAGNATION,618435,618435,PROGRESS_STAGNATION,HIGH,0.0,Physical progress has shown minimal recent movement.,Prioritise milestone-level review and identify implementation bottlenecks.
618436-PROGRESS_STAGNATION,618436,618436,PROGRESS_STAGNATION,HIGH,0.0,Physical progress has shown minimal recent movement.,Prioritise milestone-level review and identify implementation bottlenecks.
618437-PROGRESS_STAGNATION,618437,618437,PROGRESS_STAGNATION,HIGH,0.0,Physical progress has shown minimal recent movement.,Prioritise milestone-level review and identify implementation bottlenecks.
618438-PROGRESS_STAGNATION,618438,618438,PROGRESS_STAGNATION,HIGH,0.0,Physical progress has shown minimal recent movement.,Prioritise milestone-level review and identify implementation bottlenecks.
618438-EXPENDITURE_PROGRESS_DIVERGENCE,618438,618438,EXPENDITURE_PROGRESS_DIVERGENCE,HIGH,76.47638561091372,Expenditure is unusually ahead of physical progress relative to the portfolio.,Review expenditure milestones against physical deliverables.
618438-ANOMALOUS_TRAJECTORY,618438,618438,ANOMALOUS_TRAJECTORY,MEDIUM,0.01655058856015973,Observed pattern is unusual relative to the current portfolio.,Review the underlying reporting and project milestones.
618439-PROGRESS_STAGNATION,618439,618439,PROGRESS_STAGNATION,HIGH,0.0,Physical progress has shown minimal recent movement.,Prioritise milestone-level review and identify implementation bottlenecks.
618440-ANOMALOUS_TRAJECTORY,618440,618440,ANOMALOUS_TRAJECTORY,MEDIUM,0.07360943492711414,Observed pattern is unusual relative to the current portfolio.,Review the underlying reporting and project milestones.
618441-ANOMALOUS_TRAJECTORY,618441,618441,ANOMALOUS_TRAJECTORY,MEDIUM,0.08816111951782835,Observed pattern is unusual relative to the current portfolio.,Review the underlying reporting and project milestones.
618443-PROGRESS_STAGNATION,618443,618443,PROGRESS_STAGNATION,HIGH,0.0,Physical progress has shown minimal recent movement.,Prioritise milestone-level review and identify implementation bottlenecks.
618444-PROGRESS_STAGNATION,618444,618444,PROGRESS_STAGNATION,HIGH,0.0,Physical progress has shown minimal recent movement.,Prioritise milestone-level review and identify implementation bottlenecks.
618450-PROGRESS_STAGNATION,618450,618450,PROGRESS_STAGNATION,HIGH,0.0166666666666704,Physical progress has shown minimal recent movement.,Prioritise milestone-level review and identify implementation bottlenecks.
618450-EXPENDITURE_PROGRESS_DIVERGENCE,618450,618450,EXPENDITURE_PROGRESS_DIVERGENCE,HIGH,21.472267759562826,Expenditure is unusually ahead of physical progress relative to the portfolio.,Review expenditure milestones against physical deliverables.
618452-PROGRESS_STAGNATION,618452,618452,PROGRESS_STAGNATION,HIGH,0.0,Physical progress has shown minimal recent movement.,Prioritise milestone-level review and identify implementation bottlenecks.
618454-PROGRESS_STAGNATION,618454,618454,PROGRESS_STAGNATION,HIGH,0.0,Physical progress has shown minimal recent movement.,Prioritise milestone-level review and identify implementation bottlenecks.
618455-PROGRESS_STAGNATION,618455,618455,PROGRESS_STAGNATION,HIGH,0.0,Physical progress has shown minimal recent movement.,Prioritise milestone-level review and identify implementation bottlenecks.
618457-PROGRESS_STAGNATION,618457,618457,PROGRESS_STAGNATION,HIGH,0.0,Physical progress has shown minimal recent movement.,Prioritise milestone-level review and identify implementation bottlenecks.
618460-PROGRESS_STAGNATION,618460,618460,PROGRESS_STAGNATION,HIGH,0.0,Physical progress has shown minimal recent movement.,Prioritise milestone-level review and identify implementation bottlenecks.
618461-DATA_QUALITY_REVIEW,618461,618461,DATA_QUALITY_REVIEW,LOW,28.6,Evidence is insufficient for a dependable risk assessment.,Validate project identity and missing monitoring fields.
618462-PROGRESS_STAGNATION,618462,618462,PROGRESS_STAGNATION,HIGH,0.0,Physical progress has shown minimal recent movement.,Prioritise milestone-level review and identify implementation bottlenecks.
618463-PROGRESS_STAGNATION,618463,618463,PROGRESS_STAGNATION,HIGH,0.0,Physical progress has shown minimal recent movement.,Prioritise milestone-level review and identify implementation bottlenecks.
618463-COST_ESCALATION,618463,618463,COST_ESCALATION,HIGH,111.91087225627248,Cost escalation is high relative to the current portfolio.,Review revised-cost basis and mitigation plan.
618465-PROGRESS_STAGNATION,618465,618465,PROGRESS_STAGNATION,HIGH,0.0166666666666657,Physical progress has shown minimal recent movement.,Prioritise milestone-level review and identify implementation bottlenecks.
618466-PROGRESS_STAGNATION,618466,618466,PROGRESS_STAGNATION,HIGH,0.0,Physical progress has shown minimal recent movement.,Prioritise milestone-level review and identify implementation bottlenecks.
618467-PROGRESS_STAGNATION,618467,618467,PROGRESS_STAGNATION,HIGH,0.0,Physical progress has shown minimal recent movement.,Prioritise milestone-level review and identify implementation bottlenecks.
618476-PROGRESS_STAGNATION,618476,618476,PROGRESS_STAGNATION,HIGH,0.0,Physical progress has shown minimal recent movement.,Prioritise milestone-level review and identify implementation bottlenecks.
618477-PROGRESS_STAGNATION,618477,618477,PROGRESS_STAGNATION,HIGH,0.0,Physical progress has shown minimal recent movement.,Prioritise milestone-level review and identify implementation bottlenecks.
618478-PROGRESS_STAGNATION,618478,618478,PROGRESS_STAGNATION,HIGH,0.0,Physical progress has shown minimal recent movement.,Prioritise milestone-level review and identify implementation bottlenecks.
618479-PROGRESS_STAGNATION,618479,618479,PROGRESS_STAGNATION,HIGH,0.0,Physical progress has shown minimal recent movement.,Prioritise milestone-level review and identify implementation bottlenecks.
618482-PROGRESS_STAGNATION,618482,618482,PROGRESS_STAGNATION,HIGH,0.0,Physical progress has shown minimal recent movement.,Prioritise milestone-level review and identify implementation bottlenecks.
618483-PROGRESS_STAGNATION,618483,618483,PROGRESS_STAGNATION,HIGH,0.0,Physical progress has shown minimal recent movement.,Prioritise milestone-level review and identify implementation bottlenecks.
618484-PROGRESS_STAGNATION,618484,618484,PROGRESS_STAGNATION,HIGH,0.0266666666666661,Physical progress has shown minimal recent movement.,Prioritise milestone-level review and identify implementation bottlenecks.
618485-PROGRESS_STAGNATION,618485,618485,PROGRESS_STAGNATION,HIGH,0.0433333333333318,Physical progress has shown minimal recent movement.,Prioritise milestone-level review and identify implementation bottlenecks.
618486-PROGRESS_STAGNATION,618486,618486,PROGRESS_STAGNATION,HIGH,0.0,Physical progress has shown minimal recent movement.,Prioritise milestone-level review and identify implementation bottlenecks.
618488-PROGRESS_STAGNATION,618488,618488,PROGRESS_STAGNATION,HIGH,0.0,Physical progress has shown minimal recent movement.,Prioritise milestone-level review and identify implementation bottlenecks.
618489-PROGRESS_STAGNATION,618489,618489,PROGRESS_STAGNATION,HIGH,0.0299999999999964,Physical progress has shown minimal recent movement.,Prioritise milestone-level review and identify implementation bottlenecks.
618490-PROGRESS_STAGNATION,618490,618490,PROGRESS_STAGNATION,HIGH,0.0,Physical progress has shown minimal recent movement.,Prioritise milestone-level review and identify implementation bottlenecks.
618491-DATA_QUALITY_REVIEW,618491,618491,DATA_QUALITY_REVIEW,LOW,32.9,Evidence is insufficient for a dependable risk assessment.,Validate project identity and missing monitoring fields.
618492-PROGRESS_STAGNATION,618492,618492,PROGRESS_STAGNATION,HIGH,0.1833333333333335,Physical progress has shown minimal recent movement.,Prioritise milestone-level review and identify implementation bottlenecks.
618492-EXPENDITURE_PROGRESS_DIVERGENCE,618492,618492,EXPENDITURE_PROGRESS_DIVERGENCE,HIGH,23.139370933459876,Expenditure is unusually ahead of physical progress relative to the portfolio.,Review expenditure milestones against physical deliverables.
618496-PROGRESS_STAGNATION,618496,618496,PROGRESS_STAGNATION,HIGH,0.0,Physical progress has shown minimal recent movement.,Prioritise milestone-level review and identify implementation bottlenecks.
618501-PROGRESS_STAGNATION,618501,618501,PROGRESS_STAGNATION,HIGH,0.0,Physical progress has shown minimal recent movement.,Prioritise milestone-level review and identify implementation bottlenecks.
618503-PROGRESS_STAGNATION,618503,618503,PROGRESS_STAGNATION,HIGH,0.0,Physical progress has shown minimal recent movement.,Prioritise milestone-level review and identify implementation bottlenecks.
618504-PROGRESS_STAGNATION,618504,618504,PROGRESS_STAGNATION,HIGH,0.0533333333333322,Physical progress has shown minimal recent movement.,Prioritise milestone-level review and identify implementation bottlenecks.
618507-EXPENDITURE_PROGRESS_DIVERGENCE,618507,618507,EXPENDITURE_PROGRESS_DIVERGENCE,HIGH,23.35305814788225,Expenditure is unusually ahead of physical progress relative to the portfolio.,Review expenditure milestones against physical deliverables.
618509-PROGRESS_STAGNATION,618509,618509,PROGRESS_STAGNATION,HIGH,0.0,Physical progress has shown minimal recent movement.,Prioritise milestone-level review and identify implementation bottlenecks.
618516-EXPENDITURE_PROGRESS_DIVERGENCE,618516,618516,EXPENDITURE_PROGRESS_DIVERGENCE,HIGH,25.678010235644805,Expenditure is unusually ahead of physical progress relative to the portfolio.,Review expenditure milestones against physical deliverables.
618517-PROGRESS_STAGNATION,618517,618517,PROGRESS_STAGNATION,HIGH,0.099999999999999,Physical progress has shown minimal recent movement.,Prioritise milestone-level review and identify implementation bottlenecks.
618518-PROGRESS_STAGNATION,618518,618518,PROGRESS_STAGNATION,HIGH,0.0,Physical progress has shown minimal recent movement.,Prioritise milestone-level review and identify implementation bottlenecks.
618520-PROGRESS_STAGNATION,618520,618520,PROGRESS_STAGNATION,HIGH,0.0,Physical progress has shown minimal recent movement.,Prioritise milestone-level review and identify implementation bottlenecks.
618521-PROGRESS_STAGNATION,618521,618521,PROGRESS_STAGNATION,HIGH,0.0,Physical progress has shown minimal recent movement.,Prioritise milestone-level review and identify implementation bottlenecks.
618523-PROGRESS_STAGNATION,618523,618523,PROGRESS_STAGNATION,HIGH,0.0,Physical progress has shown minimal recent movement.,Prioritise milestone-level review and identify implementation bottlenecks.
618523-COST_ESCALATION,618523,618523,COST_ESCALATION,HIGH,65.13194501994862,Cost escalation is high relative to the current portfolio.,Review revised-cost basis and mitigation plan.
618526-PROGRESS_STAGNATION,618526,618526,PROGRESS_STAGNATION,HIGH,0.0,Physical progress has shown minimal recent movement.,Prioritise milestone-level review and identify implementation bottlenecks.
618533-PROGRESS_STAGNATION,618533,618533,PROGRESS_STAGNATION,HIGH,0.0,Physical progress has shown minimal recent movement.,Prioritise milestone-level review and identify implementation bottlenecks.
618533-ANOMALOUS_TRAJECTORY,618533,618533,ANOMALOUS_TRAJECTORY,MEDIUM,0.0016507133372653526,Observed pattern is unusual relative to the current portfolio.,Review the underlying reporting and project milestones.
618542-EXPENDITURE_PROGRESS_DIVERGENCE,618542,618542,EXPENDITURE_PROGRESS_DIVERGENCE,HIGH,31.988019517379644,Expenditure is unusually ahead of physical progress relative to the portfolio.,Review expenditure milestones against physical deliverables.
618544-PROGRESS_STAGNATION,618544,618544,PROGRESS_STAGNATION,HIGH,0.0,Physical progress has shown minimal recent movement.,Prioritise milestone-level review and identify implementation bottlenecks.
618545-PROGRESS_STAGNATION,618545,618545,PROGRESS_STAGNATION,HIGH,0.0,Physical progress has shown minimal recent movement.,Prioritise milestone-level review and identify implementation bottlenecks.
618545-EXPENDITURE_PROGRESS_DIVERGENCE,618545,618545,EXPENDITURE_PROGRESS_DIVERGENCE,HIGH,26.012393200827415,Expenditure is unusually ahead of physical progress relative to the portfolio.,Review expenditure milestones against physical deliverables.
618546-DATA_QUALITY_REVIEW,618546,618546,DATA_QUALITY_REVIEW,LOW,28.6,Evidence is insufficient for a dependable risk assessment.,Validate project identity and missing monitoring fields.
618548-DATA_QUALITY_REVIEW,618548,618548,DATA_QUALITY_REVIEW,LOW,28.6,Evidence is insufficient for a dependable risk assessment.,Validate project identity and missing monitoring fields.
618549-PROGRESS_STAGNATION,618549,618549,PROGRESS_STAGNATION,HIGH,0.0,Physical progress has shown minimal recent movement.,Prioritise milestone-level review and identify implementation bottlenecks.
618549-COST_ESCALATION,618549,618549,COST_ESCALATION,HIGH,201.5001030290542,Cost escalation is high relative to the current portfolio.,Review revised-cost basis and mitigation plan.
618549-ANOMALOUS_TRAJECTORY,618549,618549,ANOMALOUS_TRAJECTORY,MEDIUM,0.014404564086349547,Observed pattern is unusual relative to the current portfolio.,Review the underlying reporting and project milestones.
618550-PROGRESS_STAGNATION,618550,618550,PROGRESS_STAGNATION,HIGH,0.0,Physical progress has shown minimal recent movement.,Prioritise milestone-level review and identify implementation bottlenecks.
618555-DATA_QUALITY_REVIEW,618555,618555,DATA_QUALITY_REVIEW,LOW,32.9,Evidence is insufficient for a dependable risk assessment.,Validate project identity and missing monitoring fields.
618558-PROGRESS_STAGNATION,618558,618558,PROGRESS_STAGNATION,HIGH,0.1799999999999997,Physical progress has shown minimal recent movement.,Prioritise milestone-level review and identify implementation bottlenecks.
618559-PROGRESS_STAGNATION,618559,618559,PROGRESS_STAGNATION,HIGH,0.0,Physical progress has shown minimal recent movement.,Prioritise milestone-level review and identify implementation bottlenecks.
618560-PROGRESS_STAGNATION,618560,618560,PROGRESS_STAGNATION,HIGH,0.0,Physical progress has shown minimal recent movement.,Prioritise milestone-level review and identify implementation bottlenecks.
618562-PROGRESS_STAGNATION,618562,618562,PROGRESS_STAGNATION,HIGH,0.0,Physical progress has shown minimal recent movement.,Prioritise milestone-level review and identify implementation bottlenecks.
618569-PROGRESS_STAGNATION,618569,618569,PROGRESS_STAGNATION,HIGH,0.0,Physical progress has shown minimal recent movement.,Prioritise milestone-level review and identify implementation bottlenecks.
618575-DATA_QUALITY_REVIEW,618575,618575,DATA_QUALITY_REVIEW,LOW,28.6,Evidence is insufficient for a dependable risk assessment.,Validate project identity and missing monitoring fields.
618576-PROGRESS_STAGNATION,618576,618576,PROGRESS_STAGNATION,HIGH,0.0133333333333354,Physical progress has shown minimal recent movement.,Prioritise milestone-level review and identify implementation bottlenecks.
618577-PROGRESS_STAGNATION,618577,618577,PROGRESS_STAGNATION,HIGH,0.0,Physical progress has shown minimal recent movement.,Prioritise milestone-level review and identify implementation bottlenecks.
618579-PROGRESS_STAGNATION,618579,618579,PROGRESS_STAGNATION,HIGH,0.0,Physical progress has shown minimal recent movement.,Prioritise milestone-level review and identify implementation bottlenecks.
618580-PROGRESS_STAGNATION,618580,618580,PROGRESS_STAGNATION,HIGH,0.0,Physical progress has shown minimal recent movement.,Prioritise milestone-level review and identify implementation bottlenecks.
618580-COST_ESCALATION,618580,618580,COST_ESCALATION,HIGH,53.48738738032323,Cost escalation is high relative to the current portfolio.,Review revised-cost basis and mitigation plan.
618581-PROGRESS_STAGNATION,618581,618581,PROGRESS_STAGNATION,HIGH,0.0,Physical progress has shown minimal recent movement.,Prioritise milestone-level review and identify implementation bottlenecks.
618582-PROGRESS_STAGNATION,618582,618582,PROGRESS_STAGNATION,HIGH,0.0,Physical progress has shown minimal recent movement.,Prioritise milestone-level review and identify implementation bottlenecks.
618583-PROGRESS_STAGNATION,618583,618583,PROGRESS_STAGNATION,HIGH,0.0,Physical progress has shown minimal recent movement.,Prioritise milestone-level review and identify implementation bottlenecks.
618588-PROGRESS_STAGNATION,618588,618588,PROGRESS_STAGNATION,HIGH,0.0,Physical progress has shown minimal recent movement.,Prioritise milestone-level review and identify implementation bottlenecks.
618595-PROGRESS_STAGNATION,618595,618595,PROGRESS_STAGNATION,HIGH,0.2133333333333288,Physical progress has shown minimal recent movement.,Prioritise milestone-level review and identify implementation bottlenecks.
618597-PROGRESS_STAGNATION,618597,618597,PROGRESS_STAGNATION,HIGH,0.0,Physical progress has shown minimal recent movement.,Prioritise milestone-level review and identify implementation bottlenecks.
618598-PROGRESS_STAGNATION,618598,618598,PROGRESS_STAGNATION,HIGH,0.0,Physical progress has shown minimal recent movement.,Prioritise milestone-level review and identify implementation bottlenecks.
618599-PROGRESS_STAGNATION,618599,618599,PROGRESS_STAGNATION,HIGH,0.0833333333333333,Physical progress has shown minimal recent movement.,Prioritise milestone-level review and identify implementation bottlenecks.
618601-ANOMALOUS_TRAJECTORY,618601,618601,ANOMALOUS_TRAJECTORY,MEDIUM,0.02852207690414199,Observed pattern is unusual relative to the current portfolio.,Review the underlying reporting and project milestones.
618602-ANOMALOUS_TRAJECTORY,618602,618602,ANOMALOUS_TRAJECTORY,MEDIUM,0.031072449042008565,Observed pattern is unusual relative to the current portfolio.,Review the underlying reporting and project milestones.
618606-PROGRESS_STAGNATION,618606,618606,PROGRESS_STAGNATION,HIGH,0.0,Physical progress has shown minimal recent movement.,Prioritise milestone-level review and identify implementation bottlenecks.
618607-PROGRESS_STAGNATION,618607,618607,PROGRESS_STAGNATION,HIGH,0.0,Physical progress has shown minimal recent movement.,Prioritise milestone-level review and identify implementation bottlenecks.
618610-PROGRESS_STAGNATION,618610,618610,PROGRESS_STAGNATION,HIGH,0.0,Physical progress has shown minimal recent movement.,Prioritise milestone-level review and identify implementation bottlenecks.
618610-COST_ESCALATION,618610,618610,COST_ESCALATION,HIGH,67.10716367230066,Cost escalation is high relative to the current portfolio.,Review revised-cost basis and mitigation plan.
618611-PROGRESS_STAGNATION,618611,618611,PROGRESS_STAGNATION,HIGH,0.0,Physical progress has shown minimal recent movement.,Prioritise milestone-level review and identify implementation bottlenecks.
618612-PROGRESS_STAGNATION,618612,618612,PROGRESS_STAGNATION,HIGH,0.0,Physical progress has shown minimal recent movement.,Prioritise milestone-level review and identify implementation bottlenecks.
618613-PROGRESS_STAGNATION,618613,618613,PROGRESS_STAGNATION,HIGH,0.0,Physical progress has shown minimal recent movement.,Prioritise milestone-level review and identify implementation bottlenecks.
618614-PROGRESS_STAGNATION,618614,618614,PROGRESS_STAGNATION,HIGH,0.0,Physical progress has shown minimal recent movement.,Prioritise milestone-level review and identify implementation bottlenecks.
618615-PROGRESS_STAGNATION,618615,618615,PROGRESS_STAGNATION,HIGH,0.0,Physical progress has shown minimal recent movement.,Prioritise milestone-level review and identify implementation bottlenecks.
618619-PROGRESS_STAGNATION,618619,618619,PROGRESS_STAGNATION,HIGH,0.0,Physical progress has shown minimal recent movement.,Prioritise milestone-level review and identify implementation bottlenecks.
618624-PROGRESS_STAGNATION,618624,618624,PROGRESS_STAGNATION,HIGH,0.0066666666666653,Physical progress has shown minimal recent movement.,Prioritise milestone-level review and identify implementation bottlenecks.
618629-PROGRESS_STAGNATION,618629,618629,PROGRESS_STAGNATION,HIGH,0.0,Physical progress has shown minimal recent movement.,Prioritise milestone-level review and identify implementation bottlenecks.
618631-PROGRESS_STAGNATION,618631,618631,PROGRESS_STAGNATION,HIGH,0.0,Physical progress has shown minimal recent movement.,Prioritise milestone-level review and identify implementation bottlenecks.
618634-PROGRESS_STAGNATION,618634,618634,PROGRESS_STAGNATION,HIGH,0.0,Physical progress has shown minimal recent movement.,Prioritise milestone-level review and identify implementation bottlenecks.
618639-PROGRESS_STAGNATION,618639,618639,PROGRESS_STAGNATION,HIGH,0.0,Physical progress has shown minimal recent movement.,Prioritise milestone-level review and identify implementation bottlenecks.
618644-PROGRESS_STAGNATION,618644,618644,PROGRESS_STAGNATION,HIGH,0.0,Physical progress has shown minimal recent movement.,Prioritise milestone-level review and identify implementation bottlenecks.
618645-PROGRESS_STAGNATION,618645,618645,PROGRESS_STAGNATION,HIGH,0.0,Physical progress has shown minimal recent movement.,Prioritise milestone-level review and identify implementation bottlenecks.
618647-PROGRESS_STAGNATION,618647,618647,PROGRESS_STAGNATION,HIGH,0.0,Physical progress has shown minimal recent movement.,Prioritise milestone-level review and identify implementation bottlenecks.
618652-PROGRESS_STAGNATION,618652,618652,PROGRESS_STAGNATION,HIGH,0.0,Physical progress has shown minimal recent movement.,Prioritise milestone-level review and identify implementation bottlenecks.
618653-PROGRESS_STAGNATION,618653,618653,PROGRESS_STAGNATION,HIGH,0.0066666666666653,Physical progress has shown minimal recent movement.,Prioritise milestone-level review and identify implementation bottlenecks.
618653-COST_ESCALATION,618653,618653,COST_ESCALATION,HIGH,180.44948547019607,Cost escalation is high relative to the current portfolio.,Review revised-cost basis and mitigation plan.
618653-ANOMALOUS_TRAJECTORY,618653,618653,ANOMALOUS_TRAJECTORY,MEDIUM,0.04476461265396303,Observed pattern is unusual relative to the current portfolio.,Review the underlying reporting and project milestones.
618654-PROGRESS_STAGNATION,618654,618654,PROGRESS_STAGNATION,HIGH,0.0566666666666672,Physical progress has shown minimal recent movement.,Prioritise milestone-level review and identify implementation bottlenecks.
618678-PROGRESS_STAGNATION,618678,618678,PROGRESS_STAGNATION,HIGH,0.2133333333333335,Physical progress has shown minimal recent movement.,Prioritise milestone-level review and identify implementation bottlenecks.
618682-PROGRESS_STAGNATION,618682,618682,PROGRESS_STAGNATION,HIGH,0.0799999999999983,Physical progress has shown minimal recent movement.,Prioritise milestone-level review and identify implementation bottlenecks.
618689-DATA_QUALITY_REVIEW,618689,618689,DATA_QUALITY_REVIEW,LOW,28.6,Evidence is insufficient for a dependable risk assessment.,Validate project identity and missing monitoring fields.
618692-PROGRESS_STAGNATION,618692,618692,PROGRESS_STAGNATION,HIGH,0.0,Physical progress has shown minimal recent movement.,Prioritise milestone-level review and identify implementation bottlenecks.
618693-PROGRESS_STAGNATION,618693,618693,PROGRESS_STAGNATION,HIGH,0.0,Physical progress has shown minimal recent movement.,Prioritise milestone-level review and identify implementation bottlenecks.
618696-DATA_QUALITY_REVIEW,618696,618696,DATA_QUALITY_REVIEW,LOW,24.3,Evidence is insufficient for a dependable risk assessment.,Validate project identity and missing monitoring fields.
618698-PROGRESS_STAGNATION,618698,618698,PROGRESS_STAGNATION,HIGH,0.1666666666666666,Physical progress has shown minimal recent movement.,Prioritise milestone-level review and identify implementation bottlenecks.
618699-PROGRESS_STAGNATION,618699,618699,PROGRESS_STAGNATION,HIGH,0.0,Physical progress has shown minimal recent movement.,Prioritise milestone-level review and identify implementation bottlenecks.
618700-PROGRESS_STAGNATION,618700,618700,PROGRESS_STAGNATION,HIGH,0.0,Physical progress has shown minimal recent movement.,Prioritise milestone-level review and identify implementation bottlenecks.
618701-PROGRESS_STAGNATION,618701,618701,PROGRESS_STAGNATION,HIGH,0.0466666666666668,Physical progress has shown minimal recent movement.,Prioritise milestone-level review and identify implementation bottlenecks.
618702-PROGRESS_STAGNATION,618702,618702,PROGRESS_STAGNATION,HIGH,0.0,Physical progress has shown minimal recent movement.,Prioritise milestone-level review and identify implementation bottlenecks.
618704-PROGRESS_STAGNATION,618704,618704,PROGRESS_STAGNATION,HIGH,0.0066666666666653,Physical progress has shown minimal recent movement.,Prioritise milestone-level review and identify implementation bottlenecks.
618706-PROGRESS_STAGNATION,618706,618706,PROGRESS_STAGNATION,HIGH,0.0,Physical progress has shown minimal recent movement.,Prioritise milestone-level review and identify implementation bottlenecks.
618706-ANOMALOUS_TRAJECTORY,618706,618706,ANOMALOUS_TRAJECTORY,MEDIUM,0.05027247138285684,Observed pattern is unusual relative to the current portfolio.,Review the underlying reporting and project milestones.
618710-PROGRESS_STAGNATION,618710,618710,PROGRESS_STAGNATION,HIGH,0.0,Physical progress has shown minimal recent movement.,Prioritise milestone-level review and identify implementation bottlenecks.
618711-PROGRESS_STAGNATION,618711,618711,PROGRESS_STAGNATION,HIGH,0.0,Physical progress has shown minimal recent movement.,Prioritise milestone-level review and identify implementation bottlenecks.
618735-PROGRESS_STAGNATION,618735,618735,PROGRESS_STAGNATION,HIGH,0.0,Physical progress has shown minimal recent movement.,Prioritise milestone-level review and identify implementation bottlenecks.
618737-PROGRESS_STAGNATION,618737,618737,PROGRESS_STAGNATION,HIGH,0.0,Physical progress has shown minimal recent movement.,Prioritise milestone-level review and identify implementation bottlenecks.
618737-EXPENDITURE_PROGRESS_DIVERGENCE,618737,618737,EXPENDITURE_PROGRESS_DIVERGENCE,HIGH,89.24731182795699,Expenditure is unusually ahead of physical progress relative to the portfolio.,Review expenditure milestones against physical deliverables.
618737-ANOMALOUS_TRAJECTORY,618737,618737,ANOMALOUS_TRAJECTORY,MEDIUM,0.08648202651897796,Observed pattern is unusual relative to the current portfolio.,Review the underlying reporting and project milestones.
618743-PROGRESS_STAGNATION,618743,618743,PROGRESS_STAGNATION,HIGH,0.0,Physical progress has shown minimal recent movement.,Prioritise milestone-level review and identify implementation bottlenecks.
618744-PROGRESS_STAGNATION,618744,618744,PROGRESS_STAGNATION,HIGH,0.180000000000002,Physical progress has shown minimal recent movement.,Prioritise milestone-level review and identify implementation bottlenecks.
618746-COST_ESCALATION,618746,618746,COST_ESCALATION,HIGH,67.70091301294272,Cost escalation is high relative to the current portfolio.,Review revised-cost basis and mitigation plan.
618747-PROGRESS_STAGNATION,618747,618747,PROGRESS_STAGNATION,HIGH,0.0,Physical progress has shown minimal recent movement.,Prioritise milestone-level review and identify implementation bottlenecks.
618747-COST_ESCALATION,618747,618747,COST_ESCALATION,HIGH,47.92887281494876,Cost escalation is high relative to the current portfolio.,Review revised-cost basis and mitigation plan.
618748-PROGRESS_STAGNATION,618748,618748,PROGRESS_STAGNATION,HIGH,0.0,Physical progress has shown minimal recent movement.,Prioritise milestone-level review and identify implementation bottlenecks.
618751-PROGRESS_STAGNATION,618751,618751,PROGRESS_STAGNATION,HIGH,0.0,Physical progress has shown minimal recent movement.,Prioritise milestone-level review and identify implementation bottlenecks.
618757-PROGRESS_STAGNATION,618757,618757,PROGRESS_STAGNATION,HIGH,0.0100000000000003,Physical progress has shown minimal recent movement.,Prioritise milestone-level review and identify implementation bottlenecks.
618759-PROGRESS_STAGNATION,618759,618759,PROGRESS_STAGNATION,HIGH,0.0,Physical progress has shown minimal recent movement.,Prioritise milestone-level review and identify implementation bottlenecks.
618760-PROGRESS_STAGNATION,618760,618760,PROGRESS_STAGNATION,HIGH,0.0,Physical progress has shown minimal recent movement.,Prioritise milestone-level review and identify implementation bottlenecks.
618762-PROGRESS_STAGNATION,618762,618762,PROGRESS_STAGNATION,HIGH,0.0,Physical progress has shown minimal recent movement.,Prioritise milestone-level review and identify implementation bottlenecks.
618764-PROGRESS_STAGNATION,618764,618764,PROGRESS_STAGNATION,HIGH,0.0,Physical progress has shown minimal recent movement.,Prioritise milestone-level review and identify implementation bottlenecks.
618765-PROGRESS_STAGNATION,618765,618765,PROGRESS_STAGNATION,HIGH,0.0,Physical progress has shown minimal recent movement.,Prioritise milestone-level review and identify implementation bottlenecks.
618770-PROGRESS_STAGNATION,618770,618770,PROGRESS_STAGNATION,HIGH,0.0766666666666679,Physical progress has shown minimal recent movement.,Prioritise milestone-level review and identify implementation bottlenecks.
618771-PROGRESS_STAGNATION,618771,618771,PROGRESS_STAGNATION,HIGH,0.0633333333333325,Physical progress has shown minimal recent movement.,Prioritise milestone-level review and identify implementation bottlenecks.
618773-PROGRESS_STAGNATION,618773,618773,PROGRESS_STAGNATION,HIGH,0.0,Physical progress has shown minimal recent movement.,Prioritise milestone-level review and identify implementation bottlenecks.
618774-PROGRESS_STAGNATION,618774,618774,PROGRESS_STAGNATION,HIGH,0.0,Physical progress has shown minimal recent movement.,Prioritise milestone-level review and identify implementation bottlenecks.
618777-PROGRESS_STAGNATION,618777,618777,PROGRESS_STAGNATION,HIGH,0.0,Physical progress has shown minimal recent movement.,Prioritise milestone-level review and identify implementation bottlenecks.
618778-PROGRESS_STAGNATION,618778,618778,PROGRESS_STAGNATION,HIGH,0.0,Physical progress has shown minimal recent movement.,Prioritise milestone-level review and identify implementation bottlenecks.
618779-PROGRESS_STAGNATION,618779,618779,PROGRESS_STAGNATION,HIGH,0.1666666666666666,Physical progress has shown minimal recent movement.,Prioritise milestone-level review and identify implementation bottlenecks.
618784-PROGRESS_STAGNATION,618784,618784,PROGRESS_STAGNATION,HIGH,0.0,Physical progress has shown minimal recent movement.,Prioritise milestone-level review and identify implementation bottlenecks.
618787-PROGRESS_STAGNATION,618787,618787,PROGRESS_STAGNATION,HIGH,0.0,Physical progress has shown minimal recent movement.,Prioritise milestone-level review and identify implementation bottlenecks.
618788-PROGRESS_STAGNATION,618788,618788,PROGRESS_STAGNATION,HIGH,0.0,Physical progress has shown minimal recent movement.,Prioritise milestone-level review and identify implementation bottlenecks.
618789-DATA_QUALITY_REVIEW,618789,618789,DATA_QUALITY_REVIEW,LOW,28.6,Evidence is insufficient for a dependable risk assessment.,Validate project identity and missing monitoring fields.
618792-PROGRESS_STAGNATION,618792,618792,PROGRESS_STAGNATION,HIGH,0.0,Physical progress has shown minimal recent movement.,Prioritise milestone-level review and identify implementation bottlenecks.
618794-PROGRESS_STAGNATION,618794,618794,PROGRESS_STAGNATION,HIGH,0.0,Physical progress has shown minimal recent movement.,Prioritise milestone-level review and identify implementation bottlenecks.
618796-PROGRESS_STAGNATION,618796,618796,PROGRESS_STAGNATION,HIGH,0.0,Physical progress has shown minimal recent movement.,Prioritise milestone-level review and identify implementation bottlenecks.
618800-PROGRESS_STAGNATION,618800,618800,PROGRESS_STAGNATION,HIGH,0.1966666666666666,Physical progress has shown minimal recent movement.,Prioritise milestone-level review and identify implementation bottlenecks.
618806-PROGRESS_STAGNATION,618806,618806,PROGRESS_STAGNATION,HIGH,0.0,Physical progress has shown minimal recent movement.,Prioritise milestone-level review and identify implementation bottlenecks.
618814-PROGRESS_STAGNATION,618814,618814,PROGRESS_STAGNATION,HIGH,0.1666666666666666,Physical progress has shown minimal recent movement.,Prioritise milestone-level review and identify implementation bottlenecks.
618819-PROGRESS_STAGNATION,618819,618819,PROGRESS_STAGNATION,HIGH,0.0,Physical progress has shown minimal recent movement.,Prioritise milestone-level review and identify implementation bottlenecks.
618825-PROGRESS_STAGNATION,618825,618825,PROGRESS_STAGNATION,HIGH,0.1799999999999973,Physical progress has shown minimal recent movement.,Prioritise milestone-level review and identify implementation bottlenecks.
618828-PROGRESS_STAGNATION,618828,618828,PROGRESS_STAGNATION,HIGH,0.0066666666666653,Physical progress has shown minimal recent movement.,Prioritise milestone-level review and identify implementation bottlenecks.
618829-PROGRESS_STAGNATION,618829,618829,PROGRESS_STAGNATION,HIGH,0.1500000000000009,Physical progress has shown minimal recent movement.,Prioritise milestone-level review and identify implementation bottlenecks.
618830-PROGRESS_STAGNATION,618830,618830,PROGRESS_STAGNATION,HIGH,0.0,Physical progress has shown minimal recent movement.,Prioritise milestone-level review and identify implementation bottlenecks.
618833-PROGRESS_STAGNATION,618833,618833,PROGRESS_STAGNATION,HIGH,0.0,Physical progress has shown minimal recent movement.,Prioritise milestone-level review and identify implementation bottlenecks.
618834-PROGRESS_STAGNATION,618834,618834,PROGRESS_STAGNATION,HIGH,0.0,Physical progress has shown minimal recent movement.,Prioritise milestone-level review and identify implementation bottlenecks.
618835-PROGRESS_STAGNATION,618835,618835,PROGRESS_STAGNATION,HIGH,0.0,Physical progress has shown minimal recent movement.,Prioritise milestone-level review and identify implementation bottlenecks.
618839-PROGRESS_STAGNATION,618839,618839,PROGRESS_STAGNATION,HIGH,0.0,Physical progress has shown minimal recent movement.,Prioritise milestone-level review and identify implementation bottlenecks.
618840-PROGRESS_STAGNATION,618840,618840,PROGRESS_STAGNATION,HIGH,0.0200000000000007,Physical progress has shown minimal recent movement.,Prioritise milestone-level review and identify implementation bottlenecks.
618844-PROGRESS_STAGNATION,618844,618844,PROGRESS_STAGNATION,HIGH,0.0,Physical progress has shown minimal recent movement.,Prioritise milestone-level review and identify implementation bottlenecks.
618845-PROGRESS_STAGNATION,618845,618845,PROGRESS_STAGNATION,HIGH,0.0,Physical progress has shown minimal recent movement.,Prioritise milestone-level review and identify implementation bottlenecks.
618846-PROGRESS_STAGNATION,618846,618846,PROGRESS_STAGNATION,HIGH,0.0,Physical progress has shown minimal recent movement.,Prioritise milestone-level review and identify implementation bottlenecks.
618849-PROGRESS_STAGNATION,618849,618849,PROGRESS_STAGNATION,HIGH,0.0,Physical progress has shown minimal recent movement.,Prioritise milestone-level review and identify implementation bottlenecks.
618850-PROGRESS_STAGNATION,618850,618850,PROGRESS_STAGNATION,HIGH,0.0,Physical progress has shown minimal recent movement.,Prioritise milestone-level review and identify implementation bottlenecks.
618851-PROGRESS_STAGNATION,618851,618851,PROGRESS_STAGNATION,HIGH,0.0100000000000003,Physical progress has shown minimal recent movement.,Prioritise milestone-level review and identify implementation bottlenecks.
618852-PROGRESS_STAGNATION,618852,618852,PROGRESS_STAGNATION,HIGH,0.0,Physical progress has shown minimal recent movement.,Prioritise milestone-level review and identify implementation bottlenecks.
618854-PROGRESS_STAGNATION,618854,618854,PROGRESS_STAGNATION,HIGH,0.0666666666666676,Physical progress has shown minimal recent movement.,Prioritise milestone-level review and identify implementation bottlenecks.
618855-PROGRESS_STAGNATION,618855,618855,PROGRESS_STAGNATION,HIGH,0.0666666666666676,Physical progress has shown minimal recent movement.,Prioritise milestone-level review and identify implementation bottlenecks.
618859-PROGRESS_STAGNATION,618859,618859,PROGRESS_STAGNATION,HIGH,0.0,Physical progress has shown minimal recent movement.,Prioritise milestone-level review and identify implementation bottlenecks.
618861-PROGRESS_STAGNATION,618861,618861,PROGRESS_STAGNATION,HIGH,0.0,Physical progress has shown minimal recent movement.,Prioritise milestone-level review and identify implementation bottlenecks.
618861-COST_ESCALATION,618861,618861,COST_ESCALATION,HIGH,55.71563875424814,Cost escalation is high relative to the current portfolio.,Review revised-cost basis and mitigation plan.
618862-PROGRESS_STAGNATION,618862,618862,PROGRESS_STAGNATION,HIGH,0.0,Physical progress has shown minimal recent movement.,Prioritise milestone-level review and identify implementation bottlenecks.
618863-PROGRESS_STAGNATION,618863,618863,PROGRESS_STAGNATION,HIGH,0.0,Physical progress has shown minimal recent movement.,Prioritise milestone-level review and identify implementation bottlenecks.
618866-ANOMALOUS_TRAJECTORY,618866,618866,ANOMALOUS_TRAJECTORY,MEDIUM,0.00879621053495383,Observed pattern is unusual relative to the current portfolio.,Review the underlying reporting and project milestones.
618869-COST_ESCALATION,618869,618869,COST_ESCALATION,HIGH,66.62715459617475,Cost escalation is high relative to the current portfolio.,Review revised-cost basis and mitigation plan.
618869-ANOMALOUS_TRAJECTORY,618869,618869,ANOMALOUS_TRAJECTORY,MEDIUM,0.00013811151535708666,Observed pattern is unusual relative to the current portfolio.,Review the underlying reporting and project milestones.
618870-COST_ESCALATION,618870,618870,COST_ESCALATION,HIGH,95.40639641474844,Cost escalation is high relative to the current portfolio.,Review revised-cost basis and mitigation plan.
618870-ANOMALOUS_TRAJECTORY,618870,618870,ANOMALOUS_TRAJECTORY,MEDIUM,0.004371844090713006,Observed pattern is unusual relative to the current portfolio.,Review the underlying reporting and project milestones.
618871-EXPENDITURE_PROGRESS_DIVERGENCE,618871,618871,EXPENDITURE_PROGRESS_DIVERGENCE,HIGH,21.820148367952527,Expenditure is unusually ahead of physical progress relative to the portfolio.,Review expenditure milestones against physical deliverables.
618873-EXPENDITURE_PROGRESS_DIVERGENCE,618873,618873,EXPENDITURE_PROGRESS_DIVERGENCE,HIGH,21.08664228723404,Expenditure is unusually ahead of physical progress relative to the portfolio.,Review expenditure milestones against physical deliverables.
618874-PROGRESS_STAGNATION,618874,618874,PROGRESS_STAGNATION,HIGH,0.0,Physical progress has shown minimal recent movement.,Prioritise milestone-level review and identify implementation bottlenecks.
618875-PROGRESS_STAGNATION,618875,618875,PROGRESS_STAGNATION,HIGH,0.0,Physical progress has shown minimal recent movement.,Prioritise milestone-level review and identify implementation bottlenecks.
618876-DATA_QUALITY_REVIEW,618876,618876,DATA_QUALITY_REVIEW,LOW,24.3,Evidence is insufficient for a dependable risk assessment.,Validate project identity and missing monitoring fields.
618886-EXPENDITURE_PROGRESS_DIVERGENCE,618886,618886,EXPENDITURE_PROGRESS_DIVERGENCE,HIGH,42057.35999999999,Expenditure is unusually ahead of physical progress relative to the portfolio.,Review expenditure milestones against physical deliverables.
618886-ANOMALOUS_TRAJECTORY,618886,618886,ANOMALOUS_TRAJECTORY,HIGH,0.2743634173824119,Observed pattern is unusual relative to the current portfolio.,Review the underlying reporting and project milestones.
618889-PROGRESS_STAGNATION,618889,618889,PROGRESS_STAGNATION,HIGH,0.0,Physical progress has shown minimal recent movement.,Prioritise milestone-level review and identify implementation bottlenecks.
618893-PROGRESS_STAGNATION,618893,618893,PROGRESS_STAGNATION,HIGH,0.0,Physical progress has shown minimal recent movement.,Prioritise milestone-level review and identify implementation bottlenecks.
618893-ANOMALOUS_TRAJECTORY,618893,618893,ANOMALOUS_TRAJECTORY,MEDIUM,0.031067621043442073,Observed pattern is unusual relative to the current portfolio.,Review the underlying reporting and project milestones.
618897-PROGRESS_STAGNATION,618897,618897,PROGRESS_STAGNATION,HIGH,0.0,Physical progress has shown minimal recent movement.,Prioritise milestone-level review and identify implementation bottlenecks.
618899-PROGRESS_STAGNATION,618899,618899,PROGRESS_STAGNATION,HIGH,0.0,Physical progress has shown minimal recent movement.,Prioritise milestone-level review and identify implementation bottlenecks.
618902-COST_ESCALATION,618902,618902,COST_ESCALATION,HIGH,97.93792645371656,Cost escalation is high relative to the current portfolio.,Review revised-cost basis and mitigation plan.
618904-PROGRESS_STAGNATION,618904,618904,PROGRESS_STAGNATION,HIGH,0.0,Physical progress has shown minimal recent movement.,Prioritise milestone-level review and identify implementation bottlenecks.
618906-COST_ESCALATION,618906,618906,COST_ESCALATION,HIGH,68.25424578335723,Cost escalation is high relative to the current portfolio.,Review revised-cost basis and mitigation plan.
618907-EXPENDITURE_PROGRESS_DIVERGENCE,618907,618907,EXPENDITURE_PROGRESS_DIVERGENCE,HIGH,27.066721175396367,Expenditure is unusually ahead of physical progress relative to the portfolio.,Review expenditure milestones against physical deliverables.
618908-PROGRESS_STAGNATION,618908,618908,PROGRESS_STAGNATION,HIGH,0.0,Physical progress has shown minimal recent movement.,Prioritise milestone-level review and identify implementation bottlenecks.
618908-EXPENDITURE_PROGRESS_DIVERGENCE,618908,618908,EXPENDITURE_PROGRESS_DIVERGENCE,HIGH,33.141975308641975,Expenditure is unusually ahead of physical progress relative to the portfolio.,Review expenditure milestones against physical deliverables.
618909-PROGRESS_STAGNATION,618909,618909,PROGRESS_STAGNATION,HIGH,0.0833333333333333,Physical progress has shown minimal recent movement.,Prioritise milestone-level review and identify implementation bottlenecks.
618910-PROGRESS_STAGNATION,618910,618910,PROGRESS_STAGNATION,HIGH,0.0,Physical progress has shown minimal recent movement.,Prioritise milestone-level review and identify implementation bottlenecks.
618911-PROGRESS_STAGNATION,618911,618911,PROGRESS_STAGNATION,HIGH,0.0,Physical progress has shown minimal recent movement.,Prioritise milestone-level review and identify implementation bottlenecks.
618913-PROGRESS_STAGNATION,618913,618913,PROGRESS_STAGNATION,HIGH,0.173333333333332,Physical progress has shown minimal recent movement.,Prioritise milestone-level review and identify implementation bottlenecks.
618915-PROGRESS_STAGNATION,618915,618915,PROGRESS_STAGNATION,HIGH,0.003333333333335,Physical progress has shown minimal recent movement.,Prioritise milestone-level review and identify implementation bottlenecks.
618916-PROGRESS_STAGNATION,618916,618916,PROGRESS_STAGNATION,HIGH,0.0,Physical progress has shown minimal recent movement.,Prioritise milestone-level review and identify implementation bottlenecks.
618921-COST_ESCALATION,618921,618921,COST_ESCALATION,HIGH,55.49346044567592,Cost escalation is high relative to the current portfolio.,Review revised-cost basis and mitigation plan.
618922-PROGRESS_DETERIORATION,618922,618922,PROGRESS_DETERIORATION,CRITICAL,-1.0966666666666665,Recent physical progress is declining.,Escalate for a milestone and data-quality review.
618933-EXPENDITURE_PROGRESS_DIVERGENCE,618933,618933,EXPENDITURE_PROGRESS_DIVERGENCE,HIGH,28.84059389330052,Expenditure is unusually ahead of physical progress relative to the portfolio.,Review expenditure milestones against physical deliverables.
618933-ANOMALOUS_TRAJECTORY,618933,618933,ANOMALOUS_TRAJECTORY,MEDIUM,0.01718579124013797,Observed pattern is unusual relative to the current portfolio.,Review the underlying reporting and project milestones.
618934-PROGRESS_STAGNATION,618934,618934,PROGRESS_STAGNATION,HIGH,0.0,Physical progress has shown minimal recent movement.,Prioritise milestone-level review and identify implementation bottlenecks.
618935-PROGRESS_STAGNATION,618935,618935,PROGRESS_STAGNATION,HIGH,0.0,Physical progress has shown minimal recent movement.,Prioritise milestone-level review and identify implementation bottlenecks.
618937-PROGRESS_STAGNATION,618937,618937,PROGRESS_STAGNATION,HIGH,0.0,Physical progress has shown minimal recent movement.,Prioritise milestone-level review and identify implementation bottlenecks.
618938-PROGRESS_STAGNATION,618938,618938,PROGRESS_STAGNATION,HIGH,0.0,Physical progress has shown minimal recent movement.,Prioritise milestone-level review and identify implementation bottlenecks.
618943-PROGRESS_STAGNATION,618943,618943,PROGRESS_STAGNATION,HIGH,0.0,Physical progress has shown minimal recent movement.,Prioritise milestone-level review and identify implementation bottlenecks.
618945-PROGRESS_STAGNATION,618945,618945,PROGRESS_STAGNATION,HIGH,0.0,Physical progress has shown minimal recent movement.,Prioritise milestone-level review and identify implementation bottlenecks.
618946-PROGRESS_STAGNATION,618946,618946,PROGRESS_STAGNATION,HIGH,0.1666666666666666,Physical progress has shown minimal recent movement.,Prioritise milestone-level review and identify implementation bottlenecks.
618947-PROGRESS_STAGNATION,618947,618947,PROGRESS_STAGNATION,HIGH,0.0,Physical progress has shown minimal recent movement.,Prioritise milestone-level review and identify implementation bottlenecks.
618951-PROGRESS_STAGNATION,618951,618951,PROGRESS_STAGNATION,HIGH,0.0,Physical progress has shown minimal recent movement.,Prioritise milestone-level review and identify implementation bottlenecks.
618955-PROGRESS_STAGNATION,618955,618955,PROGRESS_STAGNATION,HIGH,0.0466666666666668,Physical progress has shown minimal recent movement.,Prioritise milestone-level review and identify implementation bottlenecks.
618955-COST_ESCALATION,618955,618955,COST_ESCALATION,HIGH,67.24529602531766,Cost escalation is high relative to the current portfolio.,Review revised-cost basis and mitigation plan.
618957-PROGRESS_STAGNATION,618957,618957,PROGRESS_STAGNATION,HIGH,0.0,Physical progress has shown minimal recent movement.,Prioritise milestone-level review and identify implementation bottlenecks.
618958-PROGRESS_STAGNATION,618958,618958,PROGRESS_STAGNATION,HIGH,0.0,Physical progress has shown minimal recent movement.,Prioritise milestone-level review and identify implementation bottlenecks.
618959-PROGRESS_STAGNATION,618959,618959,PROGRESS_STAGNATION,HIGH,0.0,Physical progress has shown minimal recent movement.,Prioritise milestone-level review and identify implementation bottlenecks.
618972-PROGRESS_STAGNATION,618972,618972,PROGRESS_STAGNATION,HIGH,0.0,Physical progress has shown minimal recent movement.,Prioritise milestone-level review and identify implementation bottlenecks.
618981-PROGRESS_STAGNATION,618981,618981,PROGRESS_STAGNATION,HIGH,0.0,Physical progress has shown minimal recent movement.,Prioritise milestone-level review and identify implementation bottlenecks.
618986-PROGRESS_STAGNATION,618986,618986,PROGRESS_STAGNATION,HIGH,0.0,Physical progress has shown minimal recent movement.,Prioritise milestone-level review and identify implementation bottlenecks.
618991-PROGRESS_STAGNATION,618991,618991,PROGRESS_STAGNATION,HIGH,0.0,Physical progress has shown minimal recent movement.,Prioritise milestone-level review and identify implementation bottlenecks.
618992-PROGRESS_STAGNATION,618992,618992,PROGRESS_STAGNATION,HIGH,0.0,Physical progress has shown minimal recent movement.,Prioritise milestone-level review and identify implementation bottlenecks.
618995-PROGRESS_STAGNATION,618995,618995,PROGRESS_STAGNATION,HIGH,0.0,Physical progress has shown minimal recent movement.,Prioritise milestone-level review and identify implementation bottlenecks.
619003-PROGRESS_STAGNATION,619003,619003,PROGRESS_STAGNATION,HIGH,0.0,Physical progress has shown minimal recent movement.,Prioritise milestone-level review and identify implementation bottlenecks.
619003-COST_ESCALATION,619003,619003,COST_ESCALATION,HIGH,72.33311406990723,Cost escalation is high relative to the current portfolio.,Review revised-cost basis and mitigation plan.
619007-PROGRESS_STAGNATION,619007,619007,PROGRESS_STAGNATION,HIGH,0.0,Physical progress has shown minimal recent movement.,Prioritise milestone-level review and identify implementation bottlenecks.
619008-ANOMALOUS_TRAJECTORY,619008,619008,ANOMALOUS_TRAJECTORY,MEDIUM,0.04103834935954742,Observed pattern is unusual relative to the current portfolio.,Review the underlying reporting and project milestones.
619009-PROGRESS_STAGNATION,619009,619009,PROGRESS_STAGNATION,HIGH,0.0,Physical progress has shown minimal recent movement.,Prioritise milestone-level review and identify implementation bottlenecks.
619026-PROGRESS_STAGNATION,619026,619026,PROGRESS_STAGNATION,HIGH,0.0,Physical progress has shown minimal recent movement.,Prioritise milestone-level review and identify implementation bottlenecks.
619027-PROGRESS_STAGNATION,619027,619027,PROGRESS_STAGNATION,HIGH,0.0,Physical progress has shown minimal recent movement.,Prioritise milestone-level review and identify implementation bottlenecks.
619028-PROGRESS_STAGNATION,619028,619028,PROGRESS_STAGNATION,HIGH,0.0,Physical progress has shown minimal recent movement.,Prioritise milestone-level review and identify implementation bottlenecks.
619031-PROGRESS_STAGNATION,619031,619031,PROGRESS_STAGNATION,HIGH,0.1033333333333335,Physical progress has shown minimal recent movement.,Prioritise milestone-level review and identify implementation bottlenecks.
619038-PROGRESS_STAGNATION,619038,619038,PROGRESS_STAGNATION,HIGH,0.0,Physical progress has shown minimal recent movement.,Prioritise milestone-level review and identify implementation bottlenecks.
619045-PROGRESS_STAGNATION,619045,619045,PROGRESS_STAGNATION,HIGH,0.2233333333333333,Physical progress has shown minimal recent movement.,Prioritise milestone-level review and identify implementation bottlenecks.
619053-PROGRESS_STAGNATION,619053,619053,PROGRESS_STAGNATION,HIGH,0.0,Physical progress has shown minimal recent movement.,Prioritise milestone-level review and identify implementation bottlenecks.
619055-PROGRESS_STAGNATION,619055,619055,PROGRESS_STAGNATION,HIGH,0.0,Physical progress has shown minimal recent movement.,Prioritise milestone-level review and identify implementation bottlenecks.
619056-PROGRESS_STAGNATION,619056,619056,PROGRESS_STAGNATION,HIGH,0.25,Physical progress has shown minimal recent movement.,Prioritise milestone-level review and identify implementation bottlenecks.
619057-PROGRESS_STAGNATION,619057,619057,PROGRESS_STAGNATION,HIGH,0.0,Physical progress has shown minimal recent movement.,Prioritise milestone-level review and identify implementation bottlenecks.
619060-COST_ESCALATION,619060,619060,COST_ESCALATION,HIGH,79.77430303733576,Cost escalation is high relative to the current portfolio.,Review revised-cost basis and mitigation plan.
619063-PROGRESS_STAGNATION,619063,619063,PROGRESS_STAGNATION,HIGH,0.0,Physical progress has shown minimal recent movement.,Prioritise milestone-level review and identify implementation bottlenecks.
619064-PROGRESS_STAGNATION,619064,619064,PROGRESS_STAGNATION,HIGH,0.0,Physical progress has shown minimal recent movement.,Prioritise milestone-level review and identify implementation bottlenecks.
619067-PROGRESS_STAGNATION,619067,619067,PROGRESS_STAGNATION,HIGH,0.0,Physical progress has shown minimal recent movement.,Prioritise milestone-level review and identify implementation bottlenecks.
619069-PROGRESS_STAGNATION,619069,619069,PROGRESS_STAGNATION,HIGH,0.0,Physical progress has shown minimal recent movement.,Prioritise milestone-level review and identify implementation bottlenecks.
619070-PROGRESS_STAGNATION,619070,619070,PROGRESS_STAGNATION,HIGH,0.0,Physical progress has shown minimal recent movement.,Prioritise milestone-level review and identify implementation bottlenecks.
619072-PROGRESS_STAGNATION,619072,619072,PROGRESS_STAGNATION,HIGH,0.0566666666666672,Physical progress has shown minimal recent movement.,Prioritise milestone-level review and identify implementation bottlenecks.
619073-PROGRESS_STAGNATION,619073,619073,PROGRESS_STAGNATION,HIGH,0.0,Physical progress has shown minimal recent movement.,Prioritise milestone-level review and identify implementation bottlenecks.
619074-PROGRESS_STAGNATION,619074,619074,PROGRESS_STAGNATION,HIGH,0.0,Physical progress has shown minimal recent movement.,Prioritise milestone-level review and identify implementation bottlenecks.
619075-PROGRESS_STAGNATION,619075,619075,PROGRESS_STAGNATION,HIGH,0.1600000000000013,Physical progress has shown minimal recent movement.,Prioritise milestone-level review and identify implementation bottlenecks.
619076-PROGRESS_STAGNATION,619076,619076,PROGRESS_STAGNATION,HIGH,0.0,Physical progress has shown minimal recent movement.,Prioritise milestone-level review and identify implementation bottlenecks.
619077-PROGRESS_STAGNATION,619077,619077,PROGRESS_STAGNATION,HIGH,0.0,Physical progress has shown minimal recent movement.,Prioritise milestone-level review and identify implementation bottlenecks.
619078-PROGRESS_STAGNATION,619078,619078,PROGRESS_STAGNATION,HIGH,0.0,Physical progress has shown minimal recent movement.,Prioritise milestone-level review and identify implementation bottlenecks.
619083-PROGRESS_STAGNATION,619083,619083,PROGRESS_STAGNATION,HIGH,0.0,Physical progress has shown minimal recent movement.,Prioritise milestone-level review and identify implementation bottlenecks.
619084-PROGRESS_STAGNATION,619084,619084,PROGRESS_STAGNATION,HIGH,0.0,Physical progress has shown minimal recent movement.,Prioritise milestone-level review and identify implementation bottlenecks.
619086-PROGRESS_STAGNATION,619086,619086,PROGRESS_STAGNATION,HIGH,0.0,Physical progress has shown minimal recent movement.,Prioritise milestone-level review and identify implementation bottlenecks.
619086-ANOMALOUS_TRAJECTORY,619086,619086,ANOMALOUS_TRAJECTORY,MEDIUM,0.013296062575512357,Observed pattern is unusual relative to the current portfolio.,Review the underlying reporting and project milestones.
619090-PROGRESS_STAGNATION,619090,619090,PROGRESS_STAGNATION,HIGH,0.0,Physical progress has shown minimal recent movement.,Prioritise milestone-level review and identify implementation bottlenecks.
619092-PROGRESS_STAGNATION,619092,619092,PROGRESS_STAGNATION,HIGH,0.0,Physical progress has shown minimal recent movement.,Prioritise milestone-level review and identify implementation bottlenecks.
619092-COST_ESCALATION,619092,619092,COST_ESCALATION,HIGH,61.61614129669488,Cost escalation is high relative to the current portfolio.,Review revised-cost basis and mitigation plan.
619094-PROGRESS_DETERIORATION,619094,619094,PROGRESS_DETERIORATION,CRITICAL,-1.6633333333333364,Recent physical progress is declining.,Escalate for a milestone and data-quality review.
619096-PROGRESS_STAGNATION,619096,619096,PROGRESS_STAGNATION,HIGH,0.0466666666666668,Physical progress has shown minimal recent movement.,Prioritise milestone-level review and identify implementation bottlenecks.
619097-PROGRESS_STAGNATION,619097,619097,PROGRESS_STAGNATION,HIGH,0.0,Physical progress has shown minimal recent movement.,Prioritise milestone-level review and identify implementation bottlenecks.
619098-PROGRESS_STAGNATION,619098,619098,PROGRESS_STAGNATION,HIGH,0.0,Physical progress has shown minimal recent movement.,Prioritise milestone-level review and identify implementation bottlenecks.
619098-COST_ESCALATION,619098,619098,COST_ESCALATION,HIGH,50.14212820314857,Cost escalation is high relative to the current portfolio.,Review revised-cost basis and mitigation plan.
619100-PROGRESS_STAGNATION,619100,619100,PROGRESS_STAGNATION,HIGH,0.0,Physical progress has shown minimal recent movement.,Prioritise milestone-level review and identify implementation bottlenecks.
619101-PROGRESS_STAGNATION,619101,619101,PROGRESS_STAGNATION,HIGH,0.0,Physical progress has shown minimal recent movement.,Prioritise milestone-level review and identify implementation bottlenecks.
619103-PROGRESS_STAGNATION,619103,619103,PROGRESS_STAGNATION,HIGH,0.0,Physical progress has shown minimal recent movement.,Prioritise milestone-level review and identify implementation bottlenecks.
619109-PROGRESS_STAGNATION,619109,619109,PROGRESS_STAGNATION,HIGH,0.0,Physical progress has shown minimal recent movement.,Prioritise milestone-level review and identify implementation bottlenecks.
619111-PROGRESS_STAGNATION,619111,619111,PROGRESS_STAGNATION,HIGH,0.1700000000000017,Physical progress has shown minimal recent movement.,Prioritise milestone-level review and identify implementation bottlenecks.
619113-DATA_QUALITY_REVIEW,619113,619113,DATA_QUALITY_REVIEW,LOW,28.6,Evidence is insufficient for a dependable risk assessment.,Validate project identity and missing monitoring fields.
619114-PROGRESS_STAGNATION,619114,619114,PROGRESS_STAGNATION,HIGH,0.0,Physical progress has shown minimal recent movement.,Prioritise milestone-level review and identify implementation bottlenecks.
619115-DATA_QUALITY_REVIEW,619115,619115,DATA_QUALITY_REVIEW,LOW,28.6,Evidence is insufficient for a dependable risk assessment.,Validate project identity and missing monitoring fields.
619117-PROGRESS_STAGNATION,619117,619117,PROGRESS_STAGNATION,HIGH,0.0,Physical progress has shown minimal recent movement.,Prioritise milestone-level review and identify implementation bottlenecks.
619118-PROGRESS_STAGNATION,619118,619118,PROGRESS_STAGNATION,HIGH,0.0,Physical progress has shown minimal recent movement.,Prioritise milestone-level review and identify implementation bottlenecks.
619119-PROGRESS_STAGNATION,619119,619119,PROGRESS_STAGNATION,HIGH,0.0,Physical progress has shown minimal recent movement.,Prioritise milestone-level review and identify implementation bottlenecks.
619120-PROGRESS_STAGNATION,619120,619120,PROGRESS_STAGNATION,HIGH,0.0,Physical progress has shown minimal recent movement.,Prioritise milestone-level review and identify implementation bottlenecks.
619121-PROGRESS_STAGNATION,619121,619121,PROGRESS_STAGNATION,HIGH,0.2166666666666685,Physical progress has shown minimal recent movement.,Prioritise milestone-level review and identify implementation bottlenecks.
619122-PROGRESS_STAGNATION,619122,619122,PROGRESS_STAGNATION,HIGH,0.0,Physical progress has shown minimal recent movement.,Prioritise milestone-level review and identify implementation bottlenecks.
619124-PROGRESS_STAGNATION,619124,619124,PROGRESS_STAGNATION,HIGH,0.2000000000000028,Physical progress has shown minimal recent movement.,Prioritise milestone-level review and identify implementation bottlenecks.
619126-PROGRESS_STAGNATION,619126,619126,PROGRESS_STAGNATION,HIGH,0.0,Physical progress has shown minimal recent movement.,Prioritise milestone-level review and identify implementation bottlenecks.
619128-PROGRESS_STAGNATION,619128,619128,PROGRESS_STAGNATION,HIGH,0.0,Physical progress has shown minimal recent movement.,Prioritise milestone-level review and identify implementation bottlenecks.
619128-COST_ESCALATION,619128,619128,COST_ESCALATION,HIGH,59.41407645587711,Cost escalation is high relative to the current portfolio.,Review revised-cost basis and mitigation plan.
619129-PROGRESS_STAGNATION,619129,619129,PROGRESS_STAGNATION,HIGH,0.0,Physical progress has shown minimal recent movement.,Prioritise milestone-level review and identify implementation bottlenecks.
619130-PROGRESS_STAGNATION,619130,619130,PROGRESS_STAGNATION,HIGH,0.0,Physical progress has shown minimal recent movement.,Prioritise milestone-level review and identify implementation bottlenecks.
619131-PROGRESS_STAGNATION,619131,619131,PROGRESS_STAGNATION,HIGH,0.0,Physical progress has shown minimal recent movement.,Prioritise milestone-level review and identify implementation bottlenecks.
619136-PROGRESS_STAGNATION,619136,619136,PROGRESS_STAGNATION,HIGH,0.1666666666666666,Physical progress has shown minimal recent movement.,Prioritise milestone-level review and identify implementation bottlenecks.
619137-PROGRESS_STAGNATION,619137,619137,PROGRESS_STAGNATION,HIGH,0.0,Physical progress has shown minimal recent movement.,Prioritise milestone-level review and identify implementation bottlenecks.
619139-PROGRESS_STAGNATION,619139,619139,PROGRESS_STAGNATION,HIGH,0.1199999999999998,Physical progress has shown minimal recent movement.,Prioritise milestone-level review and identify implementation bottlenecks.
619142-PROGRESS_STAGNATION,619142,619142,PROGRESS_STAGNATION,HIGH,0.0,Physical progress has shown minimal recent movement.,Prioritise milestone-level review and identify implementation bottlenecks.
619144-PROGRESS_STAGNATION,619144,619144,PROGRESS_STAGNATION,HIGH,0.0,Physical progress has shown minimal recent movement.,Prioritise milestone-level review and identify implementation bottlenecks.
619145-PROGRESS_STAGNATION,619145,619145,PROGRESS_STAGNATION,HIGH,0.0,Physical progress has shown minimal recent movement.,Prioritise milestone-level review and identify implementation bottlenecks.
619146-PROGRESS_STAGNATION,619146,619146,PROGRESS_STAGNATION,HIGH,0.0,Physical progress has shown minimal recent movement.,Prioritise milestone-level review and identify implementation bottlenecks.
619147-PROGRESS_STAGNATION,619147,619147,PROGRESS_STAGNATION,HIGH,0.2366666666666645,Physical progress has shown minimal recent movement.,Prioritise milestone-level review and identify implementation bottlenecks.
619148-PROGRESS_STAGNATION,619148,619148,PROGRESS_STAGNATION,HIGH,0.0,Physical progress has shown minimal recent movement.,Prioritise milestone-level review and identify implementation bottlenecks.
619150-PROGRESS_STAGNATION,619150,619150,PROGRESS_STAGNATION,HIGH,0.0,Physical progress has shown minimal recent movement.,Prioritise milestone-level review and identify implementation bottlenecks.
619152-PROGRESS_STAGNATION,619152,619152,PROGRESS_STAGNATION,HIGH,0.0,Physical progress has shown minimal recent movement.,Prioritise milestone-level review and identify implementation bottlenecks.
619157-PROGRESS_STAGNATION,619157,619157,PROGRESS_STAGNATION,HIGH,0.0,Physical progress has shown minimal recent movement.,Prioritise milestone-level review and identify implementation bottlenecks.
619158-PROGRESS_STAGNATION,619158,619158,PROGRESS_STAGNATION,HIGH,0.0,Physical progress has shown minimal recent movement.,Prioritise milestone-level review and identify implementation bottlenecks.
619160-PROGRESS_STAGNATION,619160,619160,PROGRESS_STAGNATION,HIGH,0.0,Physical progress has shown minimal recent movement.,Prioritise milestone-level review and identify implementation bottlenecks.
619162-PROGRESS_STAGNATION,619162,619162,PROGRESS_STAGNATION,HIGH,0.0,Physical progress has shown minimal recent movement.,Prioritise milestone-level review and identify implementation bottlenecks.
619163-PROGRESS_STAGNATION,619163,619163,PROGRESS_STAGNATION,HIGH,0.0,Physical progress has shown minimal recent movement.,Prioritise milestone-level review and identify implementation bottlenecks.
619165-PROGRESS_STAGNATION,619165,619165,PROGRESS_STAGNATION,HIGH,0.0,Physical progress has shown minimal recent movement.,Prioritise milestone-level review and identify implementation bottlenecks.
619166-PROGRESS_STAGNATION,619166,619166,PROGRESS_STAGNATION,HIGH,0.0333333333333314,Physical progress has shown minimal recent movement.,Prioritise milestone-level review and identify implementation bottlenecks.
619167-PROGRESS_STAGNATION,619167,619167,PROGRESS_STAGNATION,HIGH,0.0,Physical progress has shown minimal recent movement.,Prioritise milestone-level review and identify implementation bottlenecks.
619168-PROGRESS_STAGNATION,619168,619168,PROGRESS_STAGNATION,HIGH,0.0600000000000022,Physical progress has shown minimal recent movement.,Prioritise milestone-level review and identify implementation bottlenecks.
619171-PROGRESS_STAGNATION,619171,619171,PROGRESS_STAGNATION,HIGH,0.0,Physical progress has shown minimal recent movement.,Prioritise milestone-level review and identify implementation bottlenecks.
619172-PROGRESS_STAGNATION,619172,619172,PROGRESS_STAGNATION,HIGH,0.0,Physical progress has shown minimal recent movement.,Prioritise milestone-level review and identify implementation bottlenecks.
619184-EXPENDITURE_PROGRESS_DIVERGENCE,619184,619184,EXPENDITURE_PROGRESS_DIVERGENCE,HIGH,121940.72318317044,Expenditure is unusually ahead of physical progress relative to the portfolio.,Review expenditure milestones against physical deliverables.
619184-COST_ESCALATION,619184,619184,COST_ESCALATION,HIGH,81.47987466859486,Cost escalation is high relative to the current portfolio.,Review revised-cost basis and mitigation plan.
619184-ANOMALOUS_TRAJECTORY,619184,619184,ANOMALOUS_TRAJECTORY,HIGH,0.3321913828874826,Observed pattern is unusual relative to the current portfolio.,Review the underlying reporting and project milestones.
619185-COST_ESCALATION,619185,619185,COST_ESCALATION,HIGH,81.4774460666812,Cost escalation is high relative to the current portfolio.,Review revised-cost basis and mitigation plan.
619186-PROGRESS_STAGNATION,619186,619186,PROGRESS_STAGNATION,HIGH,0.1133333333333332,Physical progress has shown minimal recent movement.,Prioritise milestone-level review and identify implementation bottlenecks.
619193-PROGRESS_STAGNATION,619193,619193,PROGRESS_STAGNATION,HIGH,0.0,Physical progress has shown minimal recent movement.,Prioritise milestone-level review and identify implementation bottlenecks.
619193-EXPENDITURE_PROGRESS_DIVERGENCE,619193,619193,EXPENDITURE_PROGRESS_DIVERGENCE,HIGH,29.28229138044321,Expenditure is unusually ahead of physical progress relative to the portfolio.,Review expenditure milestones against physical deliverables.
619198-PROGRESS_STAGNATION,619198,619198,PROGRESS_STAGNATION,HIGH,0.1633333333333363,Physical progress has shown minimal recent movement.,Prioritise milestone-level review and identify implementation bottlenecks.
619199-PROGRESS_STAGNATION,619199,619199,PROGRESS_STAGNATION,HIGH,0.2433333333333346,Physical progress has shown minimal recent movement.,Prioritise milestone-level review and identify implementation bottlenecks.
619200-EXPENDITURE_PROGRESS_DIVERGENCE,619200,619200,EXPENDITURE_PROGRESS_DIVERGENCE,HIGH,36.04803760823896,Expenditure is unusually ahead of physical progress relative to the portfolio.,Review expenditure milestones against physical deliverables.
619202-PROGRESS_STAGNATION,619202,619202,PROGRESS_STAGNATION,HIGH,0.0,Physical progress has shown minimal recent movement.,Prioritise milestone-level review and identify implementation bottlenecks.
619202-COST_ESCALATION,619202,619202,COST_ESCALATION,HIGH,83.22166114134109,Cost escalation is high relative to the current portfolio.,Review revised-cost basis and mitigation plan.
619206-PROGRESS_STAGNATION,619206,619206,PROGRESS_STAGNATION,HIGH,0.0,Physical progress has shown minimal recent movement.,Prioritise milestone-level review and identify implementation bottlenecks.
619207-PROGRESS_STAGNATION,619207,619207,PROGRESS_STAGNATION,HIGH,0.0,Physical progress has shown minimal recent movement.,Prioritise milestone-level review and identify implementation bottlenecks.
619208-PROGRESS_STAGNATION,619208,619208,PROGRESS_STAGNATION,HIGH,0.0,Physical progress has shown minimal recent movement.,Prioritise milestone-level review and identify implementation bottlenecks.
619209-PROGRESS_STAGNATION,619209,619209,PROGRESS_STAGNATION,HIGH,0.173333333333332,Physical progress has shown minimal recent movement.,Prioritise milestone-level review and identify implementation bottlenecks.
619210-PROGRESS_STAGNATION,619210,619210,PROGRESS_STAGNATION,HIGH,0.0,Physical progress has shown minimal recent movement.,Prioritise milestone-level review and identify implementation bottlenecks.
619211-PROGRESS_STAGNATION,619211,619211,PROGRESS_STAGNATION,HIGH,0.0,Physical progress has shown minimal recent movement.,Prioritise milestone-level review and identify implementation bottlenecks.
619213-PROGRESS_STAGNATION,619213,619213,PROGRESS_STAGNATION,HIGH,0.0133333333333306,Physical progress has shown minimal recent movement.,Prioritise milestone-level review and identify implementation bottlenecks.
619214-PROGRESS_STAGNATION,619214,619214,PROGRESS_STAGNATION,HIGH,0.0,Physical progress has shown minimal recent movement.,Prioritise milestone-level review and identify implementation bottlenecks.
619215-PROGRESS_STAGNATION,619215,619215,PROGRESS_STAGNATION,HIGH,0.0,Physical progress has shown minimal recent movement.,Prioritise milestone-level review and identify implementation bottlenecks.
619218-PROGRESS_STAGNATION,619218,619218,PROGRESS_STAGNATION,HIGH,0.0,Physical progress has shown minimal recent movement.,Prioritise milestone-level review and identify implementation bottlenecks.
619219-PROGRESS_STAGNATION,619219,619219,PROGRESS_STAGNATION,HIGH,0.003333333333335,Physical progress has shown minimal recent movement.,Prioritise milestone-level review and identify implementation bottlenecks.
619220-PROGRESS_STAGNATION,619220,619220,PROGRESS_STAGNATION,HIGH,0.2333333333333342,Physical progress has shown minimal recent movement.,Prioritise milestone-level review and identify implementation bottlenecks.
619222-PROGRESS_STAGNATION,619222,619222,PROGRESS_STAGNATION,HIGH,0.0,Physical progress has shown minimal recent movement.,Prioritise milestone-level review and identify implementation bottlenecks.
619222-COST_ESCALATION,619222,619222,COST_ESCALATION,HIGH,49.507468108292905,Cost escalation is high relative to the current portfolio.,Review revised-cost basis and mitigation plan.
619225-PROGRESS_STAGNATION,619225,619225,PROGRESS_STAGNATION,HIGH,0.0,Physical progress has shown minimal recent movement.,Prioritise milestone-level review and identify implementation bottlenecks.
619228-PROGRESS_STAGNATION,619228,619228,PROGRESS_STAGNATION,HIGH,0.0,Physical progress has shown minimal recent movement.,Prioritise milestone-level review and identify implementation bottlenecks.
619229-DATA_QUALITY_REVIEW,619229,619229,DATA_QUALITY_REVIEW,LOW,28.6,Evidence is insufficient for a dependable risk assessment.,Validate project identity and missing monitoring fields.
619291-PROGRESS_STAGNATION,619291,619291,PROGRESS_STAGNATION,HIGH,0.0,Physical progress has shown minimal recent movement.,Prioritise milestone-level review and identify implementation bottlenecks.
619292-PROGRESS_STAGNATION,619292,619292,PROGRESS_STAGNATION,HIGH,0.0,Physical progress has shown minimal recent movement.,Prioritise milestone-level review and identify implementation bottlenecks.
619295-PROGRESS_STAGNATION,619295,619295,PROGRESS_STAGNATION,HIGH,0.0,Physical progress has shown minimal recent movement.,Prioritise milestone-level review and identify implementation bottlenecks.
619301-PROGRESS_STAGNATION,619301,619301,PROGRESS_STAGNATION,HIGH,0.0,Physical progress has shown minimal recent movement.,Prioritise milestone-level review and identify implementation bottlenecks.
619308-PROGRESS_STAGNATION,619308,619308,PROGRESS_STAGNATION,HIGH,0.0,Physical progress has shown minimal recent movement.,Prioritise milestone-level review and identify implementation bottlenecks.
619311-PROGRESS_STAGNATION,619311,619311,PROGRESS_STAGNATION,HIGH,0.0,Physical progress has shown minimal recent movement.,Prioritise milestone-level review and identify implementation bottlenecks.
619317-PROGRESS_STAGNATION,619317,619317,PROGRESS_STAGNATION,HIGH,0.0,Physical progress has shown minimal recent movement.,Prioritise milestone-level review and identify implementation bottlenecks.
619317-ANOMALOUS_TRAJECTORY,619317,619317,ANOMALOUS_TRAJECTORY,MEDIUM,0.013056295572419274,Observed pattern is unusual relative to the current portfolio.,Review the underlying reporting and project milestones.
619318-PROGRESS_STAGNATION,619318,619318,PROGRESS_STAGNATION,HIGH,0.0,Physical progress has shown minimal recent movement.,Prioritise milestone-level review and identify implementation bottlenecks.
619318-EXPENDITURE_PROGRESS_DIVERGENCE,619318,619318,EXPENDITURE_PROGRESS_DIVERGENCE,HIGH,23.267773277009432,Expenditure is unusually ahead of physical progress relative to the portfolio.,Review expenditure milestones against physical deliverables.
619320-DATA_QUALITY_REVIEW,619320,619320,DATA_QUALITY_REVIEW,LOW,28.6,Evidence is insufficient for a dependable risk assessment.,Validate project identity and missing monitoring fields.
619326-DATA_QUALITY_REVIEW,619326,619326,DATA_QUALITY_REVIEW,LOW,28.6,Evidence is insufficient for a dependable risk assessment.,Validate project identity and missing monitoring fields.
701168-COST_ESCALATION,701168,701168,COST_ESCALATION,HIGH,59.929588607594944,Cost escalation is high relative to the current portfolio.,Review revised-cost basis and mitigation plan.
701170-PROGRESS_STAGNATION,701170,701170,PROGRESS_STAGNATION,HIGH,0.099999999999999,Physical progress has shown minimal recent movement.,Prioritise milestone-level review and identify implementation bottlenecks.
701171-PROGRESS_STAGNATION,701171,701171,PROGRESS_STAGNATION,HIGH,0.1233333333333348,Physical progress has shown minimal recent movement.,Prioritise milestone-level review and identify implementation bottlenecks.
701172-EXPENDITURE_PROGRESS_DIVERGENCE,701172,701172,EXPENDITURE_PROGRESS_DIVERGENCE,HIGH,10201.44820549632,Expenditure is unusually ahead of physical progress relative to the portfolio.,Review expenditure milestones against physical deliverables.
701172-ANOMALOUS_TRAJECTORY,701172,701172,ANOMALOUS_TRAJECTORY,HIGH,0.2741535451528099,Observed pattern is unusual relative to the current portfolio.,Review the underlying reporting and project milestones.
701228-COST_ESCALATION,701228,701228,COST_ESCALATION,HIGH,102.71012006861064,Cost escalation is high relative to the current portfolio.,Review revised-cost basis and mitigation plan.
701263-ANOMALOUS_TRAJECTORY,701263,701263,ANOMALOUS_TRAJECTORY,MEDIUM,0.010037130732715893,Observed pattern is unusual relative to the current portfolio.,Review the underlying reporting and project milestones.
701330-PROGRESS_STAGNATION,701330,701330,PROGRESS_STAGNATION,HIGH,0.0,Physical progress has shown minimal recent movement.,Prioritise milestone-level review and identify implementation bottlenecks.
701338-PROGRESS_STAGNATION,701338,701338,PROGRESS_STAGNATION,HIGH,0.0,Physical progress has shown minimal recent movement.,Prioritise milestone-level review and identify implementation bottlenecks.
701338-EXPENDITURE_PROGRESS_DIVERGENCE,701338,701338,EXPENDITURE_PROGRESS_DIVERGENCE,HIGH,33.974345076784104,Expenditure is unusually ahead of physical progress relative to the portfolio.,Review expenditure milestones against physical deliverables.
701344-PROGRESS_STAGNATION,701344,701344,PROGRESS_STAGNATION,HIGH,0.2333333333333342,Physical progress has shown minimal recent movement.,Prioritise milestone-level review and identify implementation bottlenecks.
701350-DATA_QUALITY_REVIEW,701350,701350,DATA_QUALITY_REVIEW,LOW,28.6,Evidence is insufficient for a dependable risk assessment.,Validate project identity and missing monitoring fields.
701370-PROGRESS_STAGNATION,701370,701370,PROGRESS_STAGNATION,HIGH,0.0,Physical progress has shown minimal recent movement.,Prioritise milestone-level review and identify implementation bottlenecks.
701372-PROGRESS_STAGNATION,701372,701372,PROGRESS_STAGNATION,HIGH,0.0,Physical progress has shown minimal recent movement.,Prioritise milestone-level review and identify implementation bottlenecks.
701372-COST_ESCALATION,701372,701372,COST_ESCALATION,HIGH,61.2714829543343,Cost escalation is high relative to the current portfolio.,Review revised-cost basis and mitigation plan.
701376-PROGRESS_STAGNATION,701376,701376,PROGRESS_STAGNATION,HIGH,0.0,Physical progress has shown minimal recent movement.,Prioritise milestone-level review and identify implementation bottlenecks.
701376-COST_ESCALATION,701376,701376,COST_ESCALATION,HIGH,151.57979604860589,Cost escalation is high relative to the current portfolio.,Review revised-cost basis and mitigation plan.
701377-PROGRESS_STAGNATION,701377,701377,PROGRESS_STAGNATION,HIGH,0.0,Physical progress has shown minimal recent movement.,Prioritise milestone-level review and identify implementation bottlenecks.
701377-COST_ESCALATION,701377,701377,COST_ESCALATION,HIGH,108.53718707800977,Cost escalation is high relative to the current portfolio.,Review revised-cost basis and mitigation plan.
701383-PROGRESS_STAGNATION,701383,701383,PROGRESS_STAGNATION,HIGH,0.0,Physical progress has shown minimal recent movement.,Prioritise milestone-level review and identify implementation bottlenecks.
701383-COST_ESCALATION,701383,701383,COST_ESCALATION,HIGH,66.05539240219454,Cost escalation is high relative to the current portfolio.,Review revised-cost basis and mitigation plan.
701386-PROGRESS_STAGNATION,701386,701386,PROGRESS_STAGNATION,HIGH,0.0,Physical progress has shown minimal recent movement.,Prioritise milestone-level review and identify implementation bottlenecks.
701386-EXPENDITURE_PROGRESS_DIVERGENCE,701386,701386,EXPENDITURE_PROGRESS_DIVERGENCE,HIGH,40.42241133585483,Expenditure is unusually ahead of physical progress relative to the portfolio.,Review expenditure milestones against physical deliverables.
701386-COST_ESCALATION,701386,701386,COST_ESCALATION,HIGH,77.44949954630535,Cost escalation is high relative to the current portfolio.,Review revised-cost basis and mitigation plan.
701391-COST_ESCALATION,701391,701391,COST_ESCALATION,HIGH,599.52007602756,Cost escalation is high relative to the current portfolio.,Review revised-cost basis and mitigation plan.
701391-ANOMALOUS_TRAJECTORY,701391,701391,ANOMALOUS_TRAJECTORY,HIGH,0.12257402470970091,Observed pattern is unusual relative to the current portfolio.,Review the underlying reporting and project milestones.
701395-PROGRESS_STAGNATION,701395,701395,PROGRESS_STAGNATION,HIGH,0.0,Physical progress has shown minimal recent movement.,Prioritise milestone-level review and identify implementation bottlenecks.
701396-PROGRESS_STAGNATION,701396,701396,PROGRESS_STAGNATION,HIGH,0.0,Physical progress has shown minimal recent movement.,Prioritise milestone-level review and identify implementation bottlenecks.
701396-EXPENDITURE_PROGRESS_DIVERGENCE,701396,701396,EXPENDITURE_PROGRESS_DIVERGENCE,HIGH,142.06760316066726,Expenditure is unusually ahead of physical progress relative to the portfolio.,Review expenditure milestones against physical deliverables.
701396-COST_ESCALATION,701396,701396,COST_ESCALATION,HIGH,478.4662265109192,Cost escalation is high relative to the current portfolio.,Review revised-cost basis and mitigation plan.
701396-ANOMALOUS_TRAJECTORY,701396,701396,ANOMALOUS_TRAJECTORY,HIGH,0.23118805874423565,Observed pattern is unusual relative to the current portfolio.,Review the underlying reporting and project milestones.
701398-EXPENDITURE_PROGRESS_DIVERGENCE,701398,701398,EXPENDITURE_PROGRESS_DIVERGENCE,HIGH,37.52797851250239,Expenditure is unusually ahead of physical progress relative to the portfolio.,Review expenditure milestones against physical deliverables.
701398-COST_ESCALATION,701398,701398,COST_ESCALATION,HIGH,269.7389577225007,Cost escalation is high relative to the current portfolio.,Review revised-cost basis and mitigation plan.
701398-ANOMALOUS_TRAJECTORY,701398,701398,ANOMALOUS_TRAJECTORY,MEDIUM,0.08038793741421124,Observed pattern is unusual relative to the current portfolio.,Review the underlying reporting and project milestones.
701399-PROGRESS_STAGNATION,701399,701399,PROGRESS_STAGNATION,HIGH,0.0,Physical progress has shown minimal recent movement.,Prioritise milestone-level review and identify implementation bottlenecks.
701400-PROGRESS_STAGNATION,701400,701400,PROGRESS_STAGNATION,HIGH,0.0333333333333314,Physical progress has shown minimal recent movement.,Prioritise milestone-level review and identify implementation bottlenecks.
701402-PROGRESS_STAGNATION,701402,701402,PROGRESS_STAGNATION,HIGH,0.0,Physical progress has shown minimal recent movement.,Prioritise milestone-level review and identify implementation bottlenecks.
701402-EXPENDITURE_PROGRESS_DIVERGENCE,701402,701402,EXPENDITURE_PROGRESS_DIVERGENCE,HIGH,23.073183980498897,Expenditure is unusually ahead of physical progress relative to the portfolio.,Review expenditure milestones against physical deliverables.
701402-COST_ESCALATION,701402,701402,COST_ESCALATION,HIGH,129.82545126117515,Cost escalation is high relative to the current portfolio.,Review revised-cost basis and mitigation plan.
701402-ANOMALOUS_TRAJECTORY,701402,701402,ANOMALOUS_TRAJECTORY,MEDIUM,0.022858218322274804,Observed pattern is unusual relative to the current portfolio.,Review the underlying reporting and project milestones.
701404-PROGRESS_STAGNATION,701404,701404,PROGRESS_STAGNATION,HIGH,0.0,Physical progress has shown minimal recent movement.,Prioritise milestone-level review and identify implementation bottlenecks.
701404-EXPENDITURE_PROGRESS_DIVERGENCE,701404,701404,EXPENDITURE_PROGRESS_DIVERGENCE,HIGH,42.35218660919139,Expenditure is unusually ahead of physical progress relative to the portfolio.,Review expenditure milestones against physical deliverables.
701404-COST_ESCALATION,701404,701404,COST_ESCALATION,HIGH,132.5864386566003,Cost escalation is high relative to the current portfolio.,Review revised-cost basis and mitigation plan.
701404-ANOMALOUS_TRAJECTORY,701404,701404,ANOMALOUS_TRAJECTORY,MEDIUM,0.03099772866882944,Observed pattern is unusual relative to the current portfolio.,Review the underlying reporting and project milestones.
701405-PROGRESS_STAGNATION,701405,701405,PROGRESS_STAGNATION,HIGH,0.0,Physical progress has shown minimal recent movement.,Prioritise milestone-level review and identify implementation bottlenecks.
701405-COST_ESCALATION,701405,701405,COST_ESCALATION,HIGH,79.61859399978785,Cost escalation is high relative to the current portfolio.,Review revised-cost basis and mitigation plan.
701406-PROGRESS_STAGNATION,701406,701406,PROGRESS_STAGNATION,HIGH,0.0,Physical progress has shown minimal recent movement.,Prioritise milestone-level review and identify implementation bottlenecks.
701408-PROGRESS_STAGNATION,701408,701408,PROGRESS_STAGNATION,HIGH,0.0,Physical progress has shown minimal recent movement.,Prioritise milestone-level review and identify implementation bottlenecks.
701408-EXPENDITURE_PROGRESS_DIVERGENCE,701408,701408,EXPENDITURE_PROGRESS_DIVERGENCE,HIGH,21.19891698606133,Expenditure is unusually ahead of physical progress relative to the portfolio.,Review expenditure milestones against physical deliverables.
701408-COST_ESCALATION,701408,701408,COST_ESCALATION,HIGH,316.4546937313208,Cost escalation is high relative to the current portfolio.,Review revised-cost basis and mitigation plan.
701408-ANOMALOUS_TRAJECTORY,701408,701408,ANOMALOUS_TRAJECTORY,MEDIUM,0.0701483006617637,Observed pattern is unusual relative to the current portfolio.,Review the underlying reporting and project milestones.
701410-COST_ESCALATION,701410,701410,COST_ESCALATION,HIGH,70.8338537113359,Cost escalation is high relative to the current portfolio.,Review revised-cost basis and mitigation plan.
701411-PROGRESS_STAGNATION,701411,701411,PROGRESS_STAGNATION,HIGH,0.0,Physical progress has shown minimal recent movement.,Prioritise milestone-level review and identify implementation bottlenecks.
701412-COST_ESCALATION,701412,701412,COST_ESCALATION,HIGH,49.83695685675013,Cost escalation is high relative to the current portfolio.,Review revised-cost basis and mitigation plan.
701415-PROGRESS_STAGNATION,701415,701415,PROGRESS_STAGNATION,HIGH,0.003333333333335,Physical progress has shown minimal recent movement.,Prioritise milestone-level review and identify implementation bottlenecks.
701415-COST_ESCALATION,701415,701415,COST_ESCALATION,HIGH,447.2234372044637,Cost escalation is high relative to the current portfolio.,Review revised-cost basis and mitigation plan.
701415-ANOMALOUS_TRAJECTORY,701415,701415,ANOMALOUS_TRAJECTORY,HIGH,0.12339810147503272,Observed pattern is unusual relative to the current portfolio.,Review the underlying reporting and project milestones.
701530-PROGRESS_STAGNATION,701530,701530,PROGRESS_STAGNATION,HIGH,0.0,Physical progress has shown minimal recent movement.,Prioritise milestone-level review and identify implementation bottlenecks.
701530-EXPENDITURE_PROGRESS_DIVERGENCE,701530,701530,EXPENDITURE_PROGRESS_DIVERGENCE,HIGH,40.56519258202568,Expenditure is unusually ahead of physical progress relative to the portfolio.,Review expenditure milestones against physical deliverables.
701565-ANOMALOUS_TRAJECTORY,701565,701565,ANOMALOUS_TRAJECTORY,MEDIUM,7.403975212949554e-05,Observed pattern is unusual relative to the current portfolio.,Review the underlying reporting and project milestones.
701568-DATA_QUALITY_REVIEW,701568,701568,DATA_QUALITY_REVIEW,LOW,28.6,Evidence is insufficient for a dependable risk assessment.,Validate project identity and missing monitoring fields.
701576-DATA_QUALITY_REVIEW,701576,701576,DATA_QUALITY_REVIEW,LOW,28.6,Evidence is insufficient for a dependable risk assessment.,Validate project identity and missing monitoring fields.
701577-DATA_QUALITY_REVIEW,701577,701577,DATA_QUALITY_REVIEW,LOW,32.9,Evidence is insufficient for a dependable risk assessment.,Validate project identity and missing monitoring fields.
701586-DATA_QUALITY_REVIEW,701586,701586,DATA_QUALITY_REVIEW,LOW,32.9,Evidence is insufficient for a dependable risk assessment.,Validate project identity and missing monitoring fields.
701593-PROGRESS_STAGNATION,701593,701593,PROGRESS_STAGNATION,HIGH,0.1099999999999994,Physical progress has shown minimal recent movement.,Prioritise milestone-level review and identify implementation bottlenecks.
701597-PROGRESS_STAGNATION,701597,701597,PROGRESS_STAGNATION,HIGH,0.1366666666666655,Physical progress has shown minimal recent movement.,Prioritise milestone-level review and identify implementation bottlenecks.
701598-PROGRESS_STAGNATION,701598,701598,PROGRESS_STAGNATION,HIGH,0.0,Physical progress has shown minimal recent movement.,Prioritise milestone-level review and identify implementation bottlenecks.
701600-DATA_QUALITY_REVIEW,701600,701600,DATA_QUALITY_REVIEW,LOW,8.6,Evidence is insufficient for a dependable risk assessment.,Validate project identity and missing monitoring fields.
701602-PROGRESS_DETERIORATION,701602,701602,PROGRESS_DETERIORATION,CRITICAL,-0.5100000000000003,Recent physical progress is declining.,Escalate for a milestone and data-quality review.
701719-PROGRESS_STAGNATION,701719,701719,PROGRESS_STAGNATION,HIGH,0.0,Physical progress has shown minimal recent movement.,Prioritise milestone-level review and identify implementation bottlenecks.
701745-ANOMALOUS_TRAJECTORY,701745,701745,ANOMALOUS_TRAJECTORY,MEDIUM,0.01877603215089141,Observed pattern is unusual relative to the current portfolio.,Review the underlying reporting and project milestones.
701766-PROGRESS_STAGNATION,701766,701766,PROGRESS_STAGNATION,HIGH,0.099999999999999,Physical progress has shown minimal recent movement.,Prioritise milestone-level review and identify implementation bottlenecks.
702355-PROGRESS_STAGNATION,702355,702355,PROGRESS_STAGNATION,HIGH,0.0,Physical progress has shown minimal recent movement.,Prioritise milestone-level review and identify implementation bottlenecks.
702627-PROGRESS_STAGNATION,702627,702627,PROGRESS_STAGNATION,HIGH,0.0166666666666657,Physical progress has shown minimal recent movement.,Prioritise milestone-level review and identify implementation bottlenecks.
702627-EXPENDITURE_PROGRESS_DIVERGENCE,702627,702627,EXPENDITURE_PROGRESS_DIVERGENCE,HIGH,62.85595304273528,Expenditure is unusually ahead of physical progress relative to the portfolio.,Review expenditure milestones against physical deliverables.
702631-DATA_QUALITY_REVIEW,702631,702631,DATA_QUALITY_REVIEW,LOW,28.6,Evidence is insufficient for a dependable risk assessment.,Validate project identity and missing monitoring fields.
702633-DATA_QUALITY_REVIEW,702633,702633,DATA_QUALITY_REVIEW,LOW,28.6,Evidence is insufficient for a dependable risk assessment.,Validate project identity and missing monitoring fields.
702635-PROGRESS_STAGNATION,702635,702635,PROGRESS_STAGNATION,HIGH,0.099999999999999,Physical progress has shown minimal recent movement.,Prioritise milestone-level review and identify implementation bottlenecks.
702637-COST_ESCALATION,702637,702637,COST_ESCALATION,HIGH,61.11687413554634,Cost escalation is high relative to the current portfolio.,Review revised-cost basis and mitigation plan.
702637-ANOMALOUS_TRAJECTORY,702637,702637,ANOMALOUS_TRAJECTORY,MEDIUM,0.048425263841421096,Observed pattern is unusual relative to the current portfolio.,Review the underlying reporting and project milestones.
702674-PROGRESS_STAGNATION,702674,702674,PROGRESS_STAGNATION,HIGH,0.0,Physical progress has shown minimal recent movement.,Prioritise milestone-level review and identify implementation bottlenecks.
702674-EXPENDITURE_PROGRESS_DIVERGENCE,702674,702674,EXPENDITURE_PROGRESS_DIVERGENCE,HIGH,103638.38090814074,Expenditure is unusually ahead of physical progress relative to the portfolio.,Review expenditure milestones against physical deliverables.
702674-ANOMALOUS_TRAJECTORY,702674,702674,ANOMALOUS_TRAJECTORY,HIGH,0.30415797448025106,Observed pattern is unusual relative to the current portfolio.,Review the underlying reporting and project milestones.
702734-PROGRESS_STAGNATION,702734,702734,PROGRESS_STAGNATION,HIGH,0.0,Physical progress has shown minimal recent movement.,Prioritise milestone-level review and identify implementation bottlenecks.
702735-DATA_QUALITY_REVIEW,702735,702735,DATA_QUALITY_REVIEW,LOW,32.9,Evidence is insufficient for a dependable risk assessment.,Validate project identity and missing monitoring fields.
702741-PROGRESS_STAGNATION,702741,702741,PROGRESS_STAGNATION,HIGH,0.0,Physical progress has shown minimal recent movement.,Prioritise milestone-level review and identify implementation bottlenecks.
702742-PROGRESS_STAGNATION,702742,702742,PROGRESS_STAGNATION,HIGH,0.0,Physical progress has shown minimal recent movement.,Prioritise milestone-level review and identify implementation bottlenecks.
702746-PROGRESS_STAGNATION,702746,702746,PROGRESS_STAGNATION,HIGH,0.0,Physical progress has shown minimal recent movement.,Prioritise milestone-level review and identify implementation bottlenecks.
702760-PROGRESS_STAGNATION,702760,702760,PROGRESS_STAGNATION,HIGH,0.0,Physical progress has shown minimal recent movement.,Prioritise milestone-level review and identify implementation bottlenecks.
702764-DATA_QUALITY_REVIEW,702764,702764,DATA_QUALITY_REVIEW,LOW,32.9,Evidence is insufficient for a dependable risk assessment.,Validate project identity and missing monitoring fields.
702793-PROGRESS_STAGNATION,702793,702793,PROGRESS_STAGNATION,HIGH,0.0,Physical progress has shown minimal recent movement.,Prioritise milestone-level review and identify implementation bottlenecks.
702798-DATA_QUALITY_REVIEW,702798,702798,DATA_QUALITY_REVIEW,LOW,32.9,Evidence is insufficient for a dependable risk assessment.,Validate project identity and missing monitoring fields.
702808-PROGRESS_STAGNATION,702808,702808,PROGRESS_STAGNATION,HIGH,0.0,Physical progress has shown minimal recent movement.,Prioritise milestone-level review and identify implementation bottlenecks.
702810-PROGRESS_STAGNATION,702810,702810,PROGRESS_STAGNATION,HIGH,0.0,Physical progress has shown minimal recent movement.,Prioritise milestone-level review and identify implementation bottlenecks.
702833-PROGRESS_STAGNATION,702833,702833,PROGRESS_STAGNATION,HIGH,0.0,Physical progress has shown minimal recent movement.,Prioritise milestone-level review and identify implementation bottlenecks.
702840-PROGRESS_STAGNATION,702840,702840,PROGRESS_STAGNATION,HIGH,0.0,Physical progress has shown minimal recent movement.,Prioritise milestone-level review and identify implementation bottlenecks.
702854-PROGRESS_STAGNATION,702854,702854,PROGRESS_STAGNATION,HIGH,0.0,Physical progress has shown minimal recent movement.,Prioritise milestone-level review and identify implementation bottlenecks.
702948-DATA_QUALITY_REVIEW,702948,702948,DATA_QUALITY_REVIEW,LOW,24.3,Evidence is insufficient for a dependable risk assessment.,Validate project identity and missing monitoring fields.
702949-PROGRESS_STAGNATION,702949,702949,PROGRESS_STAGNATION,HIGH,0.0,Physical progress has shown minimal recent movement.,Prioritise milestone-level review and identify implementation bottlenecks.
702958-PROGRESS_STAGNATION,702958,702958,PROGRESS_STAGNATION,HIGH,0.0,Physical progress has shown minimal recent movement.,Prioritise milestone-level review and identify implementation bottlenecks.
703057-PROGRESS_STAGNATION,703057,703057,PROGRESS_STAGNATION,HIGH,0.0,Physical progress has shown minimal recent movement.,Prioritise milestone-level review and identify implementation bottlenecks.
703586-PROGRESS_DETERIORATION,703586,703586,PROGRESS_DETERIORATION,CRITICAL,-1.0,Recent physical progress is declining.,Escalate for a milestone and data-quality review.
703586-COST_ESCALATION,703586,703586,COST_ESCALATION,HIGH,132.60477240826148,Cost escalation is high relative to the current portfolio.,Review revised-cost basis and mitigation plan.
704495-PROGRESS_STAGNATION,704495,704495,PROGRESS_STAGNATION,HIGH,0.1966666666666678,Physical progress has shown minimal recent movement.,Prioritise milestone-level review and identify implementation bottlenecks.
705237-PROGRESS_STAGNATION,705237,705237,PROGRESS_STAGNATION,HIGH,0.0,Physical progress has shown minimal recent movement.,Prioritise milestone-level review and identify implementation bottlenecks.
705237-COST_ESCALATION,705237,705237,COST_ESCALATION,HIGH,142.6664840218391,Cost escalation is high relative to the current portfolio.,Review revised-cost basis and mitigation plan.
705244-PROGRESS_STAGNATION,705244,705244,PROGRESS_STAGNATION,HIGH,0.0,Physical progress has shown minimal recent movement.,Prioritise milestone-level review and identify implementation bottlenecks.
705244-EXPENDITURE_PROGRESS_DIVERGENCE,705244,705244,EXPENDITURE_PROGRESS_DIVERGENCE,HIGH,36.97115384615385,Expenditure is unusually ahead of physical progress relative to the portfolio.,Review expenditure milestones against physical deliverables.
705252-PROGRESS_STAGNATION,705252,705252,PROGRESS_STAGNATION,HIGH,0.0,Physical progress has shown minimal recent movement.,Prioritise milestone-level review and identify implementation bottlenecks.
705253-PROGRESS_STAGNATION,705253,705253,PROGRESS_STAGNATION,HIGH,0.003333333333335,Physical progress has shown minimal recent movement.,Prioritise milestone-level review and identify implementation bottlenecks.
705253-EXPENDITURE_PROGRESS_DIVERGENCE,705253,705253,EXPENDITURE_PROGRESS_DIVERGENCE,HIGH,96.068256527322,Expenditure is unusually ahead of physical progress relative to the portfolio.,Review expenditure milestones against physical deliverables.
705253-ANOMALOUS_TRAJECTORY,705253,705253,ANOMALOUS_TRAJECTORY,MEDIUM,0.004962916816197094,Observed pattern is unusual relative to the current portfolio.,Review the underlying reporting and project milestones.
705298-PROGRESS_STAGNATION,705298,705298,PROGRESS_STAGNATION,HIGH,0.0,Physical progress has shown minimal recent movement.,Prioritise milestone-level review and identify implementation bottlenecks.
705356-PROGRESS_DETERIORATION,705356,705356,PROGRESS_DETERIORATION,CRITICAL,-1.6666666666666667,Recent physical progress is declining.,Escalate for a milestone and data-quality review.
705356-COST_ESCALATION,705356,705356,COST_ESCALATION,HIGH,134.07847416166732,Cost escalation is high relative to the current portfolio.,Review revised-cost basis and mitigation plan.
705356-ANOMALOUS_TRAJECTORY,705356,705356,ANOMALOUS_TRAJECTORY,MEDIUM,0.012517450898283544,Observed pattern is unusual relative to the current portfolio.,Review the underlying reporting and project milestones.
705357-PROGRESS_STAGNATION,705357,705357,PROGRESS_STAGNATION,HIGH,0.0,Physical progress has shown minimal recent movement.,Prioritise milestone-level review and identify implementation bottlenecks.
705357-COST_ESCALATION,705357,705357,COST_ESCALATION,HIGH,1192.966493356441,Cost escalation is high relative to the current portfolio.,Review revised-cost basis and mitigation plan.
705357-ANOMALOUS_TRAJECTORY,705357,705357,ANOMALOUS_TRAJECTORY,MEDIUM,0.10034917967997137,Observed pattern is unusual relative to the current portfolio.,Review the underlying reporting and project milestones.
705358-COST_ESCALATION,705358,705358,COST_ESCALATION,HIGH,64.0817510548523,Cost escalation is high relative to the current portfolio.,Review revised-cost basis and mitigation plan.
705359-PROGRESS_STAGNATION,705359,705359,PROGRESS_STAGNATION,HIGH,0.0,Physical progress has shown minimal recent movement.,Prioritise milestone-level review and identify implementation bottlenecks.
705359-COST_ESCALATION,705359,705359,COST_ESCALATION,HIGH,135.83195020746888,Cost escalation is high relative to the current portfolio.,Review revised-cost basis and mitigation plan.
705362-PROGRESS_STAGNATION,705362,705362,PROGRESS_STAGNATION,HIGH,0.0,Physical progress has shown minimal recent movement.,Prioritise milestone-level review and identify implementation bottlenecks.
705364-PROGRESS_STAGNATION,705364,705364,PROGRESS_STAGNATION,HIGH,0.0333333333333338,Physical progress has shown minimal recent movement.,Prioritise milestone-level review and identify implementation bottlenecks.
705366-PROGRESS_DETERIORATION,705366,705366,PROGRESS_DETERIORATION,CRITICAL,-0.4333333333333324,Recent physical progress is declining.,Escalate for a milestone and data-quality review.
705366-COST_ESCALATION,705366,705366,COST_ESCALATION,HIGH,93.09772617319788,Cost escalation is high relative to the current portfolio.,Review revised-cost basis and mitigation plan.
705368-PROGRESS_DETERIORATION,705368,705368,PROGRESS_DETERIORATION,CRITICAL,-2.2333333333333343,Recent physical progress is declining.,Escalate for a milestone and data-quality review.
705368-EXPENDITURE_PROGRESS_DIVERGENCE,705368,705368,EXPENDITURE_PROGRESS_DIVERGENCE,HIGH,41.67719043894623,Expenditure is unusually ahead of physical progress relative to the portfolio.,Review expenditure milestones against physical deliverables.
705368-COST_ESCALATION,705368,705368,COST_ESCALATION,HIGH,63.305295950155774,Cost escalation is high relative to the current portfolio.,Review revised-cost basis and mitigation plan.
705368-ANOMALOUS_TRAJECTORY,705368,705368,ANOMALOUS_TRAJECTORY,MEDIUM,0.019128193925443293,Observed pattern is unusual relative to the current portfolio.,Review the underlying reporting and project milestones.
705373-PROGRESS_DETERIORATION,705373,705373,PROGRESS_DETERIORATION,CRITICAL,-1.0,Recent physical progress is declining.,Escalate for a milestone and data-quality review.
705373-COST_ESCALATION,705373,705373,COST_ESCALATION,HIGH,121.27291242362526,Cost escalation is high relative to the current portfolio.,Review revised-cost basis and mitigation plan.
705375-PROGRESS_DETERIORATION,705375,705375,PROGRESS_DETERIORATION,CRITICAL,-1.8333333333333333,Recent physical progress is declining.,Escalate for a milestone and data-quality review.
705375-COST_ESCALATION,705375,705375,COST_ESCALATION,HIGH,49.63899138991391,Cost escalation is high relative to the current portfolio.,Review revised-cost basis and mitigation plan.
705385-PROGRESS_DETERIORATION,705385,705385,PROGRESS_DETERIORATION,CRITICAL,-7.266666666666666,Recent physical progress is declining.,Escalate for a milestone and data-quality review.
705385-EXPENDITURE_PROGRESS_DIVERGENCE,705385,705385,EXPENDITURE_PROGRESS_DIVERGENCE,HIGH,25.754713138277992,Expenditure is unusually ahead of physical progress relative to the portfolio.,Review expenditure milestones against physical deliverables.
705385-ANOMALOUS_TRAJECTORY,705385,705385,ANOMALOUS_TRAJECTORY,MEDIUM,0.02664220200165024,Observed pattern is unusual relative to the current portfolio.,Review the underlying reporting and project milestones.
705391-COST_ESCALATION,705391,705391,COST_ESCALATION,HIGH,52.80318369056762,Cost escalation is high relative to the current portfolio.,Review revised-cost basis and mitigation plan.
705392-COST_ESCALATION,705392,705392,COST_ESCALATION,HIGH,129.77982890589823,Cost escalation is high relative to the current portfolio.,Review revised-cost basis and mitigation plan.
705396-DATA_QUALITY_REVIEW,705396,705396,DATA_QUALITY_REVIEW,LOW,32.9,Evidence is insufficient for a dependable risk assessment.,Validate project identity and missing monitoring fields.
705401-PROGRESS_DETERIORATION,705401,705401,PROGRESS_DETERIORATION,CRITICAL,-0.3333333333333333,Recent physical progress is declining.,Escalate for a milestone and data-quality review.
705401-COST_ESCALATION,705401,705401,COST_ESCALATION,HIGH,206.77011494252872,Cost escalation is high relative to the current portfolio.,Review revised-cost basis and mitigation plan.
705401-ANOMALOUS_TRAJECTORY,705401,705401,ANOMALOUS_TRAJECTORY,MEDIUM,0.021633201777747135,Observed pattern is unusual relative to the current portfolio.,Review the underlying reporting and project milestones.
705410-PROGRESS_STAGNATION,705410,705410,PROGRESS_STAGNATION,HIGH,0.0,Physical progress has shown minimal recent movement.,Prioritise milestone-level review and identify implementation bottlenecks.
705410-COST_ESCALATION,705410,705410,COST_ESCALATION,HIGH,101.98959365708622,Cost escalation is high relative to the current portfolio.,Review revised-cost basis and mitigation plan.
705419-PROGRESS_DETERIORATION,705419,705419,PROGRESS_DETERIORATION,CRITICAL,-0.3333333333333333,Recent physical progress is declining.,Escalate for a milestone and data-quality review.
705432-PROGRESS_DETERIORATION,705432,705432,PROGRESS_DETERIORATION,CRITICAL,-4.333333333333333,Recent physical progress is declining.,Escalate for a milestone and data-quality review.
705432-COST_ESCALATION,705432,705432,COST_ESCALATION,HIGH,49.48647962422241,Cost escalation is high relative to the current portfolio.,Review revised-cost basis and mitigation plan.
705433-PROGRESS_STAGNATION,705433,705433,PROGRESS_STAGNATION,HIGH,0.0,Physical progress has shown minimal recent movement.,Prioritise milestone-level review and identify implementation bottlenecks.
705436-PROGRESS_STAGNATION,705436,705436,PROGRESS_STAGNATION,HIGH,0.0066666666666665,Physical progress has shown minimal recent movement.,Prioritise milestone-level review and identify implementation bottlenecks.
705437-PROGRESS_STAGNATION,705437,705437,PROGRESS_STAGNATION,HIGH,0.0066666666666653,Physical progress has shown minimal recent movement.,Prioritise milestone-level review and identify implementation bottlenecks.
705444-COST_ESCALATION,705444,705444,COST_ESCALATION,HIGH,49.86961770623744,Cost escalation is high relative to the current portfolio.,Review revised-cost basis and mitigation plan.
705450-PROGRESS_STAGNATION,705450,705450,PROGRESS_STAGNATION,HIGH,0.0799999999999983,Physical progress has shown minimal recent movement.,Prioritise milestone-level review and identify implementation bottlenecks.
705453-COST_ESCALATION,705453,705453,COST_ESCALATION,HIGH,1921.0121253316377,Cost escalation is high relative to the current portfolio.,Review revised-cost basis and mitigation plan.
705453-ANOMALOUS_TRAJECTORY,705453,705453,ANOMALOUS_TRAJECTORY,HIGH,0.12124115969694749,Observed pattern is unusual relative to the current portfolio.,Review the underlying reporting and project milestones.
705454-PROGRESS_DETERIORATION,705454,705454,PROGRESS_DETERIORATION,CRITICAL,-7.433333333333333,Recent physical progress is declining.,Escalate for a milestone and data-quality review.
705454-EXPENDITURE_PROGRESS_DIVERGENCE,705454,705454,EXPENDITURE_PROGRESS_DIVERGENCE,HIGH,35.04592079853535,Expenditure is unusually ahead of physical progress relative to the portfolio.,Review expenditure milestones against physical deliverables.
705454-ANOMALOUS_TRAJECTORY,705454,705454,ANOMALOUS_TRAJECTORY,MEDIUM,0.018339089691956023,Observed pattern is unusual relative to the current portfolio.,Review the underlying reporting and project milestones.
705457-PROGRESS_DETERIORATION,705457,705457,PROGRESS_DETERIORATION,CRITICAL,-2.6666666666666665,Recent physical progress is declining.,Escalate for a milestone and data-quality review.
705457-COST_ESCALATION,705457,705457,COST_ESCALATION,HIGH,703.8925283018867,Cost escalation is high relative to the current portfolio.,Review revised-cost basis and mitigation plan.
705457-ANOMALOUS_TRAJECTORY,705457,705457,ANOMALOUS_TRAJECTORY,HIGH,0.12575347872236253,Observed pattern is unusual relative to the current portfolio.,Review the underlying reporting and project milestones.
705458-PROGRESS_DETERIORATION,705458,705458,PROGRESS_DETERIORATION,CRITICAL,-3.6666666666666665,Recent physical progress is declining.,Escalate for a milestone and data-quality review.
705458-EXPENDITURE_PROGRESS_DIVERGENCE,705458,705458,EXPENDITURE_PROGRESS_DIVERGENCE,HIGH,46.41317347572088,Expenditure is unusually ahead of physical progress relative to the portfolio.,Review expenditure milestones against physical deliverables.
705458-COST_ESCALATION,705458,705458,COST_ESCALATION,HIGH,109.77721749194016,Cost escalation is high relative to the current portfolio.,Review revised-cost basis and mitigation plan.
705458-ANOMALOUS_TRAJECTORY,705458,705458,ANOMALOUS_TRAJECTORY,MEDIUM,0.07083748140454382,Observed pattern is unusual relative to the current portfolio.,Review the underlying reporting and project milestones.
705464-DATA_QUALITY_REVIEW,705464,705464,DATA_QUALITY_REVIEW,LOW,32.9,Evidence is insufficient for a dependable risk assessment.,Validate project identity and missing monitoring fields.
705480-PROGRESS_DETERIORATION,705480,705480,PROGRESS_DETERIORATION,CRITICAL,-0.3333333333333333,Recent physical progress is declining.,Escalate for a milestone and data-quality review.
705481-COST_ESCALATION,705481,705481,COST_ESCALATION,HIGH,67.37335092348286,Cost escalation is high relative to the current portfolio.,Review revised-cost basis and mitigation plan.
705482-PROGRESS_STAGNATION,705482,705482,PROGRESS_STAGNATION,HIGH,0.2333333333333342,Physical progress has shown minimal recent movement.,Prioritise milestone-level review and identify implementation bottlenecks.
705489-COST_ESCALATION,705489,705489,COST_ESCALATION,HIGH,241.4179538765941,Cost escalation is high relative to the current portfolio.,Review revised-cost basis and mitigation plan.
705489-ANOMALOUS_TRAJECTORY,705489,705489,ANOMALOUS_TRAJECTORY,MEDIUM,0.05842674902270706,Observed pattern is unusual relative to the current portfolio.,Review the underlying reporting and project milestones.
705490-PROGRESS_STAGNATION,705490,705490,PROGRESS_STAGNATION,HIGH,0.1666666666666666,Physical progress has shown minimal recent movement.,Prioritise milestone-level review and identify implementation bottlenecks.
705490-EXPENDITURE_PROGRESS_DIVERGENCE,705490,705490,EXPENDITURE_PROGRESS_DIVERGENCE,HIGH,26.39410114580295,Expenditure is unusually ahead of physical progress relative to the portfolio.,Review expenditure milestones against physical deliverables.
705491-PROGRESS_DETERIORATION,705491,705491,PROGRESS_DETERIORATION,CRITICAL,-0.3333333333333333,Recent physical progress is declining.,Escalate for a milestone and data-quality review.
705491-COST_ESCALATION,705491,705491,COST_ESCALATION,HIGH,69.06734006734007,Cost escalation is high relative to the current portfolio.,Review revised-cost basis and mitigation plan.
705492-PROGRESS_DETERIORATION,705492,705492,PROGRESS_DETERIORATION,CRITICAL,-0.4000000000000009,Recent physical progress is declining.,Escalate for a milestone and data-quality review.
705493-EXPENDITURE_PROGRESS_DIVERGENCE,705493,705493,EXPENDITURE_PROGRESS_DIVERGENCE,HIGH,24.933998349958745,Expenditure is unusually ahead of physical progress relative to the portfolio.,Review expenditure milestones against physical deliverables.
705493-ANOMALOUS_TRAJECTORY,705493,705493,ANOMALOUS_TRAJECTORY,MEDIUM,0.007536915774977948,Observed pattern is unusual relative to the current portfolio.,Review the underlying reporting and project milestones.
705494-PROGRESS_DETERIORATION,705494,705494,PROGRESS_DETERIORATION,CRITICAL,-2.333333333333333,Recent physical progress is declining.,Escalate for a milestone and data-quality review.
705494-COST_ESCALATION,705494,705494,COST_ESCALATION,HIGH,84.77564102564102,Cost escalation is high relative to the current portfolio.,Review revised-cost basis and mitigation plan.
705495-PROGRESS_DETERIORATION,705495,705495,PROGRESS_DETERIORATION,CRITICAL,-0.3333333333333333,Recent physical progress is declining.,Escalate for a milestone and data-quality review.
705497-PROGRESS_STAGNATION,705497,705497,PROGRESS_STAGNATION,HIGH,0.0,Physical progress has shown minimal recent movement.,Prioritise milestone-level review and identify implementation bottlenecks.
705497-EXPENDITURE_PROGRESS_DIVERGENCE,705497,705497,EXPENDITURE_PROGRESS_DIVERGENCE,HIGH,53.55424753578173,Expenditure is unusually ahead of physical progress relative to the portfolio.,Review expenditure milestones against physical deliverables.
705498-PROGRESS_STAGNATION,705498,705498,PROGRESS_STAGNATION,HIGH,0.0,Physical progress has shown minimal recent movement.,Prioritise milestone-level review and identify implementation bottlenecks.
705498-COST_ESCALATION,705498,705498,COST_ESCALATION,HIGH,76.00171524423313,Cost escalation is high relative to the current portfolio.,Review revised-cost basis and mitigation plan.
705500-PROGRESS_STAGNATION,705500,705500,PROGRESS_STAGNATION,HIGH,0.0,Physical progress has shown minimal recent movement.,Prioritise milestone-level review and identify implementation bottlenecks.
705500-COST_ESCALATION,705500,705500,COST_ESCALATION,HIGH,66.57160845894596,Cost escalation is high relative to the current portfolio.,Review revised-cost basis and mitigation plan.
705502-PROGRESS_DETERIORATION,705502,705502,PROGRESS_DETERIORATION,CRITICAL,-4.0,Recent physical progress is declining.,Escalate for a milestone and data-quality review.
705502-COST_ESCALATION,705502,705502,COST_ESCALATION,HIGH,87.98818533710786,Cost escalation is high relative to the current portfolio.,Review revised-cost basis and mitigation plan.
705503-DATA_QUALITY_REVIEW,705503,705503,DATA_QUALITY_REVIEW,LOW,32.9,Evidence is insufficient for a dependable risk assessment.,Validate project identity and missing monitoring fields.
705504-COST_ESCALATION,705504,705504,COST_ESCALATION,HIGH,70.79667702892945,Cost escalation is high relative to the current portfolio.,Review revised-cost basis and mitigation plan.
705505-PROGRESS_STAGNATION,705505,705505,PROGRESS_STAGNATION,HIGH,0.0,Physical progress has shown minimal recent movement.,Prioritise milestone-level review and identify implementation bottlenecks.
705505-COST_ESCALATION,705505,705505,COST_ESCALATION,HIGH,87.25448702876399,Cost escalation is high relative to the current portfolio.,Review revised-cost basis and mitigation plan.
705506-PROGRESS_STAGNATION,705506,705506,PROGRESS_STAGNATION,HIGH,0.0,Physical progress has shown minimal recent movement.,Prioritise milestone-level review and identify implementation bottlenecks.
705506-COST_ESCALATION,705506,705506,COST_ESCALATION,HIGH,80.64840217937322,Cost escalation is high relative to the current portfolio.,Review revised-cost basis and mitigation plan.
705507-PROGRESS_STAGNATION,705507,705507,PROGRESS_STAGNATION,HIGH,0.0,Physical progress has shown minimal recent movement.,Prioritise milestone-level review and identify implementation bottlenecks.
705507-EXPENDITURE_PROGRESS_DIVERGENCE,705507,705507,EXPENDITURE_PROGRESS_DIVERGENCE,HIGH,36.26747541088139,Expenditure is unusually ahead of physical progress relative to the portfolio.,Review expenditure milestones against physical deliverables.
705510-PROGRESS_DETERIORATION,705510,705510,PROGRESS_DETERIORATION,CRITICAL,-2.6666666666666665,Recent physical progress is declining.,Escalate for a milestone and data-quality review.
705511-PROGRESS_DETERIORATION,705511,705511,PROGRESS_DETERIORATION,CRITICAL,-1.4866666666666646,Recent physical progress is declining.,Escalate for a milestone and data-quality review.
705513-PROGRESS_DETERIORATION,705513,705513,PROGRESS_DETERIORATION,CRITICAL,-6.199999999999998,Recent physical progress is declining.,Escalate for a milestone and data-quality review.
705513-EXPENDITURE_PROGRESS_DIVERGENCE,705513,705513,EXPENDITURE_PROGRESS_DIVERGENCE,HIGH,29.02540441967857,Expenditure is unusually ahead of physical progress relative to the portfolio.,Review expenditure milestones against physical deliverables.
705513-ANOMALOUS_TRAJECTORY,705513,705513,ANOMALOUS_TRAJECTORY,MEDIUM,0.0007915636197669551,Observed pattern is unusual relative to the current portfolio.,Review the underlying reporting and project milestones.
705514-PROGRESS_DETERIORATION,705514,705514,PROGRESS_DETERIORATION,CRITICAL,-11.333333333333334,Recent physical progress is declining.,Escalate for a milestone and data-quality review.
705514-EXPENDITURE_PROGRESS_DIVERGENCE,705514,705514,EXPENDITURE_PROGRESS_DIVERGENCE,HIGH,56.69491890494756,Expenditure is unusually ahead of physical progress relative to the portfolio.,Review expenditure milestones against physical deliverables.
705514-ANOMALOUS_TRAJECTORY,705514,705514,ANOMALOUS_TRAJECTORY,MEDIUM,0.0769360213662077,Observed pattern is unusual relative to the current portfolio.,Review the underlying reporting and project milestones.
705515-PROGRESS_DETERIORATION,705515,705515,PROGRESS_DETERIORATION,CRITICAL,-1.0,Recent physical progress is declining.,Escalate for a milestone and data-quality review.
705515-COST_ESCALATION,705515,705515,COST_ESCALATION,HIGH,158.7212276214834,Cost escalation is high relative to the current portfolio.,Review revised-cost basis and mitigation plan.
705526-PROGRESS_DETERIORATION,705526,705526,PROGRESS_DETERIORATION,CRITICAL,-1.6666666666666667,Recent physical progress is declining.,Escalate for a milestone and data-quality review.
705526-COST_ESCALATION,705526,705526,COST_ESCALATION,HIGH,87.58381502890172,Cost escalation is high relative to the current portfolio.,Review revised-cost basis and mitigation plan.
705527-PROGRESS_DETERIORATION,705527,705527,PROGRESS_DETERIORATION,CRITICAL,-0.5999999999999991,Recent physical progress is declining.,Escalate for a milestone and data-quality review.
705528-PROGRESS_STAGNATION,705528,705528,PROGRESS_STAGNATION,HIGH,0.0,Physical progress has shown minimal recent movement.,Prioritise milestone-level review and identify implementation bottlenecks.
705562-PROGRESS_DETERIORATION,705562,705562,PROGRESS_DETERIORATION,CRITICAL,-0.3000000000000019,Recent physical progress is declining.,Escalate for a milestone and data-quality review.
705572-PROGRESS_DETERIORATION,705572,705572,PROGRESS_DETERIORATION,CRITICAL,-1.3766666666666652,Recent physical progress is declining.,Escalate for a milestone and data-quality review.
705583-PROGRESS_STAGNATION,705583,705583,PROGRESS_STAGNATION,HIGH,0.0,Physical progress has shown minimal recent movement.,Prioritise milestone-level review and identify implementation bottlenecks.
705583-EXPENDITURE_PROGRESS_DIVERGENCE,705583,705583,EXPENDITURE_PROGRESS_DIVERGENCE,HIGH,33.08936000455918,Expenditure is unusually ahead of physical progress relative to the portfolio.,Review expenditure milestones against physical deliverables.
705588-COST_ESCALATION,705588,705588,COST_ESCALATION,HIGH,111.74930747922436,Cost escalation is high relative to the current portfolio.,Review revised-cost basis and mitigation plan.
705588-ANOMALOUS_TRAJECTORY,705588,705588,ANOMALOUS_TRAJECTORY,MEDIUM,0.009833757959721912,Observed pattern is unusual relative to the current portfolio.,Review the underlying reporting and project milestones.
705610-PROGRESS_DETERIORATION,705610,705610,PROGRESS_DETERIORATION,CRITICAL,-13.01,Recent physical progress is declining.,Escalate for a milestone and data-quality review.
705610-COST_ESCALATION,705610,705610,COST_ESCALATION,HIGH,181.7019867549669,Cost escalation is high relative to the current portfolio.,Review revised-cost basis and mitigation plan.
705610-ANOMALOUS_TRAJECTORY,705610,705610,ANOMALOUS_TRAJECTORY,HIGH,0.12470970052599673,Observed pattern is unusual relative to the current portfolio.,Review the underlying reporting and project milestones.
705612-PROGRESS_STAGNATION,705612,705612,PROGRESS_STAGNATION,HIGH,0.0066666666666653,Physical progress has shown minimal recent movement.,Prioritise milestone-level review and identify implementation bottlenecks.
705613-PROGRESS_STAGNATION,705613,705613,PROGRESS_STAGNATION,HIGH,0.0666666666666676,Physical progress has shown minimal recent movement.,Prioritise milestone-level review and identify implementation bottlenecks.
705616-PROGRESS_DETERIORATION,705616,705616,PROGRESS_DETERIORATION,CRITICAL,-3.0,Recent physical progress is declining.,Escalate for a milestone and data-quality review.
705617-PROGRESS_DETERIORATION,705617,705617,PROGRESS_DETERIORATION,CRITICAL,-0.3333333333333333,Recent physical progress is declining.,Escalate for a milestone and data-quality review.
705632-PROGRESS_DETERIORATION,705632,705632,PROGRESS_DETERIORATION,CRITICAL,-1.6700000000000017,Recent physical progress is declining.,Escalate for a milestone and data-quality review.
705633-PROGRESS_STAGNATION,705633,705633,PROGRESS_STAGNATION,HIGH,0.0166666666666657,Physical progress has shown minimal recent movement.,Prioritise milestone-level review and identify implementation bottlenecks.
705635-EXPENDITURE_PROGRESS_DIVERGENCE,705635,705635,EXPENDITURE_PROGRESS_DIVERGENCE,HIGH,27.09201019693828,Expenditure is unusually ahead of physical progress relative to the portfolio.,Review expenditure milestones against physical deliverables.
705635-COST_ESCALATION,705635,705635,COST_ESCALATION,HIGH,164.34706703910612,Cost escalation is high relative to the current portfolio.,Review revised-cost basis and mitigation plan.
705635-ANOMALOUS_TRAJECTORY,705635,705635,ANOMALOUS_TRAJECTORY,MEDIUM,0.03177667418126684,Observed pattern is unusual relative to the current portfolio.,Review the underlying reporting and project milestones.
705638-PROGRESS_DETERIORATION,705638,705638,PROGRESS_DETERIORATION,CRITICAL,-0.1666666666666666,Recent physical progress is declining.,Escalate for a milestone and data-quality review.
705639-PROGRESS_STAGNATION,705639,705639,PROGRESS_STAGNATION,HIGH,0.0,Physical progress has shown minimal recent movement.,Prioritise milestone-level review and identify implementation bottlenecks.
705648-PROGRESS_STAGNATION,705648,705648,PROGRESS_STAGNATION,HIGH,0.0,Physical progress has shown minimal recent movement.,Prioritise milestone-level review and identify implementation bottlenecks.
705650-PROGRESS_STAGNATION,705650,705650,PROGRESS_STAGNATION,HIGH,0.003333333333335,Physical progress has shown minimal recent movement.,Prioritise milestone-level review and identify implementation bottlenecks.
705651-DATA_QUALITY_REVIEW,705651,705651,DATA_QUALITY_REVIEW,LOW,28.6,Evidence is insufficient for a dependable risk assessment.,Validate project identity and missing monitoring fields.
705660-PROGRESS_STAGNATION,705660,705660,PROGRESS_STAGNATION,HIGH,0.0833333333333333,Physical progress has shown minimal recent movement.,Prioritise milestone-level review and identify implementation bottlenecks.
705661-PROGRESS_DETERIORATION,705661,705661,PROGRESS_DETERIORATION,CRITICAL,-3.6666666666666665,Recent physical progress is declining.,Escalate for a milestone and data-quality review.
705661-COST_ESCALATION,705661,705661,COST_ESCALATION,HIGH,84.2948717948718,Cost escalation is high relative to the current portfolio.,Review revised-cost basis and mitigation plan.
705662-DATA_QUALITY_REVIEW,705662,705662,DATA_QUALITY_REVIEW,LOW,28.6,Evidence is insufficient for a dependable risk assessment.,Validate project identity and missing monitoring fields.
705663-PROGRESS_DETERIORATION,705663,705663,PROGRESS_DETERIORATION,CRITICAL,-5.166666666666667,Recent physical progress is declining.,Escalate for a milestone and data-quality review.
705667-PROGRESS_DETERIORATION,705667,705667,PROGRESS_DETERIORATION,CRITICAL,-0.4933333333333347,Recent physical progress is declining.,Escalate for a milestone and data-quality review.
705668-PROGRESS_STAGNATION,705668,705668,PROGRESS_STAGNATION,HIGH,0.1666666666666666,Physical progress has shown minimal recent movement.,Prioritise milestone-level review and identify implementation bottlenecks.
705728-EXPENDITURE_PROGRESS_DIVERGENCE,705728,705728,EXPENDITURE_PROGRESS_DIVERGENCE,HIGH,22.06860185185185,Expenditure is unusually ahead of physical progress relative to the portfolio.,Review expenditure milestones against physical deliverables.
705730-PROGRESS_STAGNATION,705730,705730,PROGRESS_STAGNATION,HIGH,0.0,Physical progress has shown minimal recent movement.,Prioritise milestone-level review and identify implementation bottlenecks.
705735-EXPENDITURE_PROGRESS_DIVERGENCE,705735,705735,EXPENDITURE_PROGRESS_DIVERGENCE,HIGH,50.98694678585083,Expenditure is unusually ahead of physical progress relative to the portfolio.,Review expenditure milestones against physical deliverables.
705735-COST_ESCALATION,705735,705735,COST_ESCALATION,HIGH,82.10118021482562,Cost escalation is high relative to the current portfolio.,Review revised-cost basis and mitigation plan.
705735-ANOMALOUS_TRAJECTORY,705735,705735,ANOMALOUS_TRAJECTORY,MEDIUM,0.03733485909561318,Observed pattern is unusual relative to the current portfolio.,Review the underlying reporting and project milestones.
705741-PROGRESS_DETERIORATION,705741,705741,PROGRESS_DETERIORATION,CRITICAL,-0.3233333333333333,Recent physical progress is declining.,Escalate for a milestone and data-quality review.
705742-PROGRESS_DETERIORATION,705742,705742,PROGRESS_DETERIORATION,CRITICAL,-5.7,Recent physical progress is declining.,Escalate for a milestone and data-quality review.
705742-EXPENDITURE_PROGRESS_DIVERGENCE,705742,705742,EXPENDITURE_PROGRESS_DIVERGENCE,HIGH,25.428888395828714,Expenditure is unusually ahead of physical progress relative to the portfolio.,Review expenditure milestones against physical deliverables.
705742-ANOMALOUS_TRAJECTORY,705742,705742,ANOMALOUS_TRAJECTORY,MEDIUM,0.02587925656092488,Observed pattern is unusual relative to the current portfolio.,Review the underlying reporting and project milestones.
705747-DATA_QUALITY_REVIEW,705747,705747,DATA_QUALITY_REVIEW,LOW,32.9,Evidence is insufficient for a dependable risk assessment.,Validate project identity and missing monitoring fields.
705761-PROGRESS_STAGNATION,705761,705761,PROGRESS_STAGNATION,HIGH,0.1666666666666666,Physical progress has shown minimal recent movement.,Prioritise milestone-level review and identify implementation bottlenecks.
705762-DATA_QUALITY_REVIEW,705762,705762,DATA_QUALITY_REVIEW,LOW,32.9,Evidence is insufficient for a dependable risk assessment.,Validate project identity and missing monitoring fields.
705764-PROGRESS_STAGNATION,705764,705764,PROGRESS_STAGNATION,HIGH,0.0,Physical progress has shown minimal recent movement.,Prioritise milestone-level review and identify implementation bottlenecks.
705764-COST_ESCALATION,705764,705764,COST_ESCALATION,HIGH,80.94343434343433,Cost escalation is high relative to the current portfolio.,Review revised-cost basis and mitigation plan.
705765-PROGRESS_DETERIORATION,705765,705765,PROGRESS_DETERIORATION,CRITICAL,-0.5,Recent physical progress is declining.,Escalate for a milestone and data-quality review.
705766-PROGRESS_DETERIORATION,705766,705766,PROGRESS_DETERIORATION,CRITICAL,-0.3333333333333333,Recent physical progress is declining.,Escalate for a milestone and data-quality review.
705777-EXPENDITURE_PROGRESS_DIVERGENCE,705777,705777,EXPENDITURE_PROGRESS_DIVERGENCE,HIGH,47.697737628907184,Expenditure is unusually ahead of physical progress relative to the portfolio.,Review expenditure milestones against physical deliverables.
705780-PROGRESS_DETERIORATION,705780,705780,PROGRESS_DETERIORATION,CRITICAL,-0.8333333333333334,Recent physical progress is declining.,Escalate for a milestone and data-quality review.
705782-PROGRESS_STAGNATION,705782,705782,PROGRESS_STAGNATION,HIGH,0.0,Physical progress has shown minimal recent movement.,Prioritise milestone-level review and identify implementation bottlenecks.
705785-EXPENDITURE_PROGRESS_DIVERGENCE,705785,705785,EXPENDITURE_PROGRESS_DIVERGENCE,HIGH,58.91005291005291,Expenditure is unusually ahead of physical progress relative to the portfolio.,Review expenditure milestones against physical deliverables.
705789-DATA_QUALITY_REVIEW,705789,705789,DATA_QUALITY_REVIEW,LOW,24.3,Evidence is insufficient for a dependable risk assessment.,Validate project identity and missing monitoring fields.
705793-PROGRESS_STAGNATION,705793,705793,PROGRESS_STAGNATION,HIGH,0.0,Physical progress has shown minimal recent movement.,Prioritise milestone-level review and identify implementation bottlenecks.
705793-EXPENDITURE_PROGRESS_DIVERGENCE,705793,705793,EXPENDITURE_PROGRESS_DIVERGENCE,HIGH,50.79821443042231,Expenditure is unusually ahead of physical progress relative to the portfolio.,Review expenditure milestones against physical deliverables.
705794-PROGRESS_STAGNATION,705794,705794,PROGRESS_STAGNATION,HIGH,0.0,Physical progress has shown minimal recent movement.,Prioritise milestone-level review and identify implementation bottlenecks.
705799-PROGRESS_STAGNATION,705799,705799,PROGRESS_STAGNATION,HIGH,0.0,Physical progress has shown minimal recent movement.,Prioritise milestone-level review and identify implementation bottlenecks.
705933-COST_ESCALATION,705933,705933,COST_ESCALATION,HIGH,61.5669598861189,Cost escalation is high relative to the current portfolio.,Review revised-cost basis and mitigation plan.
705941-PROGRESS_STAGNATION,705941,705941,PROGRESS_STAGNATION,HIGH,0.0233333333333334,Physical progress has shown minimal recent movement.,Prioritise milestone-level review and identify implementation bottlenecks.
706757-PROGRESS_STAGNATION,706757,706757,PROGRESS_STAGNATION,HIGH,0.0,Physical progress has shown minimal recent movement.,Prioritise milestone-level review and identify implementation bottlenecks.
706759-PROGRESS_DETERIORATION,706759,706759,PROGRESS_DETERIORATION,CRITICAL,-1.1666666666666667,Recent physical progress is declining.,Escalate for a milestone and data-quality review.
706775-EXPENDITURE_PROGRESS_DIVERGENCE,706775,706775,EXPENDITURE_PROGRESS_DIVERGENCE,HIGH,284.0761019749784,Expenditure is unusually ahead of physical progress relative to the portfolio.,Review expenditure milestones against physical deliverables.
706775-ANOMALOUS_TRAJECTORY,706775,706775,ANOMALOUS_TRAJECTORY,HIGH,0.21289457312812365,Observed pattern is unusual relative to the current portfolio.,Review the underlying reporting and project milestones.
706776-PROGRESS_STAGNATION,706776,706776,PROGRESS_STAGNATION,HIGH,0.0666666666666676,Physical progress has shown minimal recent movement.,Prioritise milestone-level review and identify implementation bottlenecks.
706777-PROGRESS_STAGNATION,706777,706777,PROGRESS_STAGNATION,HIGH,0.0,Physical progress has shown minimal recent movement.,Prioritise milestone-level review and identify implementation bottlenecks.
706779-PROGRESS_STAGNATION,706779,706779,PROGRESS_STAGNATION,HIGH,0.0,Physical progress has shown minimal recent movement.,Prioritise milestone-level review and identify implementation bottlenecks.
706781-PROGRESS_STAGNATION,706781,706781,PROGRESS_STAGNATION,HIGH,0.0,Physical progress has shown minimal recent movement.,Prioritise milestone-level review and identify implementation bottlenecks.
706811-COST_ESCALATION,706811,706811,COST_ESCALATION,HIGH,86.687306501548,Cost escalation is high relative to the current portfolio.,Review revised-cost basis and mitigation plan.
706835-PROGRESS_STAGNATION,706835,706835,PROGRESS_STAGNATION,HIGH,0.0,Physical progress has shown minimal recent movement.,Prioritise milestone-level review and identify implementation bottlenecks.
706836-PROGRESS_STAGNATION,706836,706836,PROGRESS_STAGNATION,HIGH,0.0,Physical progress has shown minimal recent movement.,Prioritise milestone-level review and identify implementation bottlenecks.
706837-PROGRESS_STAGNATION,706837,706837,PROGRESS_STAGNATION,HIGH,0.1666666666666666,Physical progress has shown minimal recent movement.,Prioritise milestone-level review and identify implementation bottlenecks.
706860-PROGRESS_DETERIORATION,706860,706860,PROGRESS_DETERIORATION,CRITICAL,-6.233333333333334,Recent physical progress is declining.,Escalate for a milestone and data-quality review.
706865-PROGRESS_STAGNATION,706865,706865,PROGRESS_STAGNATION,HIGH,0.0,Physical progress has shown minimal recent movement.,Prioritise milestone-level review and identify implementation bottlenecks.
706866-PROGRESS_STAGNATION,706866,706866,PROGRESS_STAGNATION,HIGH,0.0,Physical progress has shown minimal recent movement.,Prioritise milestone-level review and identify implementation bottlenecks.
706898-PROGRESS_STAGNATION,706898,706898,PROGRESS_STAGNATION,HIGH,0.0,Physical progress has shown minimal recent movement.,Prioritise milestone-level review and identify implementation bottlenecks.
706922-PROGRESS_STAGNATION,706922,706922,PROGRESS_STAGNATION,HIGH,0.0,Physical progress has shown minimal recent movement.,Prioritise milestone-level review and identify implementation bottlenecks.
706940-PROGRESS_STAGNATION,706940,706940,PROGRESS_STAGNATION,HIGH,0.0,Physical progress has shown minimal recent movement.,Prioritise milestone-level review and identify implementation bottlenecks.
706942-PROGRESS_STAGNATION,706942,706942,PROGRESS_STAGNATION,HIGH,0.0,Physical progress has shown minimal recent movement.,Prioritise milestone-level review and identify implementation bottlenecks.
706950-PROGRESS_STAGNATION,706950,706950,PROGRESS_STAGNATION,HIGH,0.0166666666666657,Physical progress has shown minimal recent movement.,Prioritise milestone-level review and identify implementation bottlenecks.
706965-EXPENDITURE_PROGRESS_DIVERGENCE,706965,706965,EXPENDITURE_PROGRESS_DIVERGENCE,HIGH,60.0,Expenditure is unusually ahead of physical progress relative to the portfolio.,Review expenditure milestones against physical deliverables.
706966-EXPENDITURE_PROGRESS_DIVERGENCE,706966,706966,EXPENDITURE_PROGRESS_DIVERGENCE,HIGH,60.0,Expenditure is unusually ahead of physical progress relative to the portfolio.,Review expenditure milestones against physical deliverables.
706989-EXPENDITURE_PROGRESS_DIVERGENCE,706989,706989,EXPENDITURE_PROGRESS_DIVERGENCE,HIGH,90.0,Expenditure is unusually ahead of physical progress relative to the portfolio.,Review expenditure milestones against physical deliverables.
706989-ANOMALOUS_TRAJECTORY,706989,706989,ANOMALOUS_TRAJECTORY,MEDIUM,0.032359428200163354,Observed pattern is unusual relative to the current portfolio.,Review the underlying reporting and project milestones.
707016-EXPENDITURE_PROGRESS_DIVERGENCE,707016,707016,EXPENDITURE_PROGRESS_DIVERGENCE,HIGH,60.0,Expenditure is unusually ahead of physical progress relative to the portfolio.,Review expenditure milestones against physical deliverables.
707017-EXPENDITURE_PROGRESS_DIVERGENCE,707017,707017,EXPENDITURE_PROGRESS_DIVERGENCE,HIGH,60.0,Expenditure is unusually ahead of physical progress relative to the portfolio.,Review expenditure milestones against physical deliverables.
707018-EXPENDITURE_PROGRESS_DIVERGENCE,707018,707018,EXPENDITURE_PROGRESS_DIVERGENCE,HIGH,60.0,Expenditure is unusually ahead of physical progress relative to the portfolio.,Review expenditure milestones against physical deliverables.
707019-EXPENDITURE_PROGRESS_DIVERGENCE,707019,707019,EXPENDITURE_PROGRESS_DIVERGENCE,HIGH,60.0,Expenditure is unusually ahead of physical progress relative to the portfolio.,Review expenditure milestones against physical deliverables.
707020-PROGRESS_STAGNATION,707020,707020,PROGRESS_STAGNATION,HIGH,0.0,Physical progress has shown minimal recent movement.,Prioritise milestone-level review and identify implementation bottlenecks.
707020-COST_ESCALATION,707020,707020,COST_ESCALATION,HIGH,100.0,Cost escalation is high relative to the current portfolio.,Review revised-cost basis and mitigation plan.
707021-PROGRESS_STAGNATION,707021,707021,PROGRESS_STAGNATION,HIGH,0.0,Physical progress has shown minimal recent movement.,Prioritise milestone-level review and identify implementation bottlenecks.
707021-COST_ESCALATION,707021,707021,COST_ESCALATION,HIGH,101.92000000000002,Cost escalation is high relative to the current portfolio.,Review revised-cost basis and mitigation plan.
707022-PROGRESS_STAGNATION,707022,707022,PROGRESS_STAGNATION,HIGH,0.0,Physical progress has shown minimal recent movement.,Prioritise milestone-level review and identify implementation bottlenecks.
707022-COST_ESCALATION,707022,707022,COST_ESCALATION,HIGH,81.64000000000001,Cost escalation is high relative to the current portfolio.,Review revised-cost basis and mitigation plan.
707039-PROGRESS_STAGNATION,707039,707039,PROGRESS_STAGNATION,HIGH,0.0,Physical progress has shown minimal recent movement.,Prioritise milestone-level review and identify implementation bottlenecks.
707039-COST_ESCALATION,707039,707039,COST_ESCALATION,HIGH,154.08400000000003,Cost escalation is high relative to the current portfolio.,Review revised-cost basis and mitigation plan.
707039-ANOMALOUS_TRAJECTORY,707039,707039,ANOMALOUS_TRAJECTORY,MEDIUM,0.0070873469503881514,Observed pattern is unusual relative to the current portfolio.,Review the underlying reporting and project milestones.
707046-PROGRESS_DETERIORATION,707046,707046,PROGRESS_DETERIORATION,CRITICAL,-4.666666666666667,Recent physical progress is declining.,Escalate for a milestone and data-quality review.
707049-PROGRESS_STAGNATION,707049,707049,PROGRESS_STAGNATION,HIGH,0.1666666666666666,Physical progress has shown minimal recent movement.,Prioritise milestone-level review and identify implementation bottlenecks.
707049-COST_ESCALATION,707049,707049,COST_ESCALATION,HIGH,104.15384615384616,Cost escalation is high relative to the current portfolio.,Review revised-cost basis and mitigation plan.
707050-EXPENDITURE_PROGRESS_DIVERGENCE,707050,707050,EXPENDITURE_PROGRESS_DIVERGENCE,HIGH,70.31991340592589,Expenditure is unusually ahead of physical progress relative to the portfolio.,Review expenditure milestones against physical deliverables.
707050-COST_ESCALATION,707050,707050,COST_ESCALATION,HIGH,90.45538461538465,Cost escalation is high relative to the current portfolio.,Review revised-cost basis and mitigation plan.
707050-ANOMALOUS_TRAJECTORY,707050,707050,ANOMALOUS_TRAJECTORY,MEDIUM,0.04566928479656718,Observed pattern is unusual relative to the current portfolio.,Review the underlying reporting and project milestones.
707052-EXPENDITURE_PROGRESS_DIVERGENCE,707052,707052,EXPENDITURE_PROGRESS_DIVERGENCE,HIGH,53.230769230769226,Expenditure is unusually ahead of physical progress relative to the portfolio.,Review expenditure milestones against physical deliverables.
707057-EXPENDITURE_PROGRESS_DIVERGENCE,707057,707057,EXPENDITURE_PROGRESS_DIVERGENCE,HIGH,39.07692307692307,Expenditure is unusually ahead of physical progress relative to the portfolio.,Review expenditure milestones against physical deliverables.
707067-EXPENDITURE_PROGRESS_DIVERGENCE,707067,707067,EXPENDITURE_PROGRESS_DIVERGENCE,HIGH,47.69230769230769,Expenditure is unusually ahead of physical progress relative to the portfolio.,Review expenditure milestones against physical deliverables.
707069-PROGRESS_STAGNATION,707069,707069,PROGRESS_STAGNATION,HIGH,0.0,Physical progress has shown minimal recent movement.,Prioritise milestone-level review and identify implementation bottlenecks.
707069-COST_ESCALATION,707069,707069,COST_ESCALATION,HIGH,69.23076923076923,Cost escalation is high relative to the current portfolio.,Review revised-cost basis and mitigation plan.
707086-ANOMALOUS_TRAJECTORY,707086,707086,ANOMALOUS_TRAJECTORY,MEDIUM,0.03057678246359863,Observed pattern is unusual relative to the current portfolio.,Review the underlying reporting and project milestones.
707087-PROGRESS_DETERIORATION,707087,707087,PROGRESS_DETERIORATION,CRITICAL,-2.0,Recent physical progress is declining.,Escalate for a milestone and data-quality review.
707087-COST_ESCALATION,707087,707087,COST_ESCALATION,HIGH,136.58153846153846,Cost escalation is high relative to the current portfolio.,Review revised-cost basis and mitigation plan.
707215-EXPENDITURE_PROGRESS_DIVERGENCE,707215,707215,EXPENDITURE_PROGRESS_DIVERGENCE,HIGH,343.8422894875005,Expenditure is unusually ahead of physical progress relative to the portfolio.,Review expenditure milestones against physical deliverables.
707215-COST_ESCALATION,707215,707215,COST_ESCALATION,HIGH,116.06457242582896,Cost escalation is high relative to the current portfolio.,Review revised-cost basis and mitigation plan.
707215-ANOMALOUS_TRAJECTORY,707215,707215,ANOMALOUS_TRAJECTORY,HIGH,0.19615592904411794,Observed pattern is unusual relative to the current portfolio.,Review the underlying reporting and project milestones.
707267-DATA_QUALITY_REVIEW,707267,707267,DATA_QUALITY_REVIEW,LOW,32.9,Evidence is insufficient for a dependable risk assessment.,Validate project identity and missing monitoring fields.
707410-PROGRESS_STAGNATION,707410,707410,PROGRESS_STAGNATION,HIGH,0.0,Physical progress has shown minimal recent movement.,Prioritise milestone-level review and identify implementation bottlenecks.
707410-EXPENDITURE_PROGRESS_DIVERGENCE,707410,707410,EXPENDITURE_PROGRESS_DIVERGENCE,HIGH,26.02621231979029,Expenditure is unusually ahead of physical progress relative to the portfolio.,Review expenditure milestones against physical deliverables.
707414-DATA_QUALITY_REVIEW,707414,707414,DATA_QUALITY_REVIEW,LOW,24.3,Evidence is insufficient for a dependable risk assessment.,Validate project identity and missing monitoring fields.
708662-DATA_QUALITY_REVIEW,708662,708662,DATA_QUALITY_REVIEW,LOW,32.9,Evidence is insufficient for a dependable risk assessment.,Validate project identity and missing monitoring fields.
709747-PROGRESS_STAGNATION,709747,709747,PROGRESS_STAGNATION,HIGH,0.0,Physical progress has shown minimal recent movement.,Prioritise milestone-level review and identify implementation bottlenecks.
709747-EXPENDITURE_PROGRESS_DIVERGENCE,709747,709747,EXPENDITURE_PROGRESS_DIVERGENCE,HIGH,57.17197288934727,Expenditure is unusually ahead of physical progress relative to the portfolio.,Review expenditure milestones against physical deliverables.
709749-DATA_QUALITY_REVIEW,709749,709749,DATA_QUALITY_REVIEW,LOW,28.6,Evidence is insufficient for a dependable risk assessment.,Validate project identity and missing monitoring fields.
709754-EXPENDITURE_PROGRESS_DIVERGENCE,709754,709754,EXPENDITURE_PROGRESS_DIVERGENCE,HIGH,285.424865694551,Expenditure is unusually ahead of physical progress relative to the portfolio.,Review expenditure milestones against physical deliverables.
709754-ANOMALOUS_TRAJECTORY,709754,709754,ANOMALOUS_TRAJECTORY,MEDIUM,0.08726666518086423,Observed pattern is unusual relative to the current portfolio.,Review the underlying reporting and project milestones.
709766-DATA_QUALITY_REVIEW,709766,709766,DATA_QUALITY_REVIEW,LOW,28.6,Evidence is insufficient for a dependable risk assessment.,Validate project identity and missing monitoring fields.
709770-PROGRESS_STAGNATION,709770,709770,PROGRESS_STAGNATION,HIGH,0.0,Physical progress has shown minimal recent movement.,Prioritise milestone-level review and identify implementation bottlenecks.
709771-PROGRESS_STAGNATION,709771,709771,PROGRESS_STAGNATION,HIGH,0.0,Physical progress has shown minimal recent movement.,Prioritise milestone-level review and identify implementation bottlenecks.
709772-PROGRESS_STAGNATION,709772,709772,PROGRESS_STAGNATION,HIGH,0.0666666666666667,Physical progress has shown minimal recent movement.,Prioritise milestone-level review and identify implementation bottlenecks.
709773-PROGRESS_STAGNATION,709773,709773,PROGRESS_STAGNATION,HIGH,0.0,Physical progress has shown minimal recent movement.,Prioritise milestone-level review and identify implementation bottlenecks.
709783-COST_ESCALATION,709783,709783,COST_ESCALATION,HIGH,49.99697208260159,Cost escalation is high relative to the current portfolio.,Review revised-cost basis and mitigation plan.
709789-DATA_QUALITY_REVIEW,709789,709789,DATA_QUALITY_REVIEW,LOW,24.3,Evidence is insufficient for a dependable risk assessment.,Validate project identity and missing monitoring fields.
709790-DATA_QUALITY_REVIEW,709790,709790,DATA_QUALITY_REVIEW,LOW,24.3,Evidence is insufficient for a dependable risk assessment.,Validate project identity and missing monitoring fields.
709791-PROGRESS_STAGNATION,709791,709791,PROGRESS_STAGNATION,HIGH,0.0666666666666652,Physical progress has shown minimal recent movement.,Prioritise milestone-level review and identify implementation bottlenecks.
709792-PROGRESS_STAGNATION,709792,709792,PROGRESS_STAGNATION,HIGH,0.1000000000000014,Physical progress has shown minimal recent movement.,Prioritise milestone-level review and identify implementation bottlenecks.
709793-PROGRESS_STAGNATION,709793,709793,PROGRESS_STAGNATION,HIGH,0.0666666666666664,Physical progress has shown minimal recent movement.,Prioritise milestone-level review and identify implementation bottlenecks.
709794-PROGRESS_STAGNATION,709794,709794,PROGRESS_STAGNATION,HIGH,0.1000000000000002,Physical progress has shown minimal recent movement.,Prioritise milestone-level review and identify implementation bottlenecks.
709796-PROGRESS_STAGNATION,709796,709796,PROGRESS_STAGNATION,HIGH,0.0333333333333338,Physical progress has shown minimal recent movement.,Prioritise milestone-level review and identify implementation bottlenecks.
709813-EXPENDITURE_PROGRESS_DIVERGENCE,709813,709813,EXPENDITURE_PROGRESS_DIVERGENCE,HIGH,78.00215540467723,Expenditure is unusually ahead of physical progress relative to the portfolio.,Review expenditure milestones against physical deliverables.
709813-ANOMALOUS_TRAJECTORY,709813,709813,ANOMALOUS_TRAJECTORY,MEDIUM,0.016043134415132332,Observed pattern is unusual relative to the current portfolio.,Review the underlying reporting and project milestones.
709815-PROGRESS_DETERIORATION,709815,709815,PROGRESS_DETERIORATION,CRITICAL,-4.333333333333333,Recent physical progress is declining.,Escalate for a milestone and data-quality review.
709816-PROGRESS_DETERIORATION,709816,709816,PROGRESS_DETERIORATION,CRITICAL,-1.3333333333333333,Recent physical progress is declining.,Escalate for a milestone and data-quality review.
709817-PROGRESS_DETERIORATION,709817,709817,PROGRESS_DETERIORATION,CRITICAL,-18.0,Recent physical progress is declining.,Escalate for a milestone and data-quality review.
709817-EXPENDITURE_PROGRESS_DIVERGENCE,709817,709817,EXPENDITURE_PROGRESS_DIVERGENCE,HIGH,28.70223589258252,Expenditure is unusually ahead of physical progress relative to the portfolio.,Review expenditure milestones against physical deliverables.
709817-ANOMALOUS_TRAJECTORY,709817,709817,ANOMALOUS_TRAJECTORY,MEDIUM,0.05549319113599627,Observed pattern is unusual relative to the current portfolio.,Review the underlying reporting and project milestones.
709818-PROGRESS_DETERIORATION,709818,709818,PROGRESS_DETERIORATION,CRITICAL,-9.333333333333334,Recent physical progress is declining.,Escalate for a milestone and data-quality review.
709818-EXPENDITURE_PROGRESS_DIVERGENCE,709818,709818,EXPENDITURE_PROGRESS_DIVERGENCE,HIGH,24.91106779557776,Expenditure is unusually ahead of physical progress relative to the portfolio.,Review expenditure milestones against physical deliverables.
709818-ANOMALOUS_TRAJECTORY,709818,709818,ANOMALOUS_TRAJECTORY,MEDIUM,0.03758382765466084,Observed pattern is unusual relative to the current portfolio.,Review the underlying reporting and project milestones.
709827-DATA_QUALITY_REVIEW,709827,709827,DATA_QUALITY_REVIEW,LOW,28.6,Evidence is insufficient for a dependable risk assessment.,Validate project identity and missing monitoring fields.
709830-DATA_QUALITY_REVIEW,709830,709830,DATA_QUALITY_REVIEW,LOW,28.6,Evidence is insufficient for a dependable risk assessment.,Validate project identity and missing monitoring fields.
709839-PROGRESS_DETERIORATION,709839,709839,PROGRESS_DETERIORATION,CRITICAL,-2.333333333333333,Recent physical progress is declining.,Escalate for a milestone and data-quality review.
709839-COST_ESCALATION,709839,709839,COST_ESCALATION,HIGH,54.59136523654754,Cost escalation is high relative to the current portfolio.,Review revised-cost basis and mitigation plan.
709840-PROGRESS_STAGNATION,709840,709840,PROGRESS_STAGNATION,HIGH,0.1666666666666666,Physical progress has shown minimal recent movement.,Prioritise milestone-level review and identify implementation bottlenecks.
709846-DATA_QUALITY_REVIEW,709846,709846,DATA_QUALITY_REVIEW,LOW,28.6,Evidence is insufficient for a dependable risk assessment.,Validate project identity and missing monitoring fields.
709856-PROGRESS_STAGNATION,709856,709856,PROGRESS_STAGNATION,HIGH,0.0,Physical progress has shown minimal recent movement.,Prioritise milestone-level review and identify implementation bottlenecks.
709857-PROGRESS_STAGNATION,709857,709857,PROGRESS_STAGNATION,HIGH,0.1099999999999994,Physical progress has shown minimal recent movement.,Prioritise milestone-level review and identify implementation bottlenecks.
709859-PROGRESS_STAGNATION,709859,709859,PROGRESS_STAGNATION,HIGH,0.0,Physical progress has shown minimal recent movement.,Prioritise milestone-level review and identify implementation bottlenecks.
709859-EXPENDITURE_PROGRESS_DIVERGENCE,709859,709859,EXPENDITURE_PROGRESS_DIVERGENCE,HIGH,185455.9121676068,Expenditure is unusually ahead of physical progress relative to the portfolio.,Review expenditure milestones against physical deliverables.
709859-ANOMALOUS_TRAJECTORY,709859,709859,ANOMALOUS_TRAJECTORY,HIGH,0.33596848422985337,Observed pattern is unusual relative to the current portfolio.,Review the underlying reporting and project milestones.
709865-PROGRESS_STAGNATION,709865,709865,PROGRESS_STAGNATION,HIGH,0.0,Physical progress has shown minimal recent movement.,Prioritise milestone-level review and identify implementation bottlenecks.
900808-PROGRESS_STAGNATION,900808,900808,PROGRESS_STAGNATION,HIGH,0.2299999999999992,Physical progress has shown minimal recent movement.,Prioritise milestone-level review and identify implementation bottlenecks.
900874-PROGRESS_DETERIORATION,900874,900874,PROGRESS_DETERIORATION,CRITICAL,-0.0333333333333333,Recent physical progress is declining.,Escalate for a milestone and data-quality review.
