canonical_project_id,project_id,project_name,observation_month,future_deterioration_probability,predicted_future_deterioration,predictive_risk_band
101280,101280,,2026-07-01,0.4125749,0,WATCH
106816,106816,,2026-07-01,0.4125749,0,WATCH
108841,108841,"Amended BharatNet Program - KTK, GOA, PY",2026-07-01,0.19274002,0,LOW_PREDICTIVE_SIGNAL
120250,120250,,2026-01-01,0.33150867,0,WATCH
124199,124199,Amended BharatNet Program - HR,2026-07-01,0.035892516,0,LOW_PREDICTIVE_SIGNAL
169570,169570,,2026-07-01,0.4125749,0,WATCH
171218,171218,Amended BharatNet Program - PB,2026-07-01,0.1131833,0,LOW_PREDICTIVE_SIGNAL
175860,175860,"Amended BharatNet Program - MP, DD and DNH",2026-07-01,0.3110311,0,WATCH
186000,186000,,2026-01-01,0.37174,0,WATCH
188000,188000,,2026-01-01,0.33150867,0,WATCH
188830,188830,,2026-01-01,0.18183294,0,LOW_PREDICTIVE_SIGNAL
205974,205974,,2026-01-01,0.33187854,0,WATCH
210914,210914,Amended BharatNet Program - WB & ANI,2026-07-01,0.42230442,0,WATCH
222253,222253,Amended BharatNet Program - UP (East),2026-07-01,0.16171707,0,LOW_PREDICTIVE_SIGNAL
225770,225770,,2026-01-01,0.37174,0,WATCH
240484,240484,Amended BharatNet Program - AS,2026-07-01,0.035892516,0,LOW_PREDICTIVE_SIGNAL
245986,245986,Jaipur Metro Rail Project Phase 2 (Prahladpura to Todi Mod),2026-07-01,0.027889159,0,LOW_PREDICTIVE_SIGNAL
260860,260860,,2026-01-01,0.38196385,0,WATCH
262175,262175,,2026-01-01,0.33187854,0,WATCH
267000,267000,,2026-07-01,0.4125749,0,WATCH
297700,297700,,2026-01-01,0.33150867,0,WATCH
298178,298178,"Meja Thermal Power Project, Stage-II , (3x800 MW)",2026-07-01,0.03722438,0,LOW_PREDICTIVE_SIGNAL
317725,317725,Amended BharatNet Program - OD,2026-07-01,0.019631445,0,LOW_PREDICTIVE_SIGNAL
362420,362420,,2026-03-01,0.47860056,0,WATCH
364934,364934,Stamp Charge Battery No.12 By-product Plant at IISCO Steel Plant,2026-07-01,0.37719417,0,WATCH
400005,400005,,2026-04-01,0.14961539,0,LOW_PREDICTIVE_SIGNAL
400006,400006,Jharsuguda-Barpali-Sardega Ph II Works- Rail Connectivity for Coal Loading Bulb at Barpali.,2026-07-01,0.69454014,1,ELEVATED
400010,400010,"Construction of Terminal Building & Associated works at Leh Airport, Ladakh",2026-07-01,0.32112148,0,WATCH
400012,400012,Kandla Gorakhpur LPG Pipeline,2026-07-01,0.09007044,0,LOW_PREDICTIVE_SIGNAL
400013,400013,Saturation 4G mobile coverage of Uncovered Villages through USOF,2026-07-01,0.07813039,0,LOW_PREDICTIVE_SIGNAL
400018,400018,HURA C OCP,2026-07-01,0.39560202,0,WATCH
400019,400019,,2026-06-01,0.19097549,0,LOW_PREDICTIVE_SIGNAL
400022,400022,Taranga Hill-Abu Road via Ambaji 116.65 km,2026-07-01,0.76507056,1,HIGH_PREDICTIVE_SIGNAL
400023,400023,Construction of New BG line between Hassan to Belur [27 Km],2026-07-01,0.48739687,0,WATCH
400033,400033,BHATADI EXPANSION OC,2026-07-01,0.76985544,1,HIGH_PREDICTIVE_SIGNAL
400035,400035,,2026-05-01,0.23632614,0,LOW_PREDICTIVE_SIGNAL
400043,400043,Laying of POL Pipelines in Common Corridor for proposed grass root terminal at Vallur [Chennai],2026-07-01,0.32970148,0,WATCH
400045,400045,Proposed 6 nos Road Over Bridge [ROB] at different locations under MCL Talcher Under Deposit Scheme.,2026-07-01,0.57620627,1,ELEVATED
400047,400047,Doubling of Lingaraj SILO connectivity of NTPC line and augmentation of NTPC exchange yard and NTPC Block Cabin.,2026-07-01,0.52116144,1,ELEVATED
400048,400048,Doubling of lines connecting the loading spurs in Talcher Yard.,2026-07-01,0.22023383,0,LOW_PREDICTIVE_SIGNAL
400062,400062,"Raghunathpur Thermal Power Station Phase II [2X660 MW] at Raghunathpur, Purulia, West Bengal",2026-07-01,0.17246175,0,LOW_PREDICTIVE_SIGNAL
400073,400073,KONAR EXPANSION OCP,2026-07-01,0.58067226,1,ELEVATED
400074,400074,KARO EXPANSION OCP,2026-07-01,0.49241006,0,WATCH
400077,400077,,2026-02-01,0.46162972,0,WATCH
400078,400078,,2026-06-01,0.427918,0,WATCH
400081,400081,"National Sports University [NSU], Imphal [Manipur]",2026-07-01,0.10668125,0,LOW_PREDICTIVE_SIGNAL
400087,400087,Redevelopment of Sobhasan Complex,2026-07-01,0.31114313,0,WATCH
400093,400093,,2026-04-01,0.22798362,0,LOW_PREDICTIVE_SIGNAL
400095,400095,,2026-04-01,0.58465886,1,ELEVATED
400096,400096,,2026-04-01,0.51955116,1,ELEVATED
400097,400097,,2026-04-01,0.4530622,0,WATCH
400100,400100,Sardar Gouthu Latchanna Thotapalli Barrage Project,2026-07-01,0.08285115,0,LOW_PREDICTIVE_SIGNAL
400101,400101,Gundlakamma project,2026-07-01,0.16777268,0,LOW_PREDICTIVE_SIGNAL
400102,400102,Sri Ram Sagar Project Stage - II,2026-07-01,0.15179925,0,LOW_PREDICTIVE_SIGNAL
400103,400103,Indiramma Flood Flow Canal Project,2026-07-01,0.25462916,0,LOW_PREDICTIVE_SIGNAL
400104,400104,,2026-03-01,0.49858814,0,WATCH
400105,400105,,2026-04-01,0.5915696,1,ELEVATED
400107,400107,,2026-04-01,0.61186767,1,ELEVATED
400109,400109,,2026-04-01,0.5663625,1,ELEVATED
400111,400111,Kelo Irrigation Project,2026-07-01,0.42518425,0,WATCH
400112,400112,,2026-04-01,0.17193973,0,LOW_PREDICTIVE_SIGNAL
400115,400115,Bargi Diversion Project Phase - IV [km. 154 to km 197],2026-07-01,0.41618896,0,WATCH
400116,400116,Bargi Diversion Project Phase - III [km. 104 to km 154],2026-07-01,0.5908662,1,ELEVATED
400119,400119,Life Extension of 48 well platforms of Mumbai High & Heera Fields,2026-07-01,0.19970633,0,LOW_PREDICTIVE_SIGNAL
400120,400120,KG-DWN-98/2 Cluster - II Development Project - NELP Block,2026-07-01,0.10590187,0,LOW_PREDICTIVE_SIGNAL
400121,400121,"Construction of Screening Plant-II for Donimalai and Kumaraswamy Iron Ore Mining Complex of NMDC Limited at Ballari Dt, Karnataka.",2026-07-01,0.10010532,0,LOW_PREDICTIVE_SIGNAL
400136,400136,SANGHMITRA OC,2026-07-01,0.65737444,1,ELEVATED
400138,400138,CHANDRAGUPT OCP,2026-07-01,0.6290463,1,ELEVATED
400139,400139,KOTRE BASANTPUR PACHMO OCP,2026-07-01,0.76274335,1,HIGH_PREDICTIVE_SIGNAL
400141,400141,Expansion of Alumina Refinery Plant with addition of 5th Stream having capacity enhancement of 1.0 Million Tonee Per Annum,2026-07-01,0.21470015,0,LOW_PREDICTIVE_SIGNAL
400142,400142,Pachwara South Coal Block,2026-07-01,0.34594086,0,WATCH
400144,400144,PORDA CHIMTAPANI OCP [10 MTY],2026-07-01,0.48208064,0,WATCH
400148,400148,AMADAND OCP[4.0MTY],2026-07-01,0.3938125,0,WATCH
400149,400149,BAROUD OC EXPANSION [3.0-10.0M,2026-07-01,0.63253367,1,ELEVATED
400150,400150,RPR MAGADH EXP OCP,2026-07-01,0.6875505,1,ELEVATED
400151,400151,NORTH URIMARI EXPANSION OCP,2026-07-01,0.5350692,1,ELEVATED
400152,400152,,2026-02-01,0.4789035,0,WATCH
400153,400153,EPR ROHINI - KARKETTA OCP,2026-07-01,0.46619725,0,WATCH
400154,400154,EPR PUNDI OCP,2026-07-01,0.6860984,1,ELEVATED
400155,400155,EPR ASHOK OC,2026-07-01,0.66000897,1,ELEVATED
400156,400156,EPR AMRAPALI OCP,2026-07-01,0.53795344,1,ELEVATED
400160,400160,RAJRAPPA RCE OCP,2026-07-01,0.4866061,0,WATCH
400161,400161,,2026-01-01,0.14453252,0,LOW_PREDICTIVE_SIGNAL
400162,400162,BLOCK B EXPANSION [3.5 TO 8.0,2026-07-01,0.19109394,0,LOW_PREDICTIVE_SIGNAL
400165,400165,SUBHADRA OCP,2026-07-01,0.3854915,0,WATCH
400166,400166,SIARMAL OCP,2026-07-01,0.37724316,0,WATCH
400167,400167,Redevelopment of Santhal Field [Onshore-Mehsana Asset],2026-07-01,0.16887218,0,LOW_PREDICTIVE_SIGNAL
400168,400168,"500 KTA PDHPP Project, Usar",2026-07-01,0.063368425,0,LOW_PREDICTIVE_SIGNAL
400169,400169,Redevelopment of Linch Field,2026-07-01,0.54539686,1,ELEVATED
400171,400171,2G Ethanol Biorefinery at Bathinda,2026-07-01,0.14158426,0,LOW_PREDICTIVE_SIGNAL
400172,400172,CHITRA EAST OC,2026-07-01,0.24646917,0,LOW_PREDICTIVE_SIGNAL
400173,400173,MOHANPUR EXPANSION OC -PHASE I,2026-07-01,0.37074348,0,WATCH
400174,400174,"New Sinter Plant at BSL, SAIL",2026-07-01,0.17652947,0,LOW_PREDICTIVE_SIGNAL
400177,400177,AMALGAMATED YEKONA I & YEKONA,2026-07-01,0.34023315,0,WATCH
400178,400178,DINESH[MAKARDHOKRA-III] OC,2026-07-01,0.50021267,1,ELEVATED
400180,400180,BONJEMEHARI EXPANSION OCP,2026-07-01,0.52834386,1,ELEVATED
400181,400181,NAKRAKONDA KUMARDIH- B OCP,2026-07-01,0.52942115,1,ELEVATED
400182,400182,,2026-04-01,0.5464391,1,ELEVATED
400183,400183,BALARAM EXPANSION OCP,2026-07-01,0.57967335,1,ELEVATED
400185,400185,GOPALJI KANIHA OCP [10 TO 30 M,2026-07-01,0.33025774,0,WATCH
400186,400186,TILABONI UG,2026-07-01,0.72737837,1,HIGH_PREDICTIVE_SIGNAL
400187,400187,INTEGRATED LAKHANPUR-BELPAHAR-,2026-07-01,0.13353245,0,LOW_PREDICTIVE_SIGNAL
400188,400188,Redevelopment of Seven General Pool Residential Accommodation [GPRA] Colonies in Delhi,2026-07-01,0.70808357,1,HIGH_PREDICTIVE_SIGNAL
400192,400192,Tubed Coal Mine,2026-07-01,0.56096375,1,ELEVATED
400203,400203,Dharamjaigarh-Korba,2026-07-01,0.2964739,0,LOW_PREDICTIVE_SIGNAL
400204,400204,"Bahraich - Khalilabad via Bhinga, Shravasti, Balrampur, Utraula, Domriyaganj, Mehdawal, Bansi 240.26 km",2026-07-01,0.2784457,0,LOW_PREDICTIVE_SIGNAL
400205,400205,Sahjanwa - Dohrighat 81.17 km,2026-07-01,0.055544995,0,LOW_PREDICTIVE_SIGNAL
400220,400220,Kharsia-Dharamjaygarh with Spur line [East Corridor-Phase 1],2026-07-01,0.46578568,0,WATCH
400223,400223,Tiruchchirappalli-Nagore-Karaikal with extension of Nagapattinam-Velankani-Tiruthiraipundi incl. new material modification of Karaikal - Peralam 23 km new line,2026-07-01,0.16933228,0,LOW_PREDICTIVE_SIGNAL
400231,400231,NLC Talabira Thermal Power Project,2026-07-01,0.21792465,0,LOW_PREDICTIVE_SIGNAL
400232,400232,Brundamal - Jharsuguda - Fly-over connection for joining down line 6.6 km,2026-07-01,0.6818781,1,ELEVATED
400247,400247,"Kalinarayanpur-Krishnanagar with Krishnanagar-Shantipur-Nabadwipghat - GC, Krishnanagar-Chartala, MM for Krishnanagar-Chapra-NL, Naihati-Ranaghat-3rd line, Nabadwipghat-Nabadwipdham upto BB loop 9.58 km, Ranaghat-Lalgola-strengthening bridge No.2",2026-07-01,0.8028198,1,HIGH_PREDICTIVE_SIGNAL
400253,400253,,2026-06-01,0.40056002,0,WATCH
400254,400254,Sakri-Hasanpur 79 km,2026-07-01,0.30341354,0,WATCH
400259,400259,,2026-04-01,0.11632255,0,LOW_PREDICTIVE_SIGNAL
400261,400261,Patratu Thermal Power Station Expansion Project Phase-I [3x800 MW],2026-07-01,0.14075407,0,LOW_PREDICTIVE_SIGNAL
400271,400271,,2026-06-01,0.66933525,1,ELEVATED
400273,400273,"Tarakeswar-Bishnupur with extension upto Dhaniakhali, Arambagh-Irphala, Irphala-Ghatal 11.2 km, Arambagh-Champadanga 23.3 km & Bishnupur-Uparsol 31.8 km and new material modification for Mynapur-Kamarpukur via Birsha 19 km",2026-07-01,0.35756573,0,WATCH
400275,400275,Tindivanam-Nagari 179.2 km,2026-07-01,0.85894024,1,HIGH_PREDICTIVE_SIGNAL
400277,400277,,2026-06-01,0.17813745,0,LOW_PREDICTIVE_SIGNAL
400280,400280,Phase II extension of MRTS from Velachery to St Thomas Mount,2026-07-01,0.064637,0,LOW_PREDICTIVE_SIGNAL
400291,400291,Kirandul-Jagdalpur 150 km,2026-07-01,0.22776707,0,LOW_PREDICTIVE_SIGNAL
400298,400298,Nadikude-Srikalahasti 308.7 km,2026-07-01,0.026932668,0,LOW_PREDICTIVE_SIGNAL
400299,400299,Pottangi Bauxite Mines Project,2026-07-01,0.5622142,1,ELEVATED
400301,400301,Multi Product Pipeline from Irugur to Devangonthi,2026-07-01,0.4711744,0,WATCH
400312,400312,JHANJRA EXPANSION UG,2026-07-01,0.18872263,0,LOW_PREDICTIVE_SIGNAL
400313,400313,,2026-03-01,0.4598551,0,WATCH
400315,400315,SONEPUR BAZARI EXPANSION OCP [,2026-07-01,0.61039835,1,ELEVATED
400321,400321,NIGAHI EXPANSION [15 TO 25 MTP,2026-07-01,0.10611242,0,LOW_PREDICTIVE_SIGNAL
400352,400352,JHARKHAND-LAIYO OCP,2026-07-01,0.44486356,0,WATCH
400353,400353,DHUPTALA OC [SASTI UG TO OC ],2026-07-01,0.75211567,1,HIGH_PREDICTIVE_SIGNAL
400354,400354,DIPKA EXPANSION OCP [40 MTY],2026-07-01,0.18203926,0,LOW_PREDICTIVE_SIGNAL
400369,400369,BINA KAKRI AMALGAMATION EXPANS,2026-07-01,0.28696322,0,LOW_PREDICTIVE_SIGNAL
400382,400382,,2026-06-01,0.4530622,0,WATCH
400392,400392,BHARATPUR RE-ORGANIZATION OCP,2026-07-01,0.21377781,0,LOW_PREDICTIVE_SIGNAL
400416,400416,Shivpur-Kathautia New Rail [BG] Line [49 km] [Package II of Tori-Shivpur-Kathautia line],2026-07-01,0.47952408,0,WATCH
400424,400424,GEVRA OC [70 MTY],2026-07-01,0.14121291,0,LOW_PREDICTIVE_SIGNAL
400425,400425,MOONIDIH XV SEAM UG,2026-07-01,0.35899624,0,WATCH
400426,400426,Expansion of Malanjkhand Copper Project,2026-07-01,0.858236,1,HIGH_PREDICTIVE_SIGNAL
423500,423500,,2026-01-01,0.3499792,0,WATCH
425828,425828,Stamp Charge Battery No.12 Coke Dry Cooling Plant at IISCO Steel Plant,2026-07-01,0.45357978,0,WATCH
437130,437130,"Amended BharatNet Program - J&K, LAD",2026-07-01,0.34298766,0,WATCH
453000,453000,,2026-06-01,0.4125749,0,WATCH
462136,462136,"Amended BharatNet Program - MGH, MZM, TRP",2026-07-01,0.019631445,0,LOW_PREDICTIVE_SIGNAL
468100,468100,,2026-01-01,0.2121815,0,LOW_PREDICTIVE_SIGNAL
476006,476006,Amended BharatNet Program - HP,2026-07-01,0.32375962,0,WATCH
478482,478482,Stamp Charge Battery No.7 Coke Dry Cooling Plant at RSP,2026-07-01,0.034000106,0,LOW_PREDICTIVE_SIGNAL
505491,505491,Installation of 140 TPH Walking Beam type Reheating Furnace in Plate Mill at BSP,2026-07-01,0.028478976,0,LOW_PREDICTIVE_SIGNAL
534476,534476,,2026-01-01,0.39857247,0,WATCH
547243,547243,BharatNet Phase-II,2026-07-01,0.1057145,0,LOW_PREDICTIVE_SIGNAL
589703,589703,Implementation of Treatment System-2 Under ZLD at RSP,2026-07-01,0.057724338,0,LOW_PREDICTIVE_SIGNAL
601812,601812,Development of Zaheerabad Node under Hyderabad Nagpur Industrial Corridor,2026-07-01,0.1467755,0,LOW_PREDICTIVE_SIGNAL
602096,602096,Subansiri Lower HE Project [2000 MW],2026-07-01,0.19880225,0,LOW_PREDICTIVE_SIGNAL
602098,602098,"Construction of Permanent Campus for IIM Jammu Phase-1 at Jagti, Nagrota, Jammu, J&K",2026-07-01,0.115632795,0,LOW_PREDICTIVE_SIGNAL
602099,602099,Establishment of Permanent campus Phase 1 of IIM Sirmaur,2026-07-01,0.05451756,0,LOW_PREDICTIVE_SIGNAL
602181,602181,"TEESTA-VI HE PROJECT, SIKKIM [500 MW], executed by LANCO TEESTA HYDRO POWER LIMITED [A wholly owned Subsidiary of NHPC LTD. acquired through NCLT]",2026-07-01,0.45037353,0,WATCH
602182,602182,Dibang Multipurpose Project,2026-07-01,0.33390853,0,WATCH
602184,602184,Rammam-III HEPP [3x40 MW],2026-07-01,0.46129566,0,WATCH
602185,602185,Tapovan-Vishnugad HEP [4x130 MW],2026-07-01,0.53712696,1,ELEVATED
602193,602193,,2026-02-01,0.183352,0,LOW_PREDICTIVE_SIGNAL
602195,602195,Vishnugad Pipalkoti Hydro Electric Project [444 MW],2026-07-01,0.16139117,0,LOW_PREDICTIVE_SIGNAL
602223,602223,Comprehensive Scheme for Strengthening of Transmission and Distribution [T&D] Systems [CSST&DS] in Arunachal Pradesh and Sikkim,2026-07-01,0.5736726,1,ELEVATED
602525,602525,"Pakal Dul [Drangdhuran] Hydroelectric Project, 1000 MW",2026-07-01,0.6892228,1,ELEVATED
602532,602532,Kiru HE Project,2026-07-01,0.4478802,0,WATCH
602535,602535,"Ratle HE Project - 850 MW, Ratle Hydroelectric Power Corporation Limited.",2026-07-01,0.62774444,1,ELEVATED
602538,602538,Installation of FGD for 4x210 & 2x250 MW MTPS U 1-6,2026-07-01,0.061799232,0,LOW_PREDICTIVE_SIGNAL
602579,602579,Buxar Thermal Power Project [1320 MW],2026-07-01,0.067789495,0,LOW_PREDICTIVE_SIGNAL
602582,602582,Dhaulasidh Hydro Electric Project [66 MW],2026-07-01,0.1795494,0,LOW_PREDICTIVE_SIGNAL
602593,602593,Luhri Stage-I Hydro Electric Project [210 MW],2026-07-01,0.30334955,0,WATCH
602633,602633,,2026-02-01,0.102428265,0,LOW_PREDICTIVE_SIGNAL
602792,602792,Gauge Conversion of Kendri-Dhamtari including Abhanpur - Rajim Branch line 67.20 Kms - 2nd Material Modification to Raipur Titlagarh doubling.,2026-07-01,0.07641539,0,LOW_PREDICTIVE_SIGNAL
602797,602797,"Sainthia, Sitarampur, Mughalsarai, Allahabad & Etawah - Bypass 35 km",2026-07-01,0.7491026,1,HIGH_PREDICTIVE_SIGNAL
602961,602961,Talcher Thermal Power Station Stage III [2 x 660 MW] Expansion,2026-07-01,0.06868504,0,LOW_PREDICTIVE_SIGNAL
603210,603210,Development of Jodhpur Pali Marwar Industrial Area JPMIA in Rajasthan,2026-07-01,0.10860258,0,LOW_PREDICTIVE_SIGNAL
603293,603293,Badam Coal Mining project of NTPC,2026-07-01,0.5051434,1,ELEVATED
603945,603945,Integrated Anandpur Barrage Project,2026-07-01,0.3433605,0,WATCH
604791,604791,Numaligarh Refinery Expansion Project,2026-07-01,0.11372648,0,LOW_PREDICTIVE_SIGNAL
604795,604795,CBR 9 MMTPA Project,2026-07-01,0.37856555,0,WATCH
604833,604833,"Andheri Residential Towers, Mumbai",2026-07-01,0.5038988,1,ELEVATED
604852,604852,"Grass-root Terminal at Mirzapur, Uttar Pradesh",2026-07-01,0.21966656,0,LOW_PREDICTIVE_SIGNAL
604853,604853,"Indian Oil Technology Development and Deployment Centre at R&D Campus-II, Faridabad",2026-07-01,0.20900474,0,LOW_PREDICTIVE_SIGNAL
604859,604859,Integrated Para Xylene [PX] and Purified Terephthalic Acid [PTA] Project at Paradip Refinery,2026-07-01,0.17083086,0,LOW_PREDICTIVE_SIGNAL
604863,604863,Development of Surface Facilities for production and evacuation of Crude Oil and Natural Gas from Nadua and East Khagorija,2026-07-01,0.1375367,0,LOW_PREDICTIVE_SIGNAL
605155,605155,Kwar HE Project,2026-07-01,0.742971,1,HIGH_PREDICTIVE_SIGNAL
605156,605156,Rangit-IV HE Project [120 MW] executed by Jal Power Corporation Ltd. [JPCL] - A wholly owned subsidiary of NHPC Ltd. acquired through NCLT,2026-07-01,0.3625076,0,WATCH
605292,605292,"Construction of Permanent Campus of Indian Institute of Management [IIM] Amritsar, Punjab, Phase-I",2026-07-01,0.2369746,0,LOW_PREDICTIVE_SIGNAL
606013,606013,Additional Campus of NITPatna,2026-07-01,0.13147269,0,LOW_PREDICTIVE_SIGNAL
606112,606112,Tezpur University Projects,2026-07-01,0.38239503,0,WATCH
606431,606431,CONSTRUCTION OF PERMANENT CAMPUS FOR IIT PALAKKAD UNDER PHASE 1A,2026-07-01,0.068836376,0,LOW_PREDICTIVE_SIGNAL
606479,606479,Banaras Hindu University [ Kayakalp of Institute of Medical Sciences],2026-07-01,0.094717085,0,LOW_PREDICTIVE_SIGNAL
607653,607653,Ludhiana Mullanpur 21Km Doubling Railway project,2026-07-01,0.07304856,0,LOW_PREDICTIVE_SIGNAL
607701,607701,,2026-04-01,0.13186137,0,LOW_PREDICTIVE_SIGNAL
607709,607709,NORTH EASTERN REGION POWER SYSTEM IMPROVEMENT PROJECT [NERPSIP],2026-07-01,0.063508645,0,LOW_PREDICTIVE_SIGNAL
609019,609019,"HEFA projects on development of student hostels, playgrounds, departmental buildings, class room complex and other campus facilities in IIT Kharagpur",2026-07-01,0.056784373,0,LOW_PREDICTIVE_SIGNAL
609424,609424,"Development of Container Terminal at Tuna-Tekra, Deendayal Port on BOT Basis Under PPP Mode",2026-07-01,0.7750026,1,HIGH_PREDICTIVE_SIGNAL
609736,609736,"Construction of Sikkim University Campus Phase-I Package-II at Yangang, South Sikkim",2026-07-01,0.15869333,0,LOW_PREDICTIVE_SIGNAL
609996,609996,Construction of Precast housing and hostels at IIT Hyderabad,2026-07-01,0.34497717,0,WATCH
610315,610315,IISER BERHAMPUR,2026-07-01,0.123548105,0,LOW_PREDICTIVE_SIGNAL
610984,610984,Development of Jharia CBM Block [Phase-1],2026-07-01,0.12586264,0,LOW_PREDICTIVE_SIGNAL
611016,611016,,2026-04-01,0.1983942,0,LOW_PREDICTIVE_SIGNAL
611017,611017,,2026-04-01,0.42352176,0,WATCH
611047,611047,"Construction of NTB complex including apron, taxi track and other associated civil works and electrical & mechanical installations towards Tawi River side at CA Jammu.",2026-07-01,0.4721476,0,WATCH
611142,611142,,2026-03-01,0.10260644,0,LOW_PREDICTIVE_SIGNAL
611452,611452,,2026-06-01,0.40601632,0,WATCH
611495,611495,Development of New Civil Enclave at Bagdogra Airport,2026-07-01,0.49993557,0,WATCH
611509,611509,"Koderma Thermal Power Station Phase II [2X800 MW] At Koderma, Jharkhand",2026-07-01,0.17771512,0,LOW_PREDICTIVE_SIGNAL
611570,611570,"SITC of ATM Automation System and ASMGCS [Including SMR & MLAT] for Mumbai, Navi Mumbai, Jewar [earlier MOPA, without ASMGCS], HIAL & BIAL",2026-07-01,0.21952048,0,LOW_PREDICTIVE_SIGNAL
611586,611586,Sunni Dam Hydro Electric Project [382 MW],2026-07-01,0.4533724,0,WATCH
611602,611602,"Modernization of Chennai Airport, Phase II, Part 2",2026-07-01,0.47220352,0,WATCH
611669,611669,NER Provision of Automatic Block Signalling on Gorakhpur Cantt[Excl] Chhapra Gramin & Burhwal Jn [Excl] Sitapur Jn section of high density routes,2026-07-01,0.2673934,0,LOW_PREDICTIVE_SIGNAL
611698,611698,240MW Heo HE Project,2026-07-01,0.20083085,0,LOW_PREDICTIVE_SIGNAL
611699,611699,186 MW Tato-I H E Project,2026-07-01,0.20393471,0,LOW_PREDICTIVE_SIGNAL
611716,611716,700 MW Tato-II HE Project,2026-07-01,0.4352652,0,WATCH
611735,611735,Transmission system for evacuation of power from REZ in Rajasthan 20GW under Phase-III Part J,2026-07-01,0.2832636,0,LOW_PREDICTIVE_SIGNAL
611751,611751,Aurangabad-Ankai 98.25 km,2026-07-01,0.16444221,0,LOW_PREDICTIVE_SIGNAL
611752,611752,Doubling between Gooty-Pendakallu 29.225 km PB73/2023-24/NR,2026-07-01,0.17764005,0,LOW_PREDICTIVE_SIGNAL
611754,611754,South Central Railway - Rail road over double line between Guntakal West-Mallapa Gate 9.64 km PB34/CR/2023-24,2026-07-01,0.1594298,0,LOW_PREDICTIVE_SIGNAL
611849,611849,,2026-03-01,0.376386,0,WATCH
611855,611855,Nathdwara Mavli - Devgarh Madariya 82.542 km,2026-07-01,0.48203245,0,WATCH
611861,611861,,2026-06-01,0.21117875,0,LOW_PREDICTIVE_SIGNAL
611864,611864,AMALAGAMATED NTST KUJAMA OCP 8.5MTY,2026-07-01,0.46352205,0,WATCH
611884,611884,Doubling between Bhiwani - Dobh Bahali PB73/2023-24/NR,2026-07-01,0.47757745,0,WATCH
611917,611917,Poly Butadiene Rubber plant at Panipat,2026-07-01,0.119647734,0,LOW_PREDICTIVE_SIGNAL
611918,611918,Kosamba- Umarpada 69.70 Km PB32/WR/2023-24,2026-07-01,0.047508653,0,LOW_PREDICTIVE_SIGNAL
611927,611927,Kurnool - Setting up facilities for coach midlife rehabilitation workshop,2026-07-01,0.44546336,0,WATCH
611929,611929,Maintenance cum workshop depot for Vande Bharat Sleeper Trains as per conditions under WTA 527,2026-07-01,0.080184124,0,LOW_PREDICTIVE_SIGNAL
611930,611930,Lara Super Thermal Power Project Stage-II [2 x 800 MW],2026-07-01,0.18494748,0,LOW_PREDICTIVE_SIGNAL
611943,611943,New BG line between Naliya - Jakhau Port 24.88 Km,2026-07-01,0.3781411,0,WATCH
611944,611944,,2026-01-01,0.18183294,0,LOW_PREDICTIVE_SIGNAL
611945,611945,Petlad-Bhadran 22.5 km,2026-07-01,0.024932995,0,LOW_PREDICTIVE_SIGNAL
611947,611947,,2026-04-01,0.10465653,0,LOW_PREDICTIVE_SIGNAL
611948,611948,,2026-05-01,0.43720916,0,WATCH
611949,611949,Transmission system for evacuation of power from REZ in Rajasthan 20 GW under Phase-III part C1,2026-07-01,0.02133744,0,LOW_PREDICTIVE_SIGNAL
611950,611950,,2026-01-01,0.14453252,0,LOW_PREDICTIVE_SIGNAL
611951,611951,,2026-03-01,0.09577437,0,LOW_PREDICTIVE_SIGNAL
611957,611957,"Phase III A works at IIT Indore [03 Hostels, 01 Studio Apartment, 01 Housing, Heavy & Sophisticated lab complex, Academic POD and Infrastructure for center of excellence]",2026-07-01,0.4088713,0,WATCH
611961,611961,Construction of IIT Bhubaneswar -Phase III,2026-07-01,0.82462287,1,HIGH_PREDICTIVE_SIGNAL
611963,611963,"Construction & Development of Infrastructural Facilities in the main campus of NIT Uttarakhand at Sumari, Pauri Garhwal",2026-07-01,0.07457016,0,LOW_PREDICTIVE_SIGNAL
611966,611966,,2026-06-01,0.09236575,0,LOW_PREDICTIVE_SIGNAL
611967,611967,,2026-05-01,0.13772559,0,LOW_PREDICTIVE_SIGNAL
611970,611970,Samlaya-Timba Road 53.53 km,2026-07-01,0.043164246,0,LOW_PREDICTIVE_SIGNAL
611971,611971,Samni-Jambusar 24.08 km,2026-07-01,0.13333063,0,LOW_PREDICTIVE_SIGNAL
611974,611974,Western Railway- Samakhiali-Gandhidham Quadrupiling 53 km PB34/CR/2023-24,2026-07-01,0.08873724,0,LOW_PREDICTIVE_SIGNAL
611977,611977,,2026-06-01,0.70384973,1,HIGH_PREDICTIVE_SIGNAL
611978,611978,,2026-06-01,0.68081206,1,ELEVATED
611979,611979,,2026-06-01,0.50174904,1,ELEVATED
612066,612066,Rajasthan Metro Rail Project Phase 1C from Badi Chaupar to Transport Nagar via Galta Gate,2026-07-01,0.04458747,0,LOW_PREDICTIVE_SIGNAL
612068,612068,Jaipur Metro Phase 1D Project from Mansarovar to Ajmer Road Chauraha,2026-07-01,0.46231982,0,WATCH
612072,612072,Barejadi Nandej Geratpur - Sanand - 4th line 38.20 km,2026-07-01,0.3027271,0,WATCH
612096,612096,Construction of Balurghat-Hilli new BG Line,2026-07-01,0.38360402,0,WATCH
612128,612128,Hostel blocks & dining hall block,2026-07-01,0.19259596,0,LOW_PREDICTIVE_SIGNAL
612132,612132,Transmission Scheme for Evacuation of power from REZ in Rajasthan [20 GW] under Phase-III Part D Phase I [Sikar Khetri Transmission Ltd],2026-07-01,0.083450384,0,LOW_PREDICTIVE_SIGNAL
612133,612133,Transmission System for Evacuation of power from Rajasthan REZ Ph-IV [Part-1] [Bikaner Complex] Part D [Neemrana Bareilly Transmission Ltd],2026-07-01,0.39046654,0,WATCH
612134,612134,Transmission System for Evacuation of power from Rajasthan REZ Ph-IV [Part-1] [Bikaner Complex] Part A [Bikaner Neemrana Transmission Ltd],2026-07-01,0.19215173,0,LOW_PREDICTIVE_SIGNAL
612138,612138,"Transmission Scheme for Solar Energy Zone in Bidar [2500 MW], Karnataka [Bidar Transmission Ltd]",2026-07-01,0.14223361,0,LOW_PREDICTIVE_SIGNAL
612139,612139,Transmission system for Evacuation of Additional 7 GW RE power from Khavda RE park under Phase-III Part B [Vataman Transmission Limited],2026-07-01,0.18155932,0,LOW_PREDICTIVE_SIGNAL
612140,612140,Transmission Scheme for Integration of Renewable Energy Zone [Phase II] in Koppal II [Phase A&B] and gadag II[Phase A] in Karnataka [POWERGRID KOPPAL GADAG TRANSMISSION LIMITED],2026-07-01,0.12444117,0,LOW_PREDICTIVE_SIGNAL
612142,612142,"Singrauli Super Thermal Power Project, Stage-III [2x800 MW]",2026-07-01,0.09123217,0,LOW_PREDICTIVE_SIGNAL
612151,612151,,2026-03-01,0.34555733,0,WATCH
612167,612167,"Construction of 350 beds + 50 Super Specialty beds ESIC Hospital Sheelanagar, Visakhapatnam, Andhra Pradesh",2026-07-01,0.41844478,0,WATCH
612178,612178,,2026-03-01,0.2839547,0,LOW_PREDICTIVE_SIGNAL
612183,612183,Development of New Civil Enclave at Bihta,2026-07-01,0.15872553,0,LOW_PREDICTIVE_SIGNAL
612185,612185,,2026-02-01,0.10260644,0,LOW_PREDICTIVE_SIGNAL
612186,612186,350 Bedded [Upgradable to 500 beds] ESI Hospital at Sanand,2026-07-01,0.7525521,1,HIGH_PREDICTIVE_SIGNAL
612188,612188,,2026-04-01,0.6182765,1,ELEVATED
612194,612194,Development of New Civil Enclave and associated works at Darbhanga Airport,2026-07-01,0.19876458,0,LOW_PREDICTIVE_SIGNAL
612201,612201,,2026-04-01,0.17097029,0,LOW_PREDICTIVE_SIGNAL
612211,612211,"Demolition, Construction and upgradation of ESI Hospital, Kalol, Gujarat from 50 beds to 150 beds.",2026-07-01,0.5980457,1,ELEVATED
612213,612213,"Construction of 200 Bedded ESIC Hospital at Butibori, Nagpur, Maharashtra.",2026-07-01,0.2072241,0,LOW_PREDICTIVE_SIGNAL
612259,612259,CONSTRUCTION OF 300 BEDDED HOSPITAL AT HARIDWAR,2026-07-01,0.20858128,0,LOW_PREDICTIVE_SIGNAL
612513,612513,"Construction of 100 Bedded ESI Hospital at Duburi, Odisha.",2026-07-01,0.51526076,1,ELEVATED
612745,612745,"Construction of 200 bed ESI Hospital at Bommasandra, Karnataka",2026-07-01,0.56343216,1,ELEVATED
612748,612748,"Construction of 100 bed ESI Hospital and Staff Quarters [32 Nos.] at Harohalli, Karnataka",2026-07-01,0.2926402,0,LOW_PREDICTIVE_SIGNAL
612781,612781,Rebuilding of COB 4 at Durgapur Steel Plant,2026-07-01,0.5648284,1,ELEVATED
612786,612786,"Construction of New Domestic Terminal Building Building and miscellaneous works including maintenance, operations and AICMC at Kadapa Airport",2026-07-01,0.17537297,0,LOW_PREDICTIVE_SIGNAL
612787,612787,Construction of New Domestic Terminal Building and Miscellaneous works at Hubli Airport,2026-07-01,0.06870604,0,LOW_PREDICTIVE_SIGNAL
612788,612788,Construction of New Domestic Terminal Building and Miscellaneous Works at Belagavi Airport.,2026-07-01,0.122457325,0,LOW_PREDICTIVE_SIGNAL
612789,612789,"Development of additional RESA on either end on Runway 10-28 at Calicut Airport. Construction of embankment with slope protection, drainage system and associated works for additional RESA on either end on Runway 10-28",2026-07-01,0.16652873,0,LOW_PREDICTIVE_SIGNAL
612790,612790,Power System Upgradation Project,2026-07-01,0.34624296,0,WATCH
612791,612791,"Re-Construction of Rigid portions of Secondary Runway, K and A Taxiway and Strengthening of C Taxiway at NSCBI Airport Kolkata.",2026-07-01,0.3157343,0,WATCH
612793,612793,"Widening of basic strip at Western Side of Runway Chainage 80m to 920m i/c slope stabilization Measures [Balance work] of uphill and Improvement of Storm Water Drainage System at Pakyong Airport, Sikkim on design & build basis [EPC] with integrated 10 years maintenance.",2026-07-01,0.4798114,0,WATCH
612815,612815,Nipania-Bhatapra 14.4 km 4th line PB72/NR/2022-23,2026-07-01,0.114521496,0,LOW_PREDICTIVE_SIGNAL
612816,612816,ITAPARA OCP,2026-07-01,0.71154106,1,HIGH_PREDICTIVE_SIGNAL
612819,612819,,2026-04-01,0.13794388,0,LOW_PREDICTIVE_SIGNAL
612827,612827,Flyover between Pendurthi-Simhachalam North to avoid surface crossing at Simhachalam 7.135 km PB73/2023-24/NR,2026-07-01,0.43060827,0,WATCH
612834,612834,3rd & 4th line between Sarla - Sason 8 km PB73/2023-24/NR,2026-07-01,0.16972105,0,LOW_PREDICTIVE_SIGNAL
612845,612845,Pachora-Jamner with extension upto Malkapur-Narrow gauge to broad gauge 84 km,2026-07-01,0.12083704,0,LOW_PREDICTIVE_SIGNAL
612851,612851,"Phase 1B - Construction of Academic Block, Hostel, Residential Tower, Directors Residence and External Development works at National Institute of Technology, Delhi Campus on Engineering, Procurement and Construction basis",2026-07-01,0.15992548,0,LOW_PREDICTIVE_SIGNAL
612853,612853,Gurdaspur Jammu Pipeline,2026-07-01,0.10796802,0,LOW_PREDICTIVE_SIGNAL
612855,612855,Transmission System for Evacuation of Power from Potential Energy Renewable Zone in Khavda Area of Gujarat under Ph-IV [7GW] Part E2,2026-07-01,0.09006628,0,LOW_PREDICTIVE_SIGNAL
612856,612856,,2026-02-01,0.42754245,0,WATCH
612876,612876,"Construction of Permanent Campus for NIT Mizoram at Lengpui, Aizawl",2026-07-01,0.76940084,1,HIGH_PREDICTIVE_SIGNAL
612877,612877,Establishment of NIT Puducherry Permanent Campus [Phase-I and Phase-II],2026-07-01,0.07643431,0,LOW_PREDICTIVE_SIGNAL
612878,612878,Bangalore Metro Rail Project - PHASE-3,2026-07-01,0.3653057,0,WATCH
612883,612883,Establishment of Permanent Campus of NIT SIkkim at Khamdong-Gangtok District,2026-07-01,0.50696003,1,ELEVATED
612885,612885,Construction and Developement of National Institute of Technology Meghalaya Permanent Campus at Sohra,2026-07-01,0.30313176,0,WATCH
612894,612894,"Construction of Permanent Campus of Central University of Himachal Pradesh at Dehra, District - Kangra, [H.P.] on Engineering. Procurement and Construction [EPC Mode 1] Basis.",2026-07-01,0.07871155,0,LOW_PREDICTIVE_SIGNAL
612898,612898,Construction of Permanent Campus of National Institute of Technology Arunachal Pradesh,2026-07-01,0.4866061,0,WATCH
612916,612916,"Construction of permanent campus of Central University of Gujarat at Village kundhela, Dist. Vadodara, Gujarat.",2026-07-01,0.18512164,0,LOW_PREDICTIVE_SIGNAL
613002,613002,Redevelopment of Chennai Egmore Station,2026-07-01,0.16444221,0,LOW_PREDICTIVE_SIGNAL
613008,613008,Construction of Permanent Campus of Central Tribal University of Andhra Pradesh Phase-1,2026-07-01,0.615836,1,ELEVATED
613013,613013,Establishment of NIT Nagaland,2026-07-01,0.15445398,0,LOW_PREDICTIVE_SIGNAL
613015,613015,Redevelopment of Chhatrapati Shivaji Maharaj Terminus [CSMT] and construction of associated infrastructure,2026-07-01,0.5609143,1,ELEVATED
613785,613785,,2026-06-01,0.116932966,0,LOW_PREDICTIVE_SIGNAL
613786,613786,,2026-06-01,0.7781413,1,HIGH_PREDICTIVE_SIGNAL
613787,613787,Jamrani Dam Multipurpose Project,2026-07-01,0.35180938,0,WATCH
613793,613793,SHYAMSUNDARPUR UG INCLUDING SA,2026-07-01,0.65523356,1,ELEVATED
613794,613794,PARASEA-BELBAID UG PROJECT,2026-07-01,0.77733254,1,HIGH_PREDICTIVE_SIGNAL
613798,613798,AMERA OC RCE [1.0 MTY],2026-07-01,0.6117206,1,ELEVATED
613799,613799,AMGAON OC RCE [1.0 MTY],2026-07-01,0.3298717,0,WATCH
613800,613800,JAGANNATHPUR OC RCE PROJECT,2026-07-01,0.15358351,0,LOW_PREDICTIVE_SIGNAL
613801,613801,MAHAMAYA OCP [1.50 MTY],2026-07-01,0.5541205,1,ELEVATED
613802,613802,KANCHAN OC EXP,2026-07-01,0.62816817,1,ELEVATED
613803,613803,JHIRIA WEST OCP [1.5 MTY],2026-07-01,0.4315052,0,WATCH
613804,613804,RPR TAWA-III UG 0.84 MTY,2026-07-01,0.7819584,1,HIGH_PREDICTIVE_SIGNAL
613808,613808,MURAIDIH UG PROJECT,2026-07-01,0.36978668,0,WATCH
615183,615183,KHADIA EXPANSION [10 TO 16 MTP,2026-07-01,0.6588239,1,ELEVATED
615184,615184,SAONER UG MINE -1 EXPANSION 1.,2026-07-01,0.5412998,1,ELEVATED
615185,615185,AMALGAMATED DHANKASA & JAMUNIA,2026-07-01,0.48540634,0,WATCH
615186,615186,SASTI EXPANSION OPENCAST,2026-07-01,0.5201449,1,ELEVATED
615187,615187,RPR OF VISHNUPURI UG TO OC,2026-07-01,0.5691246,1,ELEVATED
615188,615188,NEW MAJRI UG TO OC 3 MTY COST,2026-07-01,0.67699116,1,ELEVATED
615189,615189,MAKARDHOKRA EXPN OC 4.9 MTY,2026-07-01,0.6405984,1,ELEVATED
615190,615190,SINGHORI DEEP OC MIN 2.0 MTY,2026-07-01,0.4797257,0,WATCH
615191,615191,KATKONA RO UG MINE,2026-07-01,0.46929675,0,WATCH
615192,615192,GOKUL EXTENSION OC MINE,2026-07-01,0.5508818,1,ELEVATED
615193,615193,,2026-04-01,0.50228065,1,ELEVATED
615194,615194,URDHAN EXPANSION OC COST PLUS,2026-07-01,0.3011842,0,WATCH
615195,615195,SHARDA UG MINE,2026-07-01,0.77454084,1,HIGH_PREDICTIVE_SIGNAL
615199,615199,KOLGAON EXPANSION DEEP OC MINE,2026-07-01,0.66236067,1,ELEVATED
615202,615202,Capacity expansion of Deposit-14 and 14 NMZ at Kirandul,2026-07-01,0.7701261,1,HIGH_PREDICTIVE_SIGNAL
615206,615206,GANDHIGRAM UG MINE,2026-07-01,0.32548302,0,WATCH
615327,615327,,2026-04-01,0.13794388,0,LOW_PREDICTIVE_SIGNAL
615330,615330,BALLARPUR NORTH WEST OC MINE,2026-07-01,0.44723213,0,WATCH
615331,615331,GADEGAON OC 3 MTY,2026-07-01,0.19357888,0,LOW_PREDICTIVE_SIGNAL
615332,615332,Transmission System for Evacuation of Power from Rajasthan REZ Ph-IV [Part-2 5.5 GW][Jaisalmer/Barmer Complex] Part B [SPV Name POWERGRID Sirohi Transmission Limited],2026-07-01,0.111888014,0,LOW_PREDICTIVE_SIGNAL
615333,615333,Transmission System for Evacuation of Power from Rajasthan REZ Ph-IV [Part-2 5.5 GW] [Jaisalmer/Barmer Complex] Part D [SPV Name POWERGRID Beawar Mandsaur Transmission Limited],2026-07-01,0.20320717,0,LOW_PREDICTIVE_SIGNAL
615334,615334,Transmission System for Evacuation of Power from Rajasthan REZ Ph-IV [Part-2 5.5 GW] [Jaisalmer/Barmer Complex] Part E [SPV Name POWERGRID Mewar Transmission Limited],2026-07-01,0.4295543,0,WATCH
615335,615335,Transmission System Strengthening for Interconnections of Bhadla-III & Bikaner III Complex [SPV Name POWERGRID BHADLA BIKANER TRANSMISSION LIMITED],2026-07-01,0.17939673,0,LOW_PREDICTIVE_SIGNAL
615336,615336,Transmission system for evacuation of Power from REZ in Rajasthan [20 GW] under phase-III Part-D Phase-II,2026-07-01,0.10990098,0,LOW_PREDICTIVE_SIGNAL
615337,615337,Additional Transmission System for evacuation of Power from Bhadla-III PS as part of Rajasthan REZ Phase III Scheme [20 GW] [SPV Name POWERGRID Bhadla-III Power Transmission Limited],2026-07-01,0.20456806,0,LOW_PREDICTIVE_SIGNAL
615338,615338,TRANSMISSION SYSTEM FOR EVACUATION OF POWER FROM RAJASTHAN REZ PH -IV [PART-2 5.5 GW] [JAISALMER/BARMER COMPLEX] PART F [SPV Name POWERGRID BARMER I TRANSMISSION LIMITED],2026-07-01,0.12668675,0,LOW_PREDICTIVE_SIGNAL
615339,615339,Transmission system for evacuation of power from Rajasthan REZ Ph-IV [Part-3/6GW] [Bikaner complex] Part A [SPV Name POWERGRID Bikaner IV Transmission Limited],2026-07-01,0.22421928,0,LOW_PREDICTIVE_SIGNAL
615340,615340,TRANSMISSION SYSTEM FOR EVACUATION OF POWER FROM RAJASTHAN REZ PH-IV [PART-3/ 6 GW] [BIKANER COMPLEX] PART B [SPV Name POWERGRID Siwani Transmission Limited],2026-07-01,0.0884227,0,LOW_PREDICTIVE_SIGNAL
615342,615342,Augmentation of Transformation Capacity at jam Khambhaliya PS [GIS] [SPV Name POWERGRID Jam Khambhaliya Transmission Limited],2026-07-01,0.08453441,0,LOW_PREDICTIVE_SIGNAL
615343,615343,Provision of Dynamic Reactive Compensation at Khavda pooling Station 1 [KPS1] and Khavda Pooling station 3 [KPS3],2026-07-01,0.3740911,0,WATCH
615344,615344,Transmission System for Evacuation of Power from Rajasthan REZ Ph-IV [Part-2 5.5GW] [Jaisalmer/Barmer Complex] Part H1 [POWERGRID KURAWAR TRANSMISSION LIMITED],2026-07-01,0.15678348,0,LOW_PREDICTIVE_SIGNAL
615345,615345,Transmission System for Evacuation of Power from Potential Renewable Energy Zone in Khavda area of Gujarat under Phase-IV [7GW] Part B [SPV Name POWERGRID South Olpad Transmission Limited],2026-07-01,0.123511575,0,LOW_PREDICTIVE_SIGNAL
615346,615346,Transmission System for Evacuation of Power from Rajasthan REZ Ph-IV [Part-2 5.5 GW] [Jaisalmer/Barmer Complex] Part C [SPV Name POWERGRID Mandsaur Transmission Limited],2026-07-01,0.22066727,0,LOW_PREDICTIVE_SIGNAL
615347,615347,TRANSMISSION SYSTEM FOR EVACUATION OF POWER FROM POTENTIAL RENEWABLE ENERGY ZONE IN KHAVDA AREA OF GUJARAT UNDER PHASE-V [8 GW] PART A [SPV Name POWERGRID West Central Transmission Limited],2026-07-01,0.30307093,0,WATCH
615349,615349,TAPIN SOUTH EXPN,2026-07-01,0.52970606,1,ELEVATED
615818,615818,Jawahar Khani Open Cast Mine,2026-07-01,0.6901715,1,ELEVATED
615820,615820,TIKAK EXTENSION OCP,2026-07-01,0.28347504,0,LOW_PREDICTIVE_SIGNAL
615821,615821,TIRAP OCP,2026-07-01,0.66963214,1,ELEVATED
615822,615822,SIRKA OC,2026-07-01,0.4887597,0,WATCH
615843,615843,TETARIAKHAR OC,2026-07-01,0.734812,1,HIGH_PREDICTIVE_SIGNAL
615857,615857,Naini Coal Mine,2026-07-01,0.4689237,0,WATCH
615858,615858,Kalyanikhani Opencast Project,2026-07-01,0.27556053,0,LOW_PREDICTIVE_SIGNAL
615860,615860,Godavarikhani Coal Mine - 5,2026-07-01,0.48653755,0,WATCH
615861,615861,Indaram Opencast Project,2026-07-01,0.2824801,0,LOW_PREDICTIVE_SIGNAL
615862,615862,Goleti Opencast Mine,2026-07-01,0.47445616,0,WATCH
615863,615863,Venkatesh Khani Coal Mine,2026-07-01,0.13741009,0,LOW_PREDICTIVE_SIGNAL
615865,615865,Kakatiyakhani OC - 2 Project,2026-07-01,0.42851618,0,WATCH
615914,615914,GHONSA EXPANSION DEEP OC MINE,2026-07-01,0.72673583,1,HIGH_PREDICTIVE_SIGNAL
615915,615915,Rourkela-Bondamunda A-Cabin 5th line 10 km Umbrella work PB57/2019-20/NR,2026-07-01,0.24799109,0,LOW_PREDICTIVE_SIGNAL
615916,615916,AMLG GAURI PAUNI EXPANSION OC,2026-07-01,0.36521918,0,WATCH
615917,615917,GAURIDEEP/GAURI CENTRAL OCP 7.,2026-07-01,0.42098874,0,WATCH
615918,615918,RPR OF BHANEGAON OC,2026-07-01,0.5275451,1,ELEVATED
615919,615919,N. EXTN. MUNGOLI NIRGUDA D OCP,2026-07-01,0.68997824,1,ELEVATED
615982,615982,NILJAI EXPANSION DEEP OCP,2026-07-01,0.32941598,0,WATCH
616044,616044,UKNI DEEP OC MINE -COST PLUS,2026-07-01,0.14845076,0,LOW_PREDICTIVE_SIGNAL
616050,616050,AMALGAMATED INDER-KAMPTEE DEEP,2026-07-01,0.12975445,0,LOW_PREDICTIVE_SIGNAL
616221,616221,"Extension of Aqua Line Metro Corridor from Noida Sector-142 station to Botanical Garden, Noida of Noida Metro Rail Corporation",2026-07-01,0.029939342,0,LOW_PREDICTIVE_SIGNAL
616223,616223,ADASA UG TO OC MINE,2026-07-01,0.26657432,0,LOW_PREDICTIVE_SIGNAL
616225,616225,CHUPERBHITA SIMLONG OCP MDO 6,2026-07-01,0.09053668,0,LOW_PREDICTIVE_SIGNAL
616226,616226,INTEGRATED KULDA GARJANBAHAL O,2026-07-01,0.13373859,0,LOW_PREDICTIVE_SIGNAL
616227,616227,3rd line between Chandil - Anara- Damodar section 121.26 km,2026-07-01,0.061120823,0,LOW_PREDICTIVE_SIGNAL
616229,616229,AMAL GONDEGAON GHATROHANA EXPN,2026-07-01,0.35846835,0,WATCH
616230,616230,PARASCOLE JAMBAD OCP,2026-07-01,0.15492673,0,LOW_PREDICTIVE_SIGNAL
616231,616231,BHUBANESWARI EXPN OCP 50 MTY,2026-07-01,0.3139401,0,WATCH
616232,616232,HINGULA II OC EXPN PH III 15 M,2026-07-01,0.53173906,1,ELEVATED
616233,616233,BALABHADRA OCP,2026-07-01,0.44423035,0,WATCH
616234,616234,PELMA OC MDO,2026-07-01,0.74373835,1,HIGH_PREDICTIVE_SIGNAL
616235,616235,,2026-02-01,0.36577278,0,WATCH
616236,616236,JARANGDIH EXPN. OCP 1.5 MTY,2026-07-01,0.72468203,1,HIGH_PREDICTIVE_SIGNAL
616253,616253,BLOCK E OCP,2026-07-01,0.6242192,1,ELEVATED
616254,616254,Visakh Raipur Pipeline Project,2026-07-01,0.21382059,0,LOW_PREDICTIVE_SIGNAL
616586,616586,Bangriposi - Gorumahisani 85.60 km PB9/SECR/2023-24,2026-07-01,0.19398683,0,LOW_PREDICTIVE_SIGNAL
616587,616587,,2026-06-01,0.10730876,0,LOW_PREDICTIVE_SIGNAL
616588,616588,Buramara - Chakulia 59.96 km PB9/SECR/2023-24,2026-07-01,0.09660989,0,LOW_PREDICTIVE_SIGNAL
616594,616594,Interception & Diversion with Rehabilitation of sewerage scheme at Agra under Hybrid annuity based PPP model-Namami Gange Programme,2026-07-01,0.285213,0,LOW_PREDICTIVE_SIGNAL
616600,616600,Interception and Diversion and STP works in Bhagalpur under Hybrid annuity based PPP mode-Namami Gange Programme,2026-07-01,0.23473153,0,LOW_PREDICTIVE_SIGNAL
616604,616604,Pollution Abatement works for River Ganga at Hooghly Chinsurah- Municipal Town Interception & Diversion with STP,2026-07-01,0.08236149,0,LOW_PREDICTIVE_SIGNAL
616605,616605,Pollution Abatement Works for River Kali Meerut under Meerut Municipality Interception & Diversion with STP,2026-07-01,0.5667308,1,ELEVATED
616611,616611,Sewage Treatment Plant 100MLD and Sewerage Network 288 km in Digha-Patna under Hybrid annuity based PPP mode-Namami Gange Programme,2026-07-01,0.37323564,0,WATCH
616612,616612,Sewage Treatment Plant 50MLD and Sewerage Network 150 km in Kankarbagh Patna under Hybrid annuity based PPP mode Namami Gange Programme,2026-07-01,0.4568221,0,WATCH
616615,616615,"Sewer Network, SPS and STP at Begusarai",2026-07-01,0.23489837,0,LOW_PREDICTIVE_SIGNAL
616616,616616,"Sewer Networks, SPS and STP at Hajipur",2026-07-01,0.24347891,0,LOW_PREDICTIVE_SIGNAL
616670,616670,Transmission System for evacuation of Power from Rajasthan REZ Ph-IV [Part-4 3.5 GW] Part A [SPV name POWERGRID Ghiror Transmission Limited],2026-07-01,0.17197317,0,LOW_PREDICTIVE_SIGNAL
616671,616671,Transmission System under ISTS for evacuation of Power from Kudankulam Unit-3&4 [2x1000 MW] [SPV Name POWERGRID Kudankulam Tarnsmission Limited],2026-07-01,0.5700472,1,ELEVATED
616672,616672,System Strengthening at Koppal-II and GadagII for integration of RE generation projects [SPV Name POWERGRID Koppal Gadag Augmentation Transmission Limited],2026-07-01,0.2989984,0,LOW_PREDICTIVE_SIGNAL
616691,616691,"Upgradation & Extension of ESIC Hospital and Construction of PG Hostel / Staff Housing for ESIC Hospital at Andheri, Mumbai",2026-07-01,0.31612945,0,WATCH
616694,616694,Flyover between Siju & Paradeep coaching yard 7 km PB73/2023-24/NR,2026-07-01,0.07129448,0,LOW_PREDICTIVE_SIGNAL
616695,616695,Construction of Paradeep- Badabandha 3rd & 4th line 18.51 km PB34/ECOR/2023-24,2026-07-01,0.34112656,0,WATCH
616697,616697,3rd & 4 th line Vadlapudi-Gate Jn. incl. tie line between Gangavaram Port-Visakhapatnam Steel Plant12.04 km PB73/2023-24/NR,2026-07-01,0.10812203,0,LOW_PREDICTIVE_SIGNAL
616699,616699,Multi tracking of Son Nagar-Andal 374.53 rkm & 814.38 tkm PB34/ECOR/2023-24,2026-07-01,0.030727426,0,LOW_PREDICTIVE_SIGNAL
616701,616701,Lumding-Furkating section 140 km Umbrella work PB57/2019-20/NR,2026-07-01,0.11377438,0,LOW_PREDICTIVE_SIGNAL
616839,616839,Gunupur - Therubali new line 73.62 km,2026-07-01,0.059144586,0,LOW_PREDICTIVE_SIGNAL
616841,616841,Pushkar - Merta Katyasani 51.346 km,2026-07-01,0.5724854,1,ELEVATED
616842,616842,LUNI- SAMDARI- BHILDI DOUBLING,2026-07-01,0.45415735,0,WATCH
616843,616843,Ajmer-Chanderiya section 178.28 km Umbrella work PB57/2019-20/NR,2026-07-01,0.41381052,0,WATCH
616856,616856,,2026-06-01,0.08270923,0,LOW_PREDICTIVE_SIGNAL
616857,616857,Doubling between Motumari Vishnupuram 88.81 km and Rail over Rail RoR at Motumari 10.877 Km,2026-07-01,0.072066896,0,LOW_PREDICTIVE_SIGNAL
616858,616858,"Construction of Field Gas Gathering Station at Baghjan area for collection, processing & transportation of natural Gas to be produced from Baghjan Field",2026-07-01,0.49058723,0,WATCH
616879,616879,Demo Bio-ATF Project,2026-07-01,0.3813549,0,WATCH
616886,616886,Delhi University Eastern Campus at Surajmal Vihar,2026-07-01,0.46898,0,WATCH
616933,616933,Lube Modernization & Bottom Upgradation Project at Mumbai Refinery,2026-07-01,0.14009145,0,LOW_PREDICTIVE_SIGNAL
616950,616950,PRP-VIII [Group-A],2026-07-01,0.25113365,0,LOW_PREDICTIVE_SIGNAL
616983,616983,Kosamba Umarpada GC PROJECT,2026-07-01,0.7276308,1,HIGH_PREDICTIVE_SIGNAL
617068,617068,"Augmentation of Transformation Capacity by 3x500 MVA, 400/220 KV ICTS [6th-8th] and 1x1500 MVA, 765/400 KV ICT [4th] at Bidar PS [SPV Name- POWERGRID Bidar Augmentation Transmission Limited]",2026-07-01,0.07692657,0,LOW_PREDICTIVE_SIGNAL
617069,617069,Augmentation of Transformation Capacity at KPS1 [GIS] and KPS2 [GIS] [Phase-V Part B1 and Part B2 Scheme] [SPV Name- POWERGRID KPS1 and 2 Augmentation Transmission Limited],2026-07-01,0.18886788,0,LOW_PREDICTIVE_SIGNAL
617179,617179,Transmission Scheme for evacuation of Power from Ratle HEP [850 MW] & kiru [624 MW] Part B,2026-07-01,0.60398424,1,ELEVATED
617181,617181,"Augmentation at Fatehgarh-II PS, Fatehgarh-IV PS [Section-II] and Barmer-I PS [POWERGRID Fatehgarh Barmer Augmentation Transmission Limited]",2026-07-01,0.20192039,0,LOW_PREDICTIVE_SIGNAL
617182,617182,Augmentation of Banaskantha [Raghanesda] PS [GIS] [POWERGRID Banaskantha Transco Limited],2026-07-01,0.6632066,1,ELEVATED
617183,617183,Transmission system strengthening at Kurnool- III PS for integration of additional RE generation projects [POWERGRID Kurnool III PS RE Transmission Limited],2026-07-01,0.2865062,0,LOW_PREDICTIVE_SIGNAL
617184,617184,Transmission Scheme for integration of Davanagere/ Chitradurga and Bellary REZ in Karnataka [POWERGRID Chitradurga Bellary REZ Transmission Limited],2026-07-01,0.2895805,0,LOW_PREDICTIVE_SIGNAL
617185,617185,Transmission System for Integration of Kurnool-IV REZ Phase-I [for 4.5 GW] [POWERGRID Kurnool-IV Transmission Limited],2026-07-01,0.11810943,0,LOW_PREDICTIVE_SIGNAL
617186,617186,Rajasthan REZ Ph-V [Part-1- 4 GW] [Sirohi/Nagaur] Complex [Rajasthan V Power Transmission Limited],2026-07-01,0.15579048,0,LOW_PREDICTIVE_SIGNAL
617188,617188,"Sipat Super Thermal Power Project, Stage-III [1x800 MW]",2026-07-01,0.26846662,0,LOW_PREDICTIVE_SIGNAL
617200,617200,,2026-06-01,0.1116667,0,LOW_PREDICTIVE_SIGNAL
617201,617201,,2026-06-01,0.15689301,0,LOW_PREDICTIVE_SIGNAL
617206,617206,Delhi Metro Rail Phase-IV [Rithala - Kundli Corridor],2026-07-01,0.0116812615,0,LOW_PREDICTIVE_SIGNAL
617207,617207,Delhi Metro Rail Phase-IV [2 Corridors],2026-07-01,0.1431984,0,LOW_PREDICTIVE_SIGNAL
617210,617210,Tirupati-Pakala-Katpadi Doubling 104.39 Km Item83/NR/2024-25,2026-07-01,0.080184124,0,LOW_PREDICTIVE_SIGNAL
617211,617211,,2026-06-01,0.3945,0,WATCH
617212,617212,,2026-06-01,0.15458785,0,LOW_PREDICTIVE_SIGNAL
617213,617213,"Varanasi- Pt. Deen Dayal Upadhyaya - Multitracking 15 km, including construction of a new Rail- cum- Road Bridge across Ganga River",2026-07-01,0.065329105,0,LOW_PREDICTIVE_SIGNAL
617214,617214,"South Central Railway- Rail connectivity to Amaravati, Capital of Andhra Pradesh Errupalem- Amaravati- Namburu New line 57 km PB7/WR/2023-24",2026-07-01,0.13123901,0,LOW_PREDICTIVE_SIGNAL
617215,617215,Doubling between Parbhani-Parli Vaijnath stations 64.71 km PB34/CR/2023-24,2026-07-01,0.423127,0,WATCH
617216,617216,South Central Railway- 3rd line between Gudur-Renigunta stations 83.17 km PB34/CR/2023-24,2026-07-01,0.15663673,0,LOW_PREDICTIVE_SIGNAL
617221,617221,"Construction of Girls Hostel 400 seater, Boys Hostel 600 seater, Academic Block, International Hostel 100 seater, VC Residence and Purchase of Equipment",2026-07-01,0.2311636,0,LOW_PREDICTIVE_SIGNAL
617224,617224,Gorakhpur-Valmikinagar Doubling project,2026-07-01,0.3586838,0,WATCH
617225,617225,PCMC To Nigdi- Extension Of North South Corridor Of Phase-1,2026-07-01,0.49679568,0,WATCH
617226,617226,Pune Metro Phase-1 Extension line towards south from Swargate to Katraj,2026-07-01,0.057158694,0,LOW_PREDICTIVE_SIGNAL
617231,617231,East Central Railway - Construction of Bulb line at Nabinagar Ankorah 17.49Km PB45/ECoR/2024-25.,2026-07-01,0.080184124,0,LOW_PREDICTIVE_SIGNAL
617233,617233,WAGHODA UG MINE [1.02 MTY],2026-07-01,0.09793964,0,LOW_PREDICTIVE_SIGNAL
617239,617239,Narkatiaganj-Raxaul-Sitamarhi-Darbhanga & Sitamarhi-Muzaffarpur Sections doubling 256 km Umbrella work PB57/2019-20/NR,2026-07-01,0.03517244,0,LOW_PREDICTIVE_SIGNAL
617242,617242,Installation of New Bar Mill at Durgapur Steel Plant,2026-07-01,0.12103088,0,LOW_PREDICTIVE_SIGNAL
617243,617243,Replacement of Hot Leveller No.1 of Plate Mill at Bhilai Steel Plant,2026-07-01,0.39501575,0,WATCH
617245,617245,Katihar-Kumedpur & Katihar-Mukuria 64.5 km Umbrella work PB57/2019-20/NR,2026-07-01,0.36687946,0,WATCH
617246,617246,Up-gradation of Blast Furnace No. 3 at Durgapur Steel Plant,2026-07-01,0.0992407,0,LOW_PREDICTIVE_SIGNAL
617248,617248,Third Ladle Furnace in Secondary Refinery Unit at IISCO Steel Plant,2026-07-01,0.17343847,0,LOW_PREDICTIVE_SIGNAL
617249,617249,Replacement of existing Grinders in CRM-I & II at Bokaro Steel Plant,2026-07-01,0.5537387,1,ELEVATED
617250,617250,Secondary Emission Control in Converters of SMS-II at Bokaro Steel Plant,2026-07-01,0.13735366,0,LOW_PREDICTIVE_SIGNAL
617251,617251,Revamping of Air Pollution Control Systems of SP-1 at Durgapur Steel Plant,2026-07-01,0.3826327,0,WATCH
617252,617252,Anand Nagar - Ghughuli via Maharajganj 53.37 km,2026-07-01,0.2441079,0,LOW_PREDICTIVE_SIGNAL
617253,617253,,2026-05-01,0.15187187,0,LOW_PREDICTIVE_SIGNAL
617254,617254,Replacement of remaining 04 sets of Battery Cyclones with 04 Nos. of ESPs in Sinter Plant-1 at Bokaro Steel Plant,2026-07-01,0.27356818,0,LOW_PREDICTIVE_SIGNAL
617255,617255,"Replacement of Converter Vessels, Trunnion Rings, Support System & Installation of Secondary Emission at Bhilai Steel Plant",2026-07-01,0.26996264,0,LOW_PREDICTIVE_SIGNAL
617256,617256,Rebuilding of Coke Oven Battery No.7 & 8 at Bhilai Steel Plant,2026-07-01,0.2390641,0,LOW_PREDICTIVE_SIGNAL
617257,617257,Rebuilding of Coke Oven Battery No.6 at Bokaro Steel Plant,2026-07-01,0.2737836,0,LOW_PREDICTIVE_SIGNAL
617269,617269,Transmission System for Strengthening to facilitate evacuation of power from Bhadla/Bikaner Complex,2026-07-01,0.17828521,0,LOW_PREDICTIVE_SIGNAL
617270,617270,Eastern Region Expansion Scheme-44 [ERES-44],2026-07-01,0.60398424,1,ELEVATED
617271,617271,Eastern Region Expansion Scheme-43 [ERES-43],2026-07-01,0.6076507,1,ELEVATED
617272,617272,Implementation of LILO of both circuits of 400KV vindhyachal PS-Sasan D/C Line at Hindalco Switchyard,2026-07-01,0.35611352,0,WATCH
617278,617278,KOLARPIMPRI EXPANSION OC [2.5,2026-07-01,0.25484562,0,LOW_PREDICTIVE_SIGNAL
617279,617279,Transmission System for evacuation of power from Mahan Energen Limited Generating Station in Madhya Pradesh [SPV Name - POWERGRID MEL Power Transmission Limited],2026-07-01,0.6057557,1,ELEVATED
617280,617280,"Construction of Basement + Ground Floor+ 10 Storeyed building for State of the Art Director General, GSI Building at plot No.GN-40, Sector-V, Salt Lake, Kolkata",2026-07-01,0.5215723,1,ELEVATED
617284,617284,,2026-06-01,0.61803555,1,ELEVATED
617287,617287,KUSMUNDA OC EXPANSION PROJECT,2026-07-01,0.33593655,0,WATCH
617288,617288,MANIKPUR OC EXPANSION PROJECT,2026-07-01,0.66196966,1,ELEVATED
617299,617299,50 MW Wind Power Project,2026-07-01,0.2630651,0,LOW_PREDICTIVE_SIGNAL
617302,617302,Durgapur - Haldia Pipeline [Section-3B of JHBDPL Project],2026-07-01,0.089342475,0,LOW_PREDICTIVE_SIGNAL
617304,617304,"Setting up of LPG Plant with Rail Unloading Facility at Hathua, Dist. Gopalganj, Bihar",2026-07-01,0.11272688,0,LOW_PREDICTIVE_SIGNAL
617326,617326,Implementation of Transmission Systems in the State of Jharkhand consisting of 400/220/132/33 kV transmission lines and substations under Jharkhand Consultancy Project,2026-07-01,0.09837452,0,LOW_PREDICTIVE_SIGNAL
617327,617327,Thane Integral Ring Metro Rail Project,2026-07-01,0.4498932,0,WATCH
617333,617333,Construction of surface traingle between Bhadaura and new crossing station Karma Dildarnagar-Taraghat line 11.1 km PB72/NR/2022-23,2026-07-01,0.10359476,0,LOW_PREDICTIVE_SIGNAL
617338,617338,Stamp Charge Battery No.12 Battery Proper at IISCO Steel Plant,2026-07-01,0.27154544,0,LOW_PREDICTIVE_SIGNAL
617345,617345,,2026-06-01,0.709396,1,HIGH_PREDICTIVE_SIGNAL
617361,617361,,2026-06-01,0.13229892,0,LOW_PREDICTIVE_SIGNAL
617364,617364,Central Railway - Double chord line between Nilaje and Kopar 4.495 km PB34/CR/2023-24,2026-07-01,0.23844935,0,LOW_PREDICTIVE_SIGNAL
617370,617370,Doubling between Jaunpur Jn - Zaffarabad 6.28 km PB73/2023-24/NR,2026-07-01,0.29090112,0,LOW_PREDICTIVE_SIGNAL
617372,617372,Pradhankhunta Jn-Patherdih Bazar-Bhojudih 17.1 km Umbrella work PB57/2019-20/NR,2026-07-01,0.68195564,1,ELEVATED
617374,617374,,2026-06-01,0.296926,0,LOW_PREDICTIVE_SIGNAL
617375,617375,North Eastern Region Expansion Scheme-XXIII [NERES-XXIII],2026-07-01,0.6330154,1,ELEVATED
617379,617379,,2026-06-01,0.51360095,1,ELEVATED
617390,617390,,2026-06-01,0.24223472,0,LOW_PREDICTIVE_SIGNAL
617391,617391,Augmentation of Transformation Capacity at Bhuj-II PS [GIS],2026-07-01,0.069289885,0,LOW_PREDICTIVE_SIGNAL
617403,617403,SADULPUR - CHURU DOUBLING PROJECT,2026-07-01,0.07707505,0,LOW_PREDICTIVE_SIGNAL
617404,617404,North Western Railway - New line between Ramdevra and Pokhran via Bhairav Gufa - Kailash Tekri 13.38 Km PB30/NR/2025-26,2026-07-01,0.17100212,0,LOW_PREDICTIVE_SIGNAL
617405,617405,Jamnagar Transmission Limited,2026-07-01,0.11695597,0,LOW_PREDICTIVE_SIGNAL
617406,617406,,2026-06-01,0.48352894,0,WATCH
617408,617408,,2026-06-01,0.4983081,0,WATCH
617409,617409,Railway Manufacturing Unit,2026-07-01,0.12020532,0,LOW_PREDICTIVE_SIGNAL
617412,617412,"Construction of One Tower of Office Complex and another Tower of Residential quarters i/c internal water supply, sanitary installation and all development and bulk services, Horticulture works on EPC Mode-I basis i/c comprehensive operation and maintenance of Civil, E&M services for 7 years after completion of original construction work for Ranga Reddy, Secunderabad, Medchal, AuditI, Audit-II Commissionerates of Central Tax at Khajaguda, Serilingampally, Hyderabad.",2026-07-01,0.6312521,1,ELEVATED
617416,617416,"Revised Jharia Master Plan for Dealing with Fire, Subsidence & Rehabilitation of affected families in Jharia Coalfield- Reg.",2026-07-01,0.033835936,0,LOW_PREDICTIVE_SIGNAL
617422,617422,Bodwad Parisar Sinchan Yojna,2026-07-01,0.65874463,1,ELEVATED
617727,617727,Orvakal Industrial Area,2026-07-01,0.57226735,1,ELEVATED
617729,617729,Kopparthy Industrial Area,2026-07-01,0.43010584,0,WATCH
617730,617730,600 MW Khavda Solar Power Project,2026-07-01,0.11850201,0,LOW_PREDICTIVE_SIGNAL
617764,617764,North Dhadu Western Part OCP,2026-07-01,0.690474,1,ELEVATED
617801,617801,Provision of ICT Augmentation & Bus Reactor at Bhuj-II PS,2026-07-01,0.22667448,0,LOW_PREDICTIVE_SIGNAL
617802,617802,Augmentation of Transformation Capacity and Implementation of Line Bays at Mandsaur S/S for RE Interconnection [SPV Name- POWERGRID Mandsaur I RE Transmission Limited],2026-07-01,0.39861685,0,WATCH
617803,617803,Transmission System Strengthening at Davanagere for Integration of RE Generation [SPV Name - POWERGRID Davanagere Power Transmission Limited],2026-07-01,0.4528801,0,WATCH
617804,617804,Mechanization of Berth No.14 for handling Containers and other cargo on DBFOT basis - Phase II,2026-07-01,0.054512456,0,LOW_PREDICTIVE_SIGNAL
617806,617806,Transmission System for Integration of Ananthapur 2 REZ Phase 1 for 4.5 GW. SPV Name Anantapuram 2 REZ Transmission Ltd,2026-07-01,0.05910774,0,LOW_PREDICTIVE_SIGNAL
617807,617807,Inter-regional [NR-WR] Transmission System strengthening to relieve the loading of 765 kV Vindhyachal-Varanasi D/c line,2026-07-01,0.059702974,0,LOW_PREDICTIVE_SIGNAL
617808,617808,Inter-Regional Strengthening between SR Grid and WR Grid,2026-07-01,0.15924153,0,LOW_PREDICTIVE_SIGNAL
617818,617818,"City Gas Distribution [CGD] Project in Gajapati, Kandhamal, Boudh, & Sonepur GA",2026-07-01,0.3866964,0,WATCH
617819,617819,"City Gas Distribution [CGD] Project in Kondagaon, Bastar, Sukma, Narayanpur, Bijapur & Dantewada GA",2026-07-01,0.28809586,0,LOW_PREDICTIVE_SIGNAL
617822,617822,ATF Pipeline from BPCLs Malkapur POL Installation to Hyderabad International airport,2026-07-01,0.6788269,1,ELEVATED
617827,617827,"Pipeline Rehabilitation Project, Phase-II",2026-07-01,0.27096778,0,LOW_PREDICTIVE_SIGNAL
617828,617828,Siliguri-Jhapa Pipeline Project,2026-07-01,0.39745775,0,WATCH
617829,617829,LPG Bottling Plant at Mualkhang,2026-07-01,0.6019247,1,ELEVATED
617830,617830,C2/C3 Vijaipur Pata Pipeline,2026-07-01,0.15236303,0,LOW_PREDICTIVE_SIGNAL
617832,617832,Koderma-Barkakana Arigada 133 Km,2026-07-01,0.03836681,0,LOW_PREDICTIVE_SIGNAL
617836,617836,Coke Drum Structure Package,2026-07-01,0.53249097,1,ELEVATED
617837,617837,Siliguri Marketing Terminal [SMT] Capacity Augmentation Project,2026-07-01,0.12294138,0,LOW_PREDICTIVE_SIGNAL
617838,617838,Augmentation of CCKPL and IDPL Pipelines capacity along with setting up of Palakkad TOP,2026-07-01,0.34328213,0,WATCH
617839,617839,Capacity Augmentation of Kandla LPG Import Terminal [KLIT] from 0.6 MMTPA to 2.5 MMTPA,2026-07-01,0.3215634,0,WATCH
617877,617877,Phase B Construction of Permanent Campus of IIT Bhilai,2026-07-01,0.059144586,0,LOW_PREDICTIVE_SIGNAL
617878,617878,Phase B of Construction of Permanent Campus of IIT Palakkad,2026-07-01,0.14926444,0,LOW_PREDICTIVE_SIGNAL
617880,617880,,2026-06-01,0.050827503,0,LOW_PREDICTIVE_SIGNAL
617882,617882,"Setting up IT Infrastructure including Network Security and Hosting at AIIMS, New Delhi",2026-07-01,0.38464248,0,WATCH
617883,617883,"Redevelopment of Residential colonies at Ayur Vigyan Nagar and West Ansari Nagar campuses of AIIMS, New Delhi",2026-07-01,0.551958,1,ELEVATED
617885,617885,Rehabilitation and Up-gradation of Nongstoin Wahkaji section of Project Road Km 0000 to Km 43060 to Intermediate Lane with earthern shoulder under SARDP-NE Phase-A in the State of Meghalaya on EPC mode. Job No- SARDP-NE ong-Don-Maw/MG/2020-21/294,2026-07-01,0.032464836,0,LOW_PREDICTIVE_SIGNAL
617886,617886,Widening of existing Single lane / Intermediate lane road to 2 lane from Km 101 to Km 125 of NH 61,2026-07-01,0.47369832,0,WATCH
617887,617887,,2026-06-01,0.38985035,0,WATCH
617888,617888,Landslide treatment work on NH 58 from Kodiyala Km. 266.130 to Devprayag Km. 296.925 10 location under EPC mode in the State of Uttarakhand on EPC Mode,2026-07-01,0.46051225,0,WATCH
617889,617889,Treatment of landslide zone from location no. 01 to 28 km 62.860 to 152.750 on NH-12509 in the State of Uttarakhand under EPC mode in NHO Annual Plan 2022-23,2026-07-01,0.28908178,0,LOW_PREDICTIVE_SIGNAL
617890,617890,Construction of Champawat Bypass with two lane with paved shoulder configuration starting from existing chainage 121.700 to existing chainage 129.450 Design Length 9.847 of NH-125 in District-Champawat in the state of Uttrakhand on EPC mode.,2026-07-01,0.4451539,0,WATCH
617891,617891,,2026-05-01,0.13159071,0,LOW_PREDICTIVE_SIGNAL
617892,617892,Construction of 2-lane road of Potin to Pangin section of NH-13 from Km 163.59 to Km 206.66 Package-5 on EPC Mode in the State of Arunachal Pradesh under Arunachal Pradesh Package of Roads and Highways of SARDP-NE [Job No SARDP-NE/P-P/Pkg-A/NH-13/Ar.Pr./PWD/2018-19/116],2026-07-01,0.20599651,0,LOW_PREDICTIVE_SIGNAL
617893,617893,Construction of additional major Bridge with 4- lane configuration of length 1.48 km on NH-60 NH-14 over River Kangshabati from Km. 117.770 to Km 119.250 and additional major Bridge with 4- lane configuration of length 0.900 km on NH-60 NH-14 over River Shilabati from Km. 173.220 to Km 174.120 in the district of Paschim Medinipur of West Bengal under Annual Plan for FY 2023-24 on EPC mode. Job No 014-W8-2023-24/527 .,2026-07-01,0.041655988,0,LOW_PREDICTIVE_SIGNAL
617894,617894,"Construction or 4 lane Raniganj Bypass of length 5.261 km on NH-60 new NH-14 from km 273.00 of NH to km 478.18 of NH-2 New NH 16 in paschim Bardhaman, West Bengal in EPC Mode- reg. Job No. 014-WB-2022-23/514",2026-07-01,0.31991157,0,WATCH
617895,617895,Construction of Mangaldoi Bypass NH-15 starting at Ch 26400 and terminating at Ch 41505 under Rangia NH Division L 15.105 Km in the State of Assam. Job No. 15/AS/2021-22/234,2026-07-01,0.18623215,0,LOW_PREDICTIVE_SIGNAL
617896,617896,"Construction of 4 lane Gauripur Bypass Starting bfrom Km 852.56 of NH-31Dumardoha Pt-II and Terminating at Km 862.17 Baladmara via. Khudimari Pt.- II, Fulkumari, Charaldanga, Sajuakuti,Geramari Pt.-III and finally meeting at km 862.17 of NH-17New/ NH-31Old in the State of Assam under EPC Mode Job no. 31/AS/ 2023-24/265",2026-07-01,0.36353412,0,WATCH
617897,617897,Construction of proposed 4Lane Revelgunj bypass NH-19 in the State of Bihar on EPC mode connecting NH 19 to 85 origin,2026-07-01,0.16728719,0,LOW_PREDICTIVE_SIGNAL
617898,617898,New construction of Major Bridge with Approaches from Km 0.000 to 1.200 Madhopur -Badabanta section of NH-20 under NHO in Annual Plan 2022-23 in the State of Odisha,2026-07-01,0.16492559,0,LOW_PREDICTIVE_SIGNAL
617899,617899,Widening and Strengthening to 4LPS/2LPS from km 0.000 to 35.800 Kuakhia - Mangalpur section of NH 20 in the state of Odisha on Annual Plan 2021-22,2026-07-01,0.55142087,1,ELEVATED
617900,617900,,2026-05-01,0.38212952,0,WATCH
617901,617901,Widening of Pachpadra-Bagundi Section to 4 Lane from Km 73/60 to 95/70 of NH-25 on EPC mode in the state of Rajasthan.,2026-07-01,0.28690568,0,LOW_PREDICTIVE_SIGNAL
617902,617902,construction or By-pass road on NH-26 for Nabrangpur Town,2026-07-01,0.1961722,0,LOW_PREDICTIVE_SIGNAL
617904,617904,Construction of Bypass road to Balangir town from km 72/400 Desing km 0/0 to km 79/800 Design km 11/670 of NH-26 in the State of Odisha.,2026-07-01,0.6546032,1,ELEVATED
617905,617905,Construction of 4 lane ROB with approaches in lieu of LC No. RV-172 at km 176.00 of NH-201 present NH-26 at Kesinga including land acquisition in the state of Odisha on EPC mode under Annual Plan 2021-22,2026-07-01,0.29020983,0,LOW_PREDICTIVE_SIGNAL
617906,617906,Up-gradation of Dhoraji-Jamkandorna-Kalavad Section of NH-927D from Design Chainage km 0/00 to km 58/115 to Two lane with PS configuration in the State of Gujarat on EPC,2026-07-01,0.5623662,1,ELEVATED
617907,617907,,2026-05-01,0.071979366,0,LOW_PREDICTIVE_SIGNAL
617908,617908,Bemetara Bypass NH 30,2026-07-01,0.11323437,0,LOW_PREDICTIVE_SIGNAL
617909,617909,Construction of Rewa Bypass to 4-lane with paved shoulder along with service road from Ratahara Chowk to Chorhata Chowk Road section of NH-30 from km 00.000 to 19.200 in the State of Madhya Pradesh on Hybrid Annuity Mode HAM.,2026-07-01,0.43850437,0,WATCH
617911,617911,Rehabilitation and upgradation Umaria to Shahdol section of NH-78 from Existing Km. 68/4 to Km. 142/2 to 2LPS including construction of Birshinghpur and Shahdol Bypass on EPC mode under NHDP-IVA,2026-07-01,0.55917317,1,ELEVATED
617912,617912,Construction of 6 lane flyover from Khapari ROB to Mihan Interchange design chainage km 8760 to 11450 L- 2.69 km and upgradation of existing 4L PS road to 6LPS with service road by flexible pavement design chainage km 11450 to 14500 L-3.05 [total project length 5.74 km] in section of Nagpur - Hyderabad NH-44 Old NH-7 in Nagpur district in the state of Maharashtra on HAM mode.,2026-07-01,0.32776487,0,WATCH
617913,617913,6-laning of km 9.900 to km 19/948 Aramgarh to Shamshabad Section of Hyderabad-Bangalore section of NH-44 Under NHO EPC basis in the state of Telangana,2026-07-01,0.32614225,0,WATCH
617914,617914,Upgradation and reconstruction of Shahpura-Dindori Section of NH 45 from Km 103.700 Design to Km 164.580 Design including 3 bypasses Total length 60.88km to Two lane with paved shoulder configuration along with One time improvement in 03 nos of bypassed built-up areas in a total length of 12.341 km in the State of Madhya Pradesh on EPC mode,2026-07-01,0.3022224,0,WATCH
617915,617915,,2026-06-01,0.20215788,0,LOW_PREDICTIVE_SIGNAL
617916,617916,Work of 6 laning/Construction of elevated corridor from km 0/0 to 10/170 Narol Junction to Sarkhej junction including 4 lane Shastri Bridge on Sabarmati river on NH 47 in the State of Gujarat on HAM mode,2026-07-01,0.5035305,1,ELEVATED
617917,617917,,2026-05-01,0.36677077,0,WATCH
617918,617918,"Widening and Strengthening of existing S/L, I/L, & D/L to 2 Lane with PS from Km 256/455 to 256/503, 256/820 to 256/960, 265/760 to 266/010, 266/010 to 266/800, 270/975 to 271/055, 276/460 to 276/560, 276/560 to 276/700, 276/700 to 277/480, 285/780 to 288/290, 288/290 to 291/050 and construction of 3 Nos. of Bypass from Km 266/800 to 267/300, 270/025 to 270/975, & 284/700 to 285/780 on NH-53 under NHO in Annual Plan 2022-23 for the State of Odisha.",2026-07-01,0.03722438,0,LOW_PREDICTIVE_SIGNAL
617919,617919,Construction of 4 Nos Grade separtor between km. 281.000 to km. 307.600 km. 286.400 kumhari km. 299.000 Transport Nagar km. 302.000 Power House km. 304.000 Chandra Moura Chowk to km. 305.000 supeia of NH-53 old NH-06 Raipur -Durg 4 Lane on EPC mode in the state of chhattisgarh job NO. NH-53old NH-06 CG-2017-18-56,2026-07-01,0.14070943,0,LOW_PREDICTIVE_SIGNAL
617920,617920,Widening and Strengthening to 2LPS including LA from km 318.970 to 353.450 Balikuda-Mulkani Section of NH-55 under NHO in Annual Plan 2022-23 in the State of Odisha. Job No. NH-55-OD-2022-23-656,2026-07-01,0.077072896,0,LOW_PREDICTIVE_SIGNAL
617921,617921,Widening and strengthening to 2LPS including LA of Kandarpur-Balikuda from km 277/500 to 318/970 of NH-55 in the State of Odisha under Annual Plan 2021-22.,2026-07-01,0.45611465,0,WATCH
617922,617922,Construction of Jharsuguda Bypass including Land acqusition on NH-49 from km 258.636 to km 283.300 design chainage 258.636 to km 289.876 under NHO in Annual Plan 2022-23 for the state of Odisha Job No.NH-49-OD-2022-23-655,2026-07-01,0.7371236,1,HIGH_PREDICTIVE_SIGNAL
617923,617923,Construction of Daspalla Bypass from km 195.250 To 200.635 of NH-57 including land acquisition in the state of Odisha on EPC mode under Annual Plan 2022-23.,2026-07-01,0.19612607,0,LOW_PREDICTIVE_SIGNAL
617924,617924,,2026-05-01,0.040226765,0,LOW_PREDICTIVE_SIGNAL
617925,617925,Construction of Bypass to Khordha town from Km 294/000 to 300/300 on NH-57 including LA in the State of Odisha on EPC mode.,2026-07-01,0.13744271,0,LOW_PREDICTIVE_SIGNAL
617926,617926,Construction of new 4 lane major bridge with approaches on Sabarmati River near Dharoi at Km. 82/00 to 86/00 Design length 3.300 km on NH-58 in the State of Gujarat on Hybrid Annuity Mode HAM,2026-07-01,0.17754166,0,LOW_PREDICTIVE_SIGNAL
617927,617927,Widening to 2LPS between Km 0/0 to 56/0 Khokhara Gujarat Border Vijayanagar Antrasuba Mathasur road of NH 58 in the State of Gujarat,2026-07-01,0.23075,0,LOW_PREDICTIVE_SIGNAL
617928,617928,"Widening 2 lane to 4-lane from KM 92/320 to Km 115/320 Vav Chokdi-Satlasana to to Vrundavan Chokdi, Kheralu on NH-58 in the State of Gujarat.",2026-07-01,0.5054754,1,ELEVATED
617929,617929,Construction of 2 lane with paved shoulder of Kund Bypass from Design Km 35.130 to Km 47.700 existing Km 33.130 to Km 41.260 of NH-109 in the State of Uttarakhand,2026-07-01,0.54293084,1,ELEVATED
617930,617930,Construction of Bypass on NH-59 from Km 336/350 to 349/910 13.56 km near Berhampur town including 4-lane RoB in the state of Odisha.,2026-07-01,0.46551153,0,WATCH
617931,617931,Construction of ROB and its approaches in lieu of LC No. 10/B/T at Km 307.050 of NH-60.,2026-07-01,0.20553765,0,LOW_PREDICTIVE_SIGNAL
617932,617932,Construction of New Four Lane Bypass to Parbhani City Parwa to Asola Km 463/265 to Km 481/180 Design Ch. 19220 to Ch. 34434 Length-15.214 Km section of NH-61 on EPC mode in the State of Maharashtra.,2026-07-01,0.24586411,0,LOW_PREDICTIVE_SIGNAL
617933,617933,,2026-05-01,0.029892154,0,LOW_PREDICTIVE_SIGNAL
617934,617934,Nasratpur to Barasgaon section of NH-61 2L / 4L PS from Km.514/00 to 558/200,2026-07-01,0.18550554,0,LOW_PREDICTIVE_SIGNAL
617935,617935,"Construction of Elevated corridor from Km. 135.650 to 136.300 on 63, from Km. 249 to Km. 250.050 on old NH-4 and from Km. 192.910 to Km. 193.350 on NH-218 from decongestion of traffic in Ranichennamma circle in Hubli city in the state of Karnataka on EPC basis",2026-07-01,0.17566106,0,LOW_PREDICTIVE_SIGNAL
617936,617936,Widening to two/four lane with paved shoulder from Km.180.600 to Km.223.000 of NH-63 on Nizamabad-Jagadalpur road on EPC mode under NHO in the state of Telangana.,2026-07-01,0.49816036,0,WATCH
617937,617937,Udgir Raavi Degloor Aadampur phata to Sagroli fata,2026-07-01,0.05389113,0,LOW_PREDICTIVE_SIGNAL
617938,617938,Rehabilitation And Upgradation to four lane with paved shoulder configuration from km 24350 to km 61875 Jawale - Borgaon Kale of NH-63 in the State of Maharashtra on EPC mode under Annual Plan 2024-25 Total length - 37.525 Km.,2026-07-01,0.16361657,0,LOW_PREDICTIVE_SIGNAL
617939,617939,6-Laning of Pune-Hyderabad Section of NH-65 from Km 493/0 to Km 524/0 from Sangareddy X Roads to Madinaguda in the State of Telangana,2026-07-01,0.22983424,0,LOW_PREDICTIVE_SIGNAL
617940,617940,"Rehabilitation and Upgradation of LB-Nagar to Malkapur section to 6-Lane main carriageway with service roads, drains cum footpath, including VUPs and widening of Minor bridge & road safety provisions from Km. 15/00 to Km 40/00 of NH-65 Old NH-9 under NH O for the year 2020-21 in the state of Telangana on EPC Mode.",2026-07-01,0.24864742,0,LOW_PREDICTIVE_SIGNAL
617941,617941,4-Laning from End of Zuari approaches to Start of Margao Bypass section of NH-66 from Km 536.800 to Km 543.450,2026-07-01,0.061191447,0,LOW_PREDICTIVE_SIGNAL
617942,617942,Construction of Six lane Elevated Corridor from Km. 508.000 to Km. 513.150 including approaches on NH-66,2026-07-01,0.16851906,0,LOW_PREDICTIVE_SIGNAL
617943,617943,4-laning of Navelim to Cuncolim Section of NH-66 from Km 554.245 to Km 561.480 on HAM Mode,2026-07-01,0.029939342,0,LOW_PREDICTIVE_SIGNAL
617944,617944,,2026-05-01,0.27095842,0,LOW_PREDICTIVE_SIGNAL
617945,617945,Balance work of NH-66 from design Km 84/00 to Km 87/100 Indapur Bypass and Km 91/600 to Km 99/100 Mangaon Bypass to four lane with paved shoulder in State of Maharashtra under NHO on EPC Mode.,2026-07-01,0.1883528,0,LOW_PREDICTIVE_SIGNAL
617946,617946,Kashedi to Parshuram Ghat section of NH-66 from Km 161/600 - Km 205/400 - 4L PS,2026-07-01,0.02863905,0,LOW_PREDICTIVE_SIGNAL
617947,617947,Arawali Kante section of NH-17New NH-66 4L PS from Km.241/300 to 281/300,2026-07-01,0.5125694,1,ELEVATED
617948,617948,Kante - Wakad section of NH-66 4L PS from Km.281/300 to 332/200,2026-07-01,0.539237,1,ELEVATED
617949,617949,,2026-06-01,0.22703674,0,LOW_PREDICTIVE_SIGNAL
617950,617950,Construction of Srinivasapura Bypass from existing Km 453.890 Design Ch. 0000 to existing Km 461.450 Design Ch 10080 on NH-69 in the State of Karnataka Under NH O in EPC mode under Annual Plan 2022-23 NH-69-KNT-2022-23-966 dated 22.11.2022,2026-07-01,0.14605822,0,LOW_PREDICTIVE_SIGNAL
617951,617951,Construction of Chintamani Bypass from Design Ch.0000 Existing Ch.428880 to Design Ch.15400 Existing Ch.444010 on NH-69 in the State of Karnataka in EPC Mode under NHO Annual Plan 2022-23. NH-69-KNT-2022-23-989 dated 24.03.2023,2026-07-01,0.18213248,0,LOW_PREDICTIVE_SIGNAL
617954,617954,,2026-05-01,0.17513202,0,LOW_PREDICTIVE_SIGNAL
617955,617955,Widening to two lane with paved Shoulders from Km 40.00 to Km 75.00 Existing chainages of Mangalore - Tumkur section of NH-73 in the State of Karnataka on EPC Mode under Annual Plan 2021-22 Job No NH-73-KNT-2021-22-945,2026-07-01,0.2952903,0,LOW_PREDICTIVE_SIGNAL
617957,617957,,2026-05-01,0.279905,0,LOW_PREDICTIVE_SIGNAL
617958,617958,Widening & Strenthening from km132.895 to km 190.15 NH-80,2026-07-01,0.35238904,0,WATCH
617959,617959,,2026-05-01,0.25737375,0,LOW_PREDICTIVE_SIGNAL
617960,617960,Construction of new road at the missing link portion of NH-81 along approved alignment between Harishchandrapur and Eastern approach of Kalindri Bridge from Km 46.550 to Km 59.697 in the district of Malda. Job No-081-WB-2015-16/400,2026-07-01,0.11118015,0,LOW_PREDICTIVE_SIGNAL
617961,617961,Gaya-Hisua-Rajgir-Nalanda-Biharsharif section km0.00 to 92.935 NH-82,2026-07-01,0.7845225,1,HIGH_PREDICTIVE_SIGNAL
617962,617962,"Construction of Bypass to Madurai Achambathu Viratipathu in between km 6/850 10/382 of NH 49 Extn New NH 85 including Land Acquisition on Engineering, Procurement & Construction EPC basis Contract under NH O Annual Plan 2021-22 in the state of Tamil Nadu job No.NH-49 Extn New NH 85 - TN-2021-22-997",2026-07-01,0.05611819,0,LOW_PREDICTIVE_SIGNAL
617963,617963,Rehabilitation and upgradation to four lane road from km 70.500 to km 78.600 of NH-92 under EPC mode in the State of Uttar Pradesh,2026-07-01,0.5669982,1,ELEVATED
617964,617964,"Widening to Four Lane rigid pavement configuration from Km 90.00 to Km 100.800 on NH-96 Km 42.0 to Km 53.300 as per new NH-330,design length of 11.300 km under EPC mode in the state of Uttar Pradesh.",2026-07-01,0.21899351,0,LOW_PREDICTIVE_SIGNAL
617965,617965,Kopargaon to Savali Vihir section,2026-07-01,0.020050338,0,LOW_PREDICTIVE_SIGNAL
617966,617966,Rehabilitation and Upgrading to 2 lanes/2-lane with paved shoulders configuration and strengthening of of Birpur and Bihpur Section from km 0.0 to Km 106 of NH 106 under phase I of National Highways Interconnectivity Improvement Projects NHIIP ICB No. NHIIP-BR-106-7 [NHIIP-BR-106-7],2026-07-01,0.2869618,0,LOW_PREDICTIVE_SIGNAL
617967,617967,Construction of Rudraprayag tunnel of length 900.30 MTR including approaches and one major bridge on river Alaknanda connecting NH-107/old-109 to NH-07old-58 on EPC mode in the state of Uttarakhand.,2026-07-01,0.045881573,0,LOW_PREDICTIVE_SIGNAL
617968,617968,Construction & Widening Including Augustmuni Bypass Ch-16.545 to Ch - 19.890 to 2L/PS from Km 16.545-Km 33.130 & 45.980 -57.975 Augustmuni to Kund & Guptkashi to Sitapur on NH 109 in UK,2026-07-01,0.09574935,0,LOW_PREDICTIVE_SIGNAL
617969,617969,Construction of 4 Lane ROB and its approaches at the level crossing LC No 29 B of Km 29 Ekangarsarai at NH 110 New NH 33 & Railway Km 32.63 at Fatwa FUT Islampur IPR section in the state of Bihar on EPC mode.,2026-07-01,0.2252151,0,LOW_PREDICTIVE_SIGNAL
617970,617970,,2026-05-01,0.12594984,0,LOW_PREDICTIVE_SIGNAL
617971,617971,Up-gradation to Two/Four lane with paved shoulder Configuration of Kondagaon- Narayanpur from design ch. 0.00 - 48.693 Design Length 47.493 Km. 1.20 Km. retained on NH-130D under EPC mode in the State Chhattisgarh.,2026-07-01,0.26565588,0,LOW_PREDICTIVE_SIGNAL
617972,617972,Upgradation to Two lane with Paved Shoulder Configuration of Narayanpur Kasturmeta pkg-II from design ch. 48.693 to 70.453 design length21.760 Km. on NH-130D under EPC mode in the state of Chhattisgarh.,2026-07-01,0.080184124,0,LOW_PREDICTIVE_SIGNAL
617973,617973,,2026-05-01,0.47111893,0,WATCH
617974,617974,Rehabilitation and upgradation of 2 lane with paved shoulder from existing km. 195.175 to km. 220.000 Design Chainage km71.300 to Km. 95.947 Excluding existing chainage Km 200.300 to Km 202.400 Design chainage Km 76.400 to Km 78.400 on Dharasu to Yamunotri Road of NH- 134 Old NH-94,2026-07-01,0.07576953,0,LOW_PREDICTIVE_SIGNAL
617975,617975,,2026-05-01,0.14958769,0,LOW_PREDICTIVE_SIGNAL
617976,617976,Work of development and construction of elevated corridorfrom km 38/660 to km 42/690 Iscon junction to start point of approach of sanand flyover of NH-147 in the sate of Gujarat,2026-07-01,0.2017739,0,LOW_PREDICTIVE_SIGNAL
617977,617977,,2026-05-01,0.17445257,0,LOW_PREDICTIVE_SIGNAL
617978,617978,"Rehabilitation, upgradation & widening of existing highway to 2L/4LPS Rigid Pavement of NH 160 section- Phaltan to Mhaishal near Karnataka Border including Tasgaon Bypass, from existing chainage Km 301/430 to Km 458/415 in the State of Maharashtra- Package-II & Package III combined- starting from existing chainage Km 341/300 to Km 394/130 and design chainage Km 340/250 at Dahiwadi Village to Km 392/950 ending at Vita Village in the State of Maharashtra on EPC Mode.",2026-07-01,0.05093389,0,LOW_PREDICTIVE_SIGNAL
617979,617979,"Rehabilitation, upgradation & widening of existing highway to 2L/4LPS Rigid Pavement of NH 160 section- Phaltan to Mhaisal near Karnataka Border including Tasgaon Bypass, from existing chainage Km 301/430 to Km 458/415 in the State of Maharashtra. Package-I starting from existing chainage Km 301/430 at Phaltan Village Junction of Phaltan Baramati Road Design Chainage -301/430km & ending at existing chainage Km 341/300 Dahiwadi Village Bus Stop Design chainage Km 340466km in the S",2026-07-01,0.24555004,0,LOW_PREDICTIVE_SIGNAL
617980,617980,Construction of six lane elevated corridor from km 7.950 Uppal to km 14.200 of NH-163 to De-Congest the urban limits of Hyderabad-Bhoopalapatnam section on EPC mode in the state of Telangana,2026-07-01,0.27142408,0,LOW_PREDICTIVE_SIGNAL
617981,617981,,2026-05-01,0.08326101,0,LOW_PREDICTIVE_SIGNAL
617982,617982,,2026-05-01,0.13229892,0,LOW_PREDICTIVE_SIGNAL
617983,617983,Widening & Strengthening of Existing 2LPS to 4 lane PS from Km 150000 to Km 159000 and Km 165400 to Km 186000 of NH-163 old NH-202 under NH O for the year 2020-21 on EPC Mode in the state of Telangana.,2026-07-01,0.0953731,0,LOW_PREDICTIVE_SIGNAL
617984,617984,"Gudivada Town 2 RoB, and Road improvement NH-165",2026-07-01,0.050597068,0,LOW_PREDICTIVE_SIGNAL
617985,617985,Widening to two lane with paved shoulders from Km 0/0 to 64/020 Pamarru to Akiveedu,2026-07-01,0.05472864,0,LOW_PREDICTIVE_SIGNAL
617986,617986,Kurnool/Kadapa Border-Jammalamadugu section of NH-167K i.e. Design Ch. Km 248010 to km 269900 to 2,2026-07-01,0.1391495,0,LOW_PREDICTIVE_SIGNAL
617987,617987,Nandyala-Kurnool/Kadapa Border section of NH-167K i.e. Km 186/000 to Km 250/000Design Ch.186000 to 248010 to 2LPS,2026-07-01,0.17751792,0,LOW_PREDICTIVE_SIGNAL
617988,617988,Sangameswaram - Atmakuru section from Km 96 to Km 124 & Velegodu- Nandyal section including Nandyal Bypass from Km 143/6 to 185/9 NH-167K,2026-07-01,0.10372524,0,LOW_PREDICTIVE_SIGNAL
617989,617989,Construction of Major Bridge at Km.180.865 across river Krishna on NH 167 Hagari Jadcherla section,2026-07-01,0.15124427,0,LOW_PREDICTIVE_SIGNAL
617990,617990,,2026-05-01,0.20222081,0,LOW_PREDICTIVE_SIGNAL
617991,617991,"Rehabilitation and up-gradation of NH-167 from Km 14/900 to Km70/000 Design Ch. 14/900 to 69/700 Chintakunta to Adoni section to two lane with paved shoulders in the State of Andhra Pradesh under Corridor Approach through Engineering, Procurement",2026-07-01,0.32178783,0,WATCH
617992,617992,,2026-05-01,0.41228855,0,WATCH
617993,617993,,2026-05-01,0.17121114,0,LOW_PREDICTIVE_SIGNAL
617994,617994,Rehabilitation and upgradation of NH-167 from design km 113.900 to 154.479 Mallepally Haliya section to two lane with paved shoulders on EPC mode in the stte of Telangana,2026-07-01,0.09227655,0,LOW_PREDICTIVE_SIGNAL
617995,617995,Widening to Two Lane with Paved Shoulders from Km 67.000 to Km 114.425 of Kalwakurthy- Mallapally Section of NH 167 Erstwhile section of SH 18 in the State of Telangana on EPC mode under NH O Annual Plan 2016-17,2026-07-01,0.09183406,0,LOW_PREDICTIVE_SIGNAL
617996,617996,,2026-05-01,0.24536589,0,LOW_PREDICTIVE_SIGNAL
617997,617997,Widening of existing 2 lane to 4 lane with paved shoulder from Designed km 25.15 to km 56.70 Except Km 52.70 to 53.50 of NH-169 Nellisara Camp to Thirthahalli of NH-169 on Shimoga-Mangalore section in the state of Karnataka on EPC mode under Annual plan 2022-23 NH-169-KNT-2022-23-978 dated 08.03.2023,2026-07-01,0.10068229,0,LOW_PREDICTIVE_SIGNAL
617998,617998,Widening to existing 2 lane with paved Shoulder to 4 Lane with paved shoulder from design Km 153.00 to 168.27 Mala Gate to Karkala of NH -169 on Shimoga - Mangalore section in the state of Karnataka on EPC mode under Annula Plan 2021-22 Job No. NH-169-KNT-2021-22-949,2026-07-01,0.16603822,0,LOW_PREDICTIVE_SIGNAL
617999,617999,Widening to 2LPS from Km 67 to Km 115 on Kadur-Hosadurga section NH 173 in the state of Karnataka NH-173-KNT-2022-23-980 dated 13.03.2023,2026-07-01,0.228318,0,LOW_PREDICTIVE_SIGNAL
618000,618000,Widening to 2-Lane with Paved Shoulders from Km 116.800 to 149.070Design Changes on Hosadurga - Holalkere Section of NH-173 in the State of Karnataka on EPC mode under Annual Plan 2021-22 Job no. NH-173-KNT-2021-22-946,2026-07-01,0.033909645,0,LOW_PREDICTIVE_SIGNAL
618001,618001,"Construction of 4-lane flyover at Amberpet-X road, Hyderabad on NH-202 in the State of Telangana",2026-07-01,0.117378846,0,LOW_PREDICTIVE_SIGNAL
618002,618002,,2026-05-01,0.13229892,0,LOW_PREDICTIVE_SIGNAL
618003,618003,Construction of four lane ROB and its approaches in lieu of existing Level Crossing No. RV-71 at km 435 on NH-217 New NH-353 at Khariar including land acquisition under NHO in Annual Plan 2021-22 for the state of Odisha for F.Y. 2021-22 to F.Y 2033-34,2026-07-01,0.111651756,0,LOW_PREDICTIVE_SIGNAL
618004,618004,Construction of Bhabhua Bypass from Ch. 10800Design Ch. 10800 to Ch. 19860 Design Ch. 18150 and Chand Bypass from Ch. 38060 Design Ch. 36250 to Ch. 40460 Design Ch. 38650 and widening of existing road to 2 - lane with Paved shoulder from Ch. 40460 Design Ch. 38650 to Ch. 46860 Design Ch. 45050 of NH-219 Total length-16.150 Kmunder EPC mode in the state of Bihar,2026-07-01,0.14809717,0,LOW_PREDICTIVE_SIGNAL
618005,618005,,2026-06-01,0.27095842,0,LOW_PREDICTIVE_SIGNAL
618006,618006,,2026-05-01,0.14850287,0,LOW_PREDICTIVE_SIGNAL
618007,618007,,2026-05-01,0.25992796,0,LOW_PREDICTIVE_SIGNAL
618008,618008,,2026-05-01,0.12594984,0,LOW_PREDICTIVE_SIGNAL
618009,618009,Balance work of Construction of Ring Road for Raebareli City on eastern side of NH-24B Phase-1 on EPC mode.,2026-07-01,0.52456385,1,ELEVATED
618010,618010,Development to 4-lane with paved shoulder for the road section Talwandi Sabo-Raman road to refinery Road junction with Bathinda Dabwali Road of NH-254 from existing Km 131.600 to Km 155.650 Design Km 131600 to km 155600 in the State of Punjab. Job No NH-254-PB-2022-23-565,2026-07-01,0.47369832,0,WATCH
618011,618011,Construction of 2 lane with paved shoulder for the work of Development of remaining sections of NH-325 Balotra to sanderao via Jalore to 2 lane with paved shoulder configuration by Construction of Byasses for town portions1 Asotra- Brahmdham bypass 2Siwana Bypass 3 Mokalsar Bypass 4 Major realignment at Kathadi 5 Major realignment at Bishangarh 6 Jalore Bypass 7 Ahore Town portion 8 Dujana Bypass in the state of Rajasthan on EPC Mode,2026-07-01,0.36217096,0,WATCH
618012,618012,"Widening & strengthenlng to 2LPS from km 0,000 to 40.000 Dhaugaon- Podamari section of NH 326 in the State of Odisha under Annual Plan 2021.22.",2026-07-01,0.69224894,1,ELEVATED
618013,618013,4-laning of Puttaparthi-Koduru Section of NH-342,2026-07-01,0.09516043,0,LOW_PREDICTIVE_SIGNAL
618014,618014,"Upgradation of Ambikapur-Ramanujganj-Garwa road of NH-343, Package-III, Badki mahri village to Ramanujganj section from existing km 80.600 to km 110.330 Design Ch. 85.370 to Ch. 114.800 of total length 29.430 km to two lane with paved shoulders udner corridor scheme under EPC Mode in the of Chhattisgarh",2026-07-01,0.56563014,1,ELEVATED
618015,618015,"Upgradation of Keonchi - Ratanpur Road of NH 45 Package-I, from design chainage km 237.860 to km 273.200 of length 35.340 km to two lane with paved shoulders under Corridor scheme on EPC mode in the state of Chhattisgarh.",2026-07-01,0.37912962,0,WATCH
618016,618016,"Upgradation of Ambikapur Ramanujganj - Garhwa Road NH 343 of Package-I, Rajpuri Khurd Village to Padih Village section from existing km 7.830 to km 57.650 Design Ch. 13.700 to Ch. 62.700 of total length 49.00 km to two lane with paved shoulders under EPC mode in the state of Chhattisgarh",2026-07-01,0.12153381,0,LOW_PREDICTIVE_SIGNAL
618017,618017,"Upgradation of Keonchi - Ratanpur Road of NH 45 Package-II, from design chainage km 278.75 to km 321.348 of length 42.598 km to two lane with paved shoulders under Corridor scheme on EPC mode in the state of Chhattisgarh.",2026-07-01,0.6487423,1,ELEVATED
618018,618018,Upgradation of Bilaspur-Takhatpur-Mungeli-Pandariya-Pondi Road on N.H.-130A Package IIIA Takhatpur By-pass from existing Ch. 26.542 to 32.093 [Design Ch. 18.700 to 25.900] & Mungeli By-pass from existing Ch. 45.786 to 56.275 [Design Ch. 29.600 to 51.600] and Package IIIB Pandariya By-Pass from existing Ch. 82.582 to 87.133 [Design Ch. 77.900 to 81.1000 & Pondi By-pass from existing Ch. 103.166 to 104.756 [Design Ch. 97.000 to 103.395] to two lane with paved shoulder configuration in the,2026-07-01,0.6247643,1,ELEVATED
618019,618019,Upgradation & widening of Jharkheda- Berasia - Dholkhedi from design km 0000 to km 87900 Design length 87.90km of NH-346 including 3 nos. bypasses of 13.10 Km in the State of Madhya Pradesh under EPC mode.,2026-07-01,0.01916868,0,LOW_PREDICTIVE_SIGNAL
618020,618020,"Rehabilitation & Upgradation of KurwaiMungaoliChanderi Road section of NH-346, from Design Chainge 0.000 to 81.300 Km Total length 83.1 km to Two lane with paved shoulder configuration along with One time improvement in 07 nos of bypassed built-up areas in a total length of 22.615 km in the state of Madhya Pradesh on EPC mode.",2026-07-01,0.32588398,0,WATCH
618021,618021,Up-gradation of Pichhore- Dinara section of NH-346 from Km 292.750 to 334.550 to two lane with paved shoulders in the state of Madhya Pradesh on EPC mode,2026-07-01,0.15436432,0,LOW_PREDICTIVE_SIGNAL
618022,618022,Upgradation to two lane with paved Shoulder Configuaration from Km. 0/00 to 47/000 of NH 351 Mahuva to Badhada section in the State of Gujarat,2026-07-01,0.15034121,0,LOW_PREDICTIVE_SIGNAL
618023,618023,,2026-06-01,0.08098692,0,LOW_PREDICTIVE_SIGNAL
618024,618024,Up-gradation to two lane with paved shoulder configuration of NH-354 Section Arifkes-Ferozepur-Muktsar-Malaut from Km 201.500 to Km 212.500 & Km 229.690 to Km 269.960 and strengthening of existing pavement from Km 212.500 to Km 229.690 excluding Km 218.500 to 223.690 of NH-354 on EPC Mode in the State of Punjab. Job No. NH-354-PB-2020-21-532,2026-07-01,0.63693506,1,ELEVATED
618025,618025,Rehabiitation and upgradation from km 121/000 to 154/000 Nakrekal to Mallampally section of NH-365 to 2 lane with paved shoulders in the state of Telangana in the EPC mode,2026-07-01,0.47626933,0,WATCH
618026,618026,,2026-05-01,0.1769796,0,LOW_PREDICTIVE_SIGNAL
618027,618027,Widening to 2LPS from Km 71.00 to 104.00 Existing chainages Sarjapur to Pattadkallu on Bhanapur to Gaddanakeri section NH-367 in the State of Karnataka under NHO on EPC mode under Annual Plan 2022-23 NH-367-KNT-2022-23-972 dated 08.02.2023,2026-07-01,0.011693466,0,LOW_PREDICTIVE_SIGNAL
618028,618028,"Construction of Bypass at Kuknoor, Yelburga, Gajendragada of Bhanapur Gaddanakeri section of NH-367 in the State of Karnataka under NHO on EPC mode under Annual Plan 2022-23. NH-367-KNT-2022-23-973 dated 08.02.2023",2026-07-01,0.22998609,0,LOW_PREDICTIVE_SIGNAL
618029,618029,Widening to 4 lane from Km. 133.00 to 158.04 design Chainage Km. 130.88 to 155.145 Shirur Cross to Gaddankeri of NH-367 in the State of Karnataka on EPC mode. Job No. NH-367-KNT-2021-22-930,2026-07-01,0.18605238,0,LOW_PREDICTIVE_SIGNAL
618030,618030,,2026-06-01,0.086009175,0,LOW_PREDICTIVE_SIGNAL
618031,618031,Balance work of Construction of Two/Four lane with paved shoulder from Km 422.000 to 523.600 Chitradurga to Shivamogga of NH-13 in the state of Kanataka on EPC mode.,2026-07-01,0.082556255,0,LOW_PREDICTIVE_SIGNAL
618033,618033,,2026-06-01,0.5623833,1,ELEVATED
618034,618034,Construction of 2 lane Barpeta Bypass from Km 77900Baradi to Km 86150 Deurikuchi Length8.25Km on NH-427 in the state of Assam under EPC ModeJob No.427/AS/2022-23/245,2026-07-01,0.67854404,1,ELEVATED
618035,618035,Rehabilitation & Upgradation of existing intermediate lane to two Lane with paved shoulder from km. 0.600 Gulganj bypass on NH-34 to km. 43.00 Barna River length 42.400 km. on Gulganj-Amanganj-Pawai-Katni NH43 Extn. in the state of Madhya Pradesh on EPCmode.,2026-07-01,0.3745074,0,WATCH
618036,618036,Upgradation and reconstruction of existing intermediate lane to two Lane with paved shoulder configuration from km. 43.00 Barna River to km. 77.00 ken river length 34.00 km. on Gulganj-Amanganj-Pawai-Katni NH43 Extn. along with One time improvement in 01 no. of bypassed built-up area in a total length of 1.585 km in the state of Madhya Pradesh on EPCmode.,2026-07-01,0.112024225,0,LOW_PREDICTIVE_SIGNAL
618037,618037,Rehabilitation and Up-gradation of existin of road from 2-lane to 2-lane with paved shoulders from km. 0.00 to km 53.590 total length-53.590 km of Raychoti to Vempalli section of NH-440 in the State of Andhra Pradesh on EPC mode.,2026-07-01,0.11252479,0,LOW_PREDICTIVE_SIGNAL
618038,618038,Construction of Shopian Bypass on NH-444 taking off from existing chainage Km 36500 and re-joining at km 47588 of existing Chainage New Design Ch. From km 28000 to km 36925 as 2- lane with paved shoulder in the UT of Jammu & Kashmir on EPC mode.,2026-07-01,0.24557982,0,LOW_PREDICTIVE_SIGNAL
618039,618039,Widening to 2 Lane from Existing Chainage Km 74.700 Km 100.660 Design Chainage Km 53.365 to Km 78.785 on NH- 507 in the State of Uttarakhand.,2026-07-01,0.19029129,0,LOW_PREDICTIVE_SIGNAL
618040,618040,Rehabilitation and Upgradation to Two lanes with Paved Shoulders configuration and Strengthening from Km 175.00 to Km 196.00 Gumkhal to Satpuli of NH-119 New NH-534 in the State of Uttarakhand under NHO Annual Plan 2021-22 under EPC mode,2026-07-01,0.45380554,0,WATCH
618041,618041,Rehabilitation and upgrading to two lanes with paved shoulders and Strengthening of Kotdwar-Pauri-Srinagar road section from Km 232.00 to 274.470 on NH-119 New 534 Paidul to Srinagar in the State of Uttarakhand on EPC Mode under NHO Annual Plan 2021-22.,2026-07-01,0.23265038,0,LOW_PREDICTIVE_SIGNAL
618042,618042,"Rehabilitation/ Upgradation of existing Highway to four lane standards in Kurkheda town from km.413257 to km 410775, Two lane in Shankarpur Gurnuli km 42400 to km 43100 section and Reconstruction of Major Bridge at Ch. 448558 Bhuti Nallah and Ch. 411695 Sati River bridge, Minor Bridge at Ch. 411477 and Ch. 405800 Lendhari Bridge of NH 543 Bhamhapuri-wadsa-kurkheda-korchi-Deori-Amgaon road on EPC mode in the State of Maharashtra",2026-07-01,0.36974743,0,WATCH
618043,618043,Upgradation and reconstruction of Dindori - Mandla Section of NH 543 from Km 77100 Design to Km 170580 Design Total length 93.48km to Two lane with paved shoulder configuration along with One time improvement in 04 nos of bypassed built-up areas in a total length of 7.23 km in the state of Madhya Pradesh on EPC mode,2026-07-01,0.55861217,1,ELEVATED
618044,618044,Upgradation of Shahdol- Sagartola Section of NH 543 from km 0000 to km 69400 to 2 lane with paved shoulders under Hybrid Annuity Mode HAM in the State of Madhya Pradesh,2026-07-01,0.080184124,0,LOW_PREDICTIVE_SIGNAL
618045,618045,,2026-05-01,0.6722758,1,ELEVATED
618046,618046,,2026-05-01,0.20222081,0,LOW_PREDICTIVE_SIGNAL
618047,618047,"Widening, Reconstruction & Up-gradation to 2 lane with Paved Shoulder/Four Lane configuration for the work of Ahmednagar to Sabalkhed & Ashti to Chinchpur Section of NH-561 from Design km 2915 to km 37728 & Design km 55100 to km 70000 in the State of Maharashtra on EPC mode. Length 49.713 km",2026-07-01,0.09712327,0,LOW_PREDICTIVE_SIGNAL
618049,618049,Up-gradation to 2/4 lane with paved shoulder configuration of NH-652 from Tuljapur Naldurg-Akkalkot road Chainage from Km. 00.000 to km 30.982 in the State of Maharashtra on EPC mode.,2026-07-01,0.10269204,0,LOW_PREDICTIVE_SIGNAL
618050,618050,,2026-05-01,0.27095842,0,LOW_PREDICTIVE_SIGNAL
618051,618051,,2026-06-01,0.31728223,0,WATCH
618052,618052,Gorantla - Hindupur section from Km 120/300 to 165/000 of NH716G in the State of Andhra Pradesh,2026-07-01,0.14385176,0,LOW_PREDICTIVE_SIGNAL
618053,618053,Muddanur to B. Kothapalli section of NH-716G from Km. 0/000 to Km. 56/500 56.500 Km in the State of Andhra Pradesh on EPC mode Job no. 741,2026-07-01,0.31613734,0,WATCH
618054,618054,Construction of Balrampur bypass with 2L flexible pavement configuration from km.223.000 of NH-330 to km.328.300 of NH-730 under EPC mode,2026-07-01,0.28078464,0,LOW_PREDICTIVE_SIGNAL
618055,618055,Construction of Pratapgarh Bypass Extension connecting NH-31 to NH-330 on EPC mode in the State of Uttar Pradesh.,2026-07-01,0.15428776,0,LOW_PREDICTIVE_SIGNAL
618056,618056,Improvement and Up-gradation to two Lane with Paved Shoulder Configuration from existing km. 420.00 Shohrathgarh to km. 454.00 Uska Bazar of NH-730 in the state of Uttar Pradesh EPC basis,2026-07-01,0.28913063,0,LOW_PREDICTIVE_SIGNAL
618057,618057,Construction of Shohratgarh Bypass on NH-730 under EPC mode in the State of Uttar Pradesh,2026-07-01,0.14369045,0,LOW_PREDICTIVE_SIGNAL
618059,618059,Construction of four-lane Concrete Road from Police Headquarter Gondia City to Rawanwadi Village Birsi Airport Junction from design km 0.000 to km 15.781 existing km 39/720 of NH-753 to existing Km 8/400 of NH 543 on sections from Kohmara- Goregaon- Police HeadquarterKaranja - Collector Office Square - Balaghat T Point- Rawanwadi- Rajegaon of NH-753 and NH-543 in Gondia District in the state of Maharashtra. Total Length of the project 15.781 Km.,2026-07-01,0.4115184,0,WATCH
618060,618060,Widening and Strengthening of existing paveemnt to two lane with paved shoulders from km 116.00 to km 176.355 of NH-75E in the State of Jharkhand on EPC mode.,2026-07-01,0.10964114,0,LOW_PREDICTIVE_SIGNAL
618061,618061,"Strengthening, Widening & Up-gradation of newly declared NH-761 from NH-61Junction-BelheAlkutiDevibhoyareNighojShirur, from Design chainage Km 0.000 to Km 37.970 from Single/Intermediate/2L to 2LPS in the State of Maharashtra on EPC Mode Length 37.970 Km",2026-07-01,0.26548213,0,LOW_PREDICTIVE_SIGNAL
618062,618062,,2026-05-01,0.031345215,0,LOW_PREDICTIVE_SIGNAL
618063,618063,Widening & Strenghteningof section from Bharthana chowk to Kodarkoot km.0.00 to km.40.00 of NH-91-A on EPC mode,2026-07-01,0.17976335,0,LOW_PREDICTIVE_SIGNAL
618064,618064,,2026-05-01,0.4530622,0,WATCH
618065,618065,"Rehabilitation/Upgradation of existing Highway to 2LPS/4 lane of Dhawali to Rajoli from Design Km.149476 to 163476 existing Km.150000 to 164000, Pandhasala to Mohadongri from design Km.170476 to 181476 existing Km.171000 to 182000, Ambeshivni Fata to Bodli from design Km.183476 to 185476 existing Km.184000 to 186000 and Made Tukum to Gadchiroli from design Km.188476 to 189476 existing Km.188000 to 18900 having length 28 km of NH-930 of Dhawali to Gadchroli road in the",2026-07-01,0.30990145,0,WATCH
618066,618066,Construction of Amethi bypass Part-II at km.30.050 of NH-931 under EPC mode in the state of Uttar Pradesh,2026-07-01,0.2868676,0,LOW_PREDICTIVE_SIGNAL
618067,618067,"Rehabilitation & Up-gradation from design Km. 0.000 to Km. 69.280 of NH-931 Pratapgarh - Amethi - Gauriganj -Musafirkhana to two lane with paved shoulder on Engineering, Procurement & Construction EpC mode in the State of Uttar Pradesh",2026-07-01,0.10103265,0,LOW_PREDICTIVE_SIGNAL
618068,618068,"Construction of Kaithi-Padaria Kala bypass, Patna-Tamoli bypass, Jaso bypass and Nagod bypass total length 15.44 Km to 2-lane with paved shoulders flexible pavement on NH-943 in the State of Madhya Pradesh on EPC Mode.",2026-07-01,0.41709235,0,WATCH
618069,618069,Upgradation to Two-lane with paved shoulder of Hanumangarh to Kenchiyan section from Km 0.000existing chainage-Km 23.200 to Km 49.605existing chainage-Km 74.645 of NH-54 in the State of Rajasthan on EPC mode.,2026-07-01,0.33472845,0,WATCH
618070,618070,Widening to 2 Lanes with paved shoulders from Km.87/000 to 133/720 Nattukal to Thanau Jn. in Palakkad of NH-966 Old NH-213 on EPC mode Basis under NHO Annual Plan 2016-17 in the state of Kerala,2026-07-01,0.48060796,0,WATCH
618071,618071,Construction of two lane with paved shoulder Gangtok Bypass Road from Ranipool to Burtuk Ch 0.00 Km to 23.316 L23.316 Km in the State of Sikkim,2026-07-01,0.026360057,0,LOW_PREDICTIVE_SIGNAL
618072,618072,Widening to Existing single lane /intermediate lane to 2 lane from Km185.00 to Km 220.00 of NH-61 New NH-02 in the state of Nagaland.,2026-07-01,0.046579454,0,LOW_PREDICTIVE_SIGNAL
618073,618073,Improvement to Two lane with Paved Shoulder from Junction of NH22 near Hajipur to Junction of NH -122 at Bachhwara via Mahnar and Mohiuddin Nagar from Km 0.00 to Km 29.730 of NH 122 B in the State of Bihar.,2026-07-01,0.17302234,0,LOW_PREDICTIVE_SIGNAL
618074,618074,Pre construction activity of NH 122B from km 0 to 72.348 and Improvement to two lane with paved shoulders of NH 122B from km 29.730 to km 72.348 in state of Bihar under EPC mode,2026-07-01,0.34976065,0,WATCH
618075,618075,Construction of two lane with paved shoulder from existing Km.0.000 to Km.55.610 design km. 0.000 to km. 54.048 of NH-124D,2026-07-01,0.15006733,0,LOW_PREDICTIVE_SIGNAL
618076,618076,Improvement and Widening two lannig with paved Shoulder of NH 127B from km 31.500 Goeragre to km 63.224 Package-II in state of Meghalaya,2026-07-01,0.2703928,0,LOW_PREDICTIVE_SIGNAL
618078,618078,,2026-05-01,0.56604344,1,ELEVATED
618079,618079,Construction of Dharmagarh Bypass on NH-130C including land acquisition in the state of Odisha on EPC Mode under Annual plan 2022-23.,2026-07-01,0.5341184,1,ELEVATED
618080,618080,Improvement to two lane with paved shoulders of BH WB Border Amdabad Manihari section from design Km 0.000 to Km 23.945 of NH 131 A Total length 23.945 Km under EPC mode in the state of Bihar,2026-07-01,0.11553375,0,LOW_PREDICTIVE_SIGNAL
618081,618081,Construction of Mariahu Bypass with four lane paved shoulder configuration Km. 53.540 to Km.59.200 of NH-135A on EPC mode in the state of Uttar Pradesh,2026-07-01,0.14069425,0,LOW_PREDICTIVE_SIGNAL
618082,618082,Widening & Upgradation to four lane configuration from Km.34.900 Bhadohi to km.73.134 Jaunpur of NH-135A on EPC mode,2026-07-01,0.4064568,0,WATCH
618083,618083,Construction of byepass around Lohardaga town of NH-143A in the Sate of Jharkhand under EPC mode.,2026-07-01,0.10404116,0,LOW_PREDICTIVE_SIGNAL
618084,618084,Widening to 2-lane with paved shoulder from km 0.00 to 44.00 Kuru-Ghaghra section of NH-143A including re-construction of culverts and bridges.,2026-07-01,0.083467856,0,LOW_PREDICTIVE_SIGNAL
618085,618085,Upgradation of Nasrullagani-Rehti-Budhni Scction to 2-lane with paved shoulder from Km 0150 to Km 50500 of NH-146B in the state of Madhya Pradesh on EPC mode.,2026-07-01,0.14562757,0,LOW_PREDICTIVE_SIGNAL
618086,618086,"Widening to Two Lane with Paved Shoulders from KB Cross to Chunchanahalli ie., Design Ch. 485240 Km Existing Km 494.000 to Design Ch. 523393 Km Existing km 533.152 & From Design Ch. 530393 Existing Km 540.175 to Design Ch. 534476 Existing Km 544.200 at Nelligere of NH-150A on EPC mode under Annual Plan 2022-23 NH-150A-KNT-2022-23-977 dated 08.03.2023",2026-07-01,0.10433093,0,LOW_PREDICTIVE_SIGNAL
618087,618087,Widening to intermediate/two lane to 2 lane with paved shoulder from Existing chanages Km 112.750 to 142.00 Liingasur to Mudabal cross & from Km. 147.070 to Km. 149.070 Maski city limit of Jewargi Chamrajnagar setion of NH-150A in the state of Karnataka on EPC mode. Job No. NH-150A-KNT-2021-22-951,2026-07-01,0.18375348,0,LOW_PREDICTIVE_SIGNAL
618088,618088,Nandurshingote to Kolhar,2026-07-01,0.16214266,0,LOW_PREDICTIVE_SIGNAL
618089,618089,Rehabilitation & Up-gradation of Mudkhed to Nanded section from Km. 372000 to Km 388400 of NH 161A i.e. Nanded-Bhokar-Himayatnagar-Kinwat-Mahur-Arani Road Design chainage from Km 372000 Mudkhed to Km 387650 Nanded of NH 161A Length 15.65 Km to 2/4Lane with paved shoulders configuration in the State of Maharashtra on EPC mode.,2026-07-01,0.5529407,1,ELEVATED
618090,618090,,2026-05-01,0.30566996,0,WATCH
618091,618091,Widening to two lane with paved shoulders from Km 0/000 to Km 45/946 of Nizampet-Narayankhed-bidar section of NH-161B in the state of Telangana under Annual Plan 2021-22 on EPC mode under NHO,2026-07-01,0.34932616,0,WATCH
618092,618092,Up-gradation to 2 lane with paved shoulder from Neechli Oden Nathdwara at Design Km 88.800 existing km 55.95 to Bhatewar at Design Km 142.028 existing km 0.00 of NH-162E in the State of Rajasthan on EPC mode.,2026-07-01,0.116029054,0,LOW_PREDICTIVE_SIGNAL
618093,618093,,2026-05-01,0.13229892,0,LOW_PREDICTIVE_SIGNAL
618094,618094,Pen to Khopoli 2LPS,2026-07-01,0.12922354,0,LOW_PREDICTIVE_SIGNAL
618095,618095,Widening to Two Lane with Paved Shoulders from Km 0.00 Design Chainage 0.00 to Km 23.338 Design Chainage 23310 of NH-166E MH/KNT Border- Kanamadi- Bijjargi- Tikota section in the state of Karnataka in EPC Mode under Annual plan 2022-23 NH-166E-KNT-2022-23-974,2026-07-01,0.08237899,0,LOW_PREDICTIVE_SIGNAL
618096,618096,Rehabilitation and Up-gradation to 2 lane road with paved shoulders configuration for the balance work of 13 km length on Helwak-Patan-Karad section Km. 85000 to 133 417 of NH-166E in the state of Maharashtra on EPC mode.,2026-07-01,0.19182238,0,LOW_PREDICTIVE_SIGNAL
618097,618097,Guhagar - Rampur - 2L-PS - km 0/00 Guhagar to 26/230 Rampur and 40/00 Mirjoli to 53/600 Sati on NH-166E,2026-07-01,0.5748758,1,ELEVATED
618098,618098,"Upgradation of exhisting 2 lane flexible pavement to 2 lane paved shoulders rigid pavement from design chainage Km 66.00 to Design Km 82.440 Start of Kolhapur Municipal corporation near Phulewadi to kale, design length 16.440 Km section on Talere Gaganbawada-Kolhapur road NH 166G in the state of Maharashtra on EPC mode",2026-07-01,0.5833611,1,ELEVATED
618099,618099,,2026-05-01,0.13159071,0,LOW_PREDICTIVE_SIGNAL
618101,618101,Kondamodu to Perecherla Section Design Ch. Km 000 to Km 49917 of NH-167AG to to 4LPS,2026-07-01,0.25994843,0,LOW_PREDICTIVE_SIGNAL
618103,618103,Rehabilitation and upgradation from Km 22300 to 58635 of MudireddyPalle to Kadapa/Nellore Border via porumamilla Section of NH 167 Two Lane with paved Shoulder in,2026-07-01,0.074071325,0,LOW_PREDICTIVE_SIGNAL
618104,618104,Widening to two lane with paved shoulders from Km 0/000 to Km 79/300 of Kalwakurthy - Kollapur section of NH-167K in the state of Telangana under annual plan 2021-22 on EPC mode under NHO.,2026-07-01,0.4492692,0,WATCH
618105,618105,Widening and strengthening to 4 lane / 2-lane with paved shoulders of Mahabubnagar - Chincholi section from km 60/255 to Km 102/834 of NH-167N in the State of Telangana on EPC mode.,2026-07-01,0.38853186,0,WATCH
618106,618106,Widening and Strengthening to 2/4 lane with paved shoulders of Mahabubnagar Chincholi section from Km 0/0 to Km 60/255 of NH-167N in the state of Telangana under Annual plan 2021-22 on EPC modepackage-I under NHO Job No.167N-TS-2021-22-75,2026-07-01,0.32192227,0,WATCH
618107,618107,Upgradation of Mehsana-Visnagar-vadnagar-Kheralu-Idar section from km 0/00 to 81/300 of NH 168G Mehsana to Idar in the State of GujaratTotal Length 81.300 Km on Hybrid Annuity Mode HAM,2026-07-01,0.28175458,0,LOW_PREDICTIVE_SIGNAL
618108,618108,Up-gradation and strengthening to 2lanePS from Km 95/500 to km 129/775 of Nh 168G Idar-Bhiloda-Samlaji in the state of Gujarat Length 34.275 km,2026-07-01,0.42889553,0,WATCH
618109,618109,Widening to 4 lane from Km 51.60 to 76.20 Hebri to Parkala and from Km 85.20 to 88.90 Karavali junction to Malpe of Thirthahalli-Udupi-Malpe Section of NH-169A in the State of Karnataka on EPC Mode under Annual plan 2021-22 Job No. NH-169A-KNT-2021-22-927,2026-07-01,0.042681623,0,LOW_PREDICTIVE_SIGNAL
618110,618110,,2026-05-01,0.13229892,0,LOW_PREDICTIVE_SIGNAL
618111,618111,Improvement and upgradation to two lane with paved shoulder configuration from existing km 90.00 to 130.00 Design length 39.15 of NH-227A near Sikriganj to Barhalganj in the State of UP on EPC Mode.,2026-07-01,0.018931817,0,LOW_PREDICTIVE_SIGNAL
618112,618112,"Improvement and up-gradation of NH-227B 84 Kosi Parikrama Marg Package I, from km 228.920 Jagarnathpur to Km 235.960/0.000 MakhaudaDham to Km 29.000 Sarpur in the State of Uttar Pradesh on EPC basis",2026-07-01,0.17245491,0,LOW_PREDICTIVE_SIGNAL
618113,618113,"Improvement and up-gradation of NH-227B 84 Kosi Parikrama Marg Package III, from Km.47.800 Gosaiganj to Km.73.300 Bikapur in the State of Uttar Pradesh on EPC basis.",2026-07-01,0.15251662,0,LOW_PREDICTIVE_SIGNAL
618114,618114,"Improvement and up-gradation of NH-227B 84 Kosi Parikrama Marg PackageV, from Design Km.140.960 Patranga to Km.160.200 Bahuvan Madar Majha on EPC mode in the State of Uttar Pradesh",2026-07-01,0.16537689,0,LOW_PREDICTIVE_SIGNAL
618116,618116,lmprovement and Up-gradation from Km. 73.300 Bikapur to Km.140.960 Patranga of NH-227B 84 Kosi Parikrama Marg to 2LPS along with Parikrama Path,2026-07-01,0.042797107,0,LOW_PREDICTIVE_SIGNAL
618117,618117,Upgradation to 2-Lane with Paved Shoulder from Design Km 36300 to Design Chainage 47918 and from Design Ch 69900 to Design Ch 83940 of NH-248A Natni Ka Bara in the State of Rajasthan on EPC Mode.,2026-07-01,0.6473199,1,ELEVATED
618118,618118,,2026-05-01,0.13159071,0,LOW_PREDICTIVE_SIGNAL
618119,618119,Rehabilitation and up-gradation to 2-lane configuration of Bageshwar to Kangarchina road from km 129.600 to Km 161.600 Existing Chainage 136.00 to Km 169.00 of NH-309Ain the State of Uttarakhand Package-IV under NHO Annual Plan 2021-22,2026-07-01,0.26026562,0,LOW_PREDICTIVE_SIGNAL
618120,618120,construction of Four-Lane of chausa-Buxar Bypass from Km 45.000 to Km 65.915 Package - 2 in the State of Bihar on EPC Mode.,2026-07-01,0.071824625,0,LOW_PREDICTIVE_SIGNAL
618121,618121,Improvement to two lane with paved shoulders of NH-319A from km 0 to km 45 in state of Bihar under EPC mode,2026-07-01,0.17889264,0,LOW_PREDICTIVE_SIGNAL
618122,618122,Widening to 2 lane with paved shoulded of Jareikela Jharkhand/Odisha Border - Dhabaleswar section from 0/0 to 36/0 of NH-320D in the State of Odisha under Annual Plan 2021-22.,2026-07-01,0.19099644,0,LOW_PREDICTIVE_SIGNAL
618123,618123,,2026-06-01,0.07090402,0,LOW_PREDICTIVE_SIGNAL
618124,618124,Rehabilitation and upgradation from km 51.600 to km 75.700 of NH-321G Nuhkhas to Etah section to two lane with paved shoulder configuration under EPC mode in the State of Uttar Pradesh,2026-07-01,0.32779023,0,WATCH
618125,618125,Rehabilitation and upgradation of NH 326A from km 0/0 to 41/979 excluding km 2/255 to 3/372 and km 36/820 to 38/275 Odisha border to Narasamapeta to two lane with paved Shoulders in the State of Andhra Pradesh under NHO on EPC Mode,2026-07-01,0.3542257,0,WATCH
618126,618126,"Pre-Construction activities from Km 134.000 to Km 190.233 of NH-333A and Construction of 4 no. of Bypasses at Katoria, Lakhpura, Banka & Panjwara total length-14.359 Km to two lane with paved shoulders standard in State of Bihar.",2026-07-01,0.6056545,1,ELEVATED
618127,618127,Construction of 2- Lane with paved shoulder from km 56.45 Dharampur More to 93.050 Pakur of NH-333A in the State of Jharkhand on EPC mode,2026-07-01,0.53164715,1,ELEVATED
618129,618129,"Construction of Kasrawad bypass, Selani bypass, Khargone bypass & Bistan bypass Total length. 31.950 km Section of NH-347 C to Two lane with paved shoulder configuration in the State of Madhya Pradesh on EPC mode.",2026-07-01,0.022143593,0,LOW_PREDICTIVE_SIGNAL
618130,618130,Widening to 2 lane with paved shoulders from 0.00 to 32.970 ofAdilabadto Bela section of NH 353B in the State of Telangana,2026-07-01,0.074717924,0,LOW_PREDICTIVE_SIGNAL
618132,618132,,2026-05-01,0.19254081,0,LOW_PREDICTIVE_SIGNAL
618133,618133,Strengthening and Widening of road Sakoli- Wadsa-Armori-Gadchiroli-Ashti- Allapalli -Sironcha National highway NH 353C in Km 262/00 to 321/00 including 16 minor Bridges and 2 Major Bridge Total length 59 Km section from repanpalli to sironcha in Gadchiroli Dist in the State of Maharashtra.,2026-07-01,0.08031498,0,LOW_PREDICTIVE_SIGNAL
618134,618134,Rehabilitation /Upgradation from Lagam to Alapalli section Desing Km. 199/400 to km 227/400 Length 28.0 Km to 2 lane with Paved Shoulders/ 4 lane configuration section of NH-353 C Sakoli-Wadsa-Armori-Gadchiroli-Ashti-Alapalli Sironcha in Gadchiroli District on EPC mode in the state of Maharashtra.,2026-07-01,0.021044925,0,LOW_PREDICTIVE_SIGNAL
618136,618136,,2026-05-01,0.25417942,0,LOW_PREDICTIVE_SIGNAL
618137,618137,Rehabilitation and Up-gradation of Jarud - Sirsala section of NH-361F km 59500 to km11500 to Two lane with paved shoulder/ Four Lane in the state of Maharashtra on EPC mode Length 55.5 Km.,2026-07-01,0.21899684,0,LOW_PREDICTIVE_SIGNAL
618138,618138,"Widening, Reconstruction & Up-gradation to 2 lane with Paved Shoulder/Four Lane configuration for the work of Sautada to Shirapur Section of NH-561 from Design km 86300 to km 125589 in the state of Maharashtra on EPC mode. Design length 39.289 km",2026-07-01,0.09609737,0,LOW_PREDICTIVE_SIGNAL
618139,618139,Rehabilitation and Up-gradation of Gangakhed Loha section of NH-361F from Km 169/00 to 210/00 to two lane with paved shoulder/ four lane configuration in the state of Maharashtra on EPC mode Length - 41.00 Km.,2026-07-01,0.45380554,0,WATCH
618140,618140,Widening to two/four lane with paved shoulders from Km.34.250 to Km.71.830 of NH-365A on Kodad-Khammam-Kurvi road.,2026-07-01,0.8296072,1,HIGH_PREDICTIVE_SIGNAL
618141,618141,Widening and Improvement of existing carriage way to 2 lane with paved shoulders from Km. 86/160 to 131/730 of Jangaon-Duddeda section of NH-365B in the State of Telangana on EPC Mode,2026-07-01,0.43198028,0,WATCH
618142,618142,,2026-05-01,0.08326101,0,LOW_PREDICTIVE_SIGNAL
618143,618143,,2026-05-01,0.24285589,0,LOW_PREDICTIVE_SIGNAL
618144,618144,,2026-05-01,0.13229892,0,LOW_PREDICTIVE_SIGNAL
618145,618145,,2026-05-01,0.08772545,0,LOW_PREDICTIVE_SIGNAL
618146,618146,Estimate for Improvement to two lane with paved shoulder from Ramnagar to Roseda from km 3.500 to 43.000 of NH 527 E on EPC mode in State of Bihar,2026-07-01,0.0882423,0,LOW_PREDICTIVE_SIGNAL
618147,618147,Widening to 2 Lane with Paved Shoulders from design Km 103.200 Existing Km 103.200 to design Km 116.700 Existing Km 118.470 on AP/KNT Border to Sira Section of NH-544E in the State of Karnatakaon EPC mode under Annual plan 2022-23,2026-07-01,0.14308436,0,LOW_PREDICTIVE_SIGNAL
618148,618148,Widening to 4LPS of NH-548B from Km 80.000 Near Murgundi to Km 140.200 Near Chikkodi excluding length from Km 118.450 to Km 128.450 in the State of Karnataka under NH O on EPC Mode under Annual Plan 2022-23 - Package 1 NH-548B-KNT-2022-23-979 dated 09.03.2023,2026-07-01,0.054861795,0,LOW_PREDICTIVE_SIGNAL
618149,618149,Widening to two lane with paved shoulders from Km 0.00 to 102.310 Design Chainage of NH-548B Murrum-Maharashtra Border in the State of Karnataka,2026-07-01,0.2498656,0,LOW_PREDICTIVE_SIGNAL
618150,618150,Rehabilitation and Up-gradation of i. Deogaon phata to Digras phata Ch. 0/000 to 15/000 & Selu to Borgavhan Ch 20/900 to 35/800 [Length 29.9km] ii. Injegaon Dhamoni to Pohner Phata Ch.58/200 to Ch. 83/700 [Length25.5 km] and iii. Pohner phata to Pathri Design Ch. 42/700 to 58/200 [Length 15.5 km] sections of NH-548B to Two lane with paved shoulder configuartion in the state of Maharashtra on EPC mode Total project length 70.9 Km.,2026-07-01,0.5341184,1,ELEVATED
618151,618151,Widening to 4LPS of NH-548B from Km 118.450 Near Shirguppi to Km 128.450 Near Ankali in the State of Karnataka under NH O on EPC Mode Under Annual Plan 2022-23 NH-548B-KNT-2022-23-982,2026-07-01,0.028948918,0,LOW_PREDICTIVE_SIGNAL
618152,618152,Mhaswad to Tembhurni section of NH-548C - 2L PS,2026-07-01,0.62204504,1,ELEVATED
618153,618153,Satara to Mhaswad,2026-07-01,0.5569634,1,ELEVATED
618154,618154,"Rehabilitation & upgradation of Jamkhed to Sautada Section of NH548 D from km 195.375 to km 208.774, Length 13.399 Km to 2L PS /4L configuration with rigid pavement in the state of Maharashtra on EPC mode.",2026-07-01,0.6243879,1,ELEVATED
618155,618155,Development/Widening of Talegaon Chakan Shikrapur Nhavara Section of NH-548D from existing chainage km. 54/000 to 82/300 and Design chainage Km. 54/000 to 82/120 Shikrapur to Nhavara Section to 2LPS/4L Configuration on EPC Mode in the State of Maharashtra.,2026-07-01,0.13464057,0,LOW_PREDICTIVE_SIGNAL
618156,618156,"Construction of Morena bypass, Ambah bypass & Porsa bypass Totat length 27.16 km Section of NH-552 Ext. to TWo lane with paved shoulder configuration in the state of Madhya Pradesh on EPC mode",2026-07-01,0.18065508,0,LOW_PREDICTIVE_SIGNAL
618157,618157,Construction of Ater realignment & Bhind bypass Total length. 21.50 km Section of NH-552Extn. to Two lane with paved shoulder configuration in the State of Madhya Pradesh on EPC mode.,2026-07-01,0.034372542,0,LOW_PREDICTIVE_SIGNAL
618158,618158,"Upgradation of Goras to Shyampur Road section of NH-552 Ext., from Design Chainge 48.400 to 111.800 Km Total length 63.40 km to two lane with paved shoulder configuration along with One time improvement of 8.91 km in the state of Madhya Pradesh on EPC mode",2026-07-01,0.6392016,1,ELEVATED
618159,618159,"Construction of new 2 Lane with paved shoulders of NH Standards from km 0.080 to km 11.690 L11.610 km in Majuli and from km 19.715 to km 27.484 L 7.769 km in Jorhat on the newly declared NH 715K and construction of 1.10 km flyover on NH-715 with its approaches and service roads L1.10 km, Total Length 20.479 km in the State of Assam Job No. 715K/AS/2023-24/256",2026-07-01,0.090426154,0,LOW_PREDICTIVE_SIGNAL
618160,618160,"Construction of 2 lane Major Bridge including approaches over Brahmaputra between Majuli on North Bank and Jorhat on South Bank from km. 11.690 to km. 19.715 length of bridge 6,812.5m Package - II on NH-715K in the state of Assam Job no. 715/AS/2020-21/213",2026-07-01,0.119027905,0,LOW_PREDICTIVE_SIGNAL
618161,618161,,2026-05-01,0.18244031,0,LOW_PREDICTIVE_SIGNAL
618162,618162,"Improvement and up-gradation to 2LPS of NH-227B 84-Kosi Parikrama Marg PackageVI, Design Km 160200 Bahuvan Madar Majha to Km 224040 Jagarnathpur under HAM",2026-07-01,0.3428024,0,WATCH
618163,618163,"Rehabilitation and Up-gradation from km. 0000 to km.40390 of NH-730S MaharajganjNichloulThuthibari to two lane with paved shoulders in the State of U.P. on Engineering, Procurement & Construction EPC Basis.",2026-07-01,0.16886015,0,LOW_PREDICTIVE_SIGNAL
618164,618164,Construction of four lane highway with paved shoulder from Km.74.700 to Km.112.950 of NH-731A i/c Yamuna Bridge on HAM in the state of Uttar Pradesh.,2026-07-01,0.16487625,0,LOW_PREDICTIVE_SIGNAL
618165,618165,,2026-06-01,0.04175636,0,LOW_PREDICTIVE_SIGNAL
618166,618166,Construction of 4-lane green field highway from Km. 35.000 to Km. 49.155 of NH-731A with paved shoulders on Hybrid Annuity Mode in the state of Uttar Pradesh,2026-07-01,0.2591768,0,LOW_PREDICTIVE_SIGNAL
618167,618167,,2026-05-01,0.26895162,0,LOW_PREDICTIVE_SIGNAL
618168,618168,Widening to four lane with paved shoulder from Design Km.49.200 to Km.89.285 of NH-731B on EPC mode in the state of Uttar Pradesh,2026-07-01,0.5866904,1,ELEVATED
618169,618169,Construction of Two Lane with paved shoulder highway from Design Ch.0.000 to Ch.49.2OO of NH-731B on EPC Mode,2026-07-01,0.0679447,0,LOW_PREDICTIVE_SIGNAL
618170,618170,Construction of Two lane with paved shoulder configuration of Shujalpur Bypass section of NH-752C from km 33100 Design to km. 42570 Design total design length 10.470 km in the State of Madhya Pradesh on EPC mode.,2026-07-01,0.26209632,0,LOW_PREDICTIVE_SIGNAL
618171,618171,"Work of Upgradation of Jirapur-Pachore Road including Pachore, Jirapur, Chhapiheda & Khujner Bypasses from 0000 to 58790 Design Length 58.79 Km section of NH-752C to 2LPS in the State of Madhya Pradesh under EPC mode",2026-07-01,0.09558773,0,LOW_PREDICTIVE_SIGNAL
618172,618172,Paithan - Shirur section 2LPS Km 0.0 to 55.00,2026-07-01,0.200154,0,LOW_PREDICTIVE_SIGNAL
618173,618173,Shirur-Kharda section from 55937 km to 114486 km to 2LPS/4L,2026-07-01,0.5951413,1,ELEVATED
618174,618174,Rehabilitation and Upgradation to two lane with paved shoulder configuration of NH-752G from Sakri to Pimpalner Section Design Ch km 0000 to Ch km 21411 in the state of Maharashtra on EPC Mode. Length 21.411 km.,2026-07-01,0.47251192,0,WATCH
618175,618175,,2026-06-01,0.40601632,0,WATCH
618176,618176,Rehabilitation and upgradation from ch km 50/200 to 56/800 and km 62/600 to 100/403 of Kolde to Visarwadi Near Junction with NH-6 section of NH 752G total length 44.40 to two-lane with paved shoulder / four lanes in the State of Maharashtra on EPC mode.,2026-07-01,0.08368907,0,LOW_PREDICTIVE_SIGNAL
618177,618177,Pal Phata Phulambri - Khultabad 2LPS,2026-07-01,0.35721967,0,WATCH
618178,618178,Widening and strengthening of Gangakhed to Kingaon section of NH-752K in Km 38/750 to 72/304 Flexible Pavement Length33.554 km to 2-lane configuration on EPC mode in the State of Maharashtra.,2026-07-01,0.6011104,1,ELEVATED
618179,618179,,2026-06-01,0.5135213,1,ELEVATED
618180,618180,Pune raigarh District Border To Mangaon Ch 69000 to 103775 NH-753F,2026-07-01,0.5748758,1,ELEVATED
618181,618181,,2026-05-01,0.30566996,0,WATCH
618182,618182,Widening to Two lane with paved shoulders from 106/830 to 158/496 of Yellareddy-Rudrur Section of NH-765D in the state of Telangana on EPC mode under NHO under Annual plan 2022-23,2026-07-01,0.25620338,0,LOW_PREDICTIVE_SIGNAL
618183,618183,Widening to 2 lane with paved shoulders from Km 62/920 to km 106/830 of Medak - Yellareddy section in the State of Telangana under Annual Plan 2022-23 on EPC mode under NHO,2026-07-01,0.07657975,0,LOW_PREDICTIVE_SIGNAL
618184,618184,Construction of 2 Lane with paved shoulder from km 55.6 to km 90.7 existing chainages of NH-766C complete Realignment of 13.76 km with 2 major Bridges across Sharavathi Backwaters on EPC mode under Annual Plan 2022-23 in the state of Karnataka NH-766C-KNT-2022-23 dated 14.10.2022,2026-07-01,0.1390281,0,LOW_PREDICTIVE_SIGNAL
618185,618185,Widening to 2LPS from Km 0.000 to 37.850 Except Ex. Km 24.45 to 27.20 of NH-766c Byndoor-Ranebennur Section in the state of Karnataka on EPC Mode under Annual Plan 2022-23 NH-766C-KNT-2022-23-969 dated 30.12.2022,2026-07-01,0.0704603,0,LOW_PREDICTIVE_SIGNAL
618186,618186,"Rehabilitation and Up-gradation of Valigonda to Thorrur Section to Two Lane with Paved Shoulders from Km 39.180 to Km 108.300 of NH-930P in the State of Telangana on Engineering, Procurement and Construction EPC Basis",2026-07-01,0.06541652,0,LOW_PREDICTIVE_SIGNAL
618187,618187,"Rehabilitation and upgradation of Salon - Jais - Jagdishpur Road section of NH-931A, from design Chainage km 0.000 to km 5.740 to four lane divided carriageway and from design Chainage km 5.740 to km 53.500 to two lane with paved Total length km 53.500 along with One time improvement in 04 no's of realigned/bypassed built-up areas in a total length of 9.732 km in the state of Uttar Pradesh on EPC mode",2026-07-01,0.09267617,0,LOW_PREDICTIVE_SIGNAL
618188,618188,Rehabilitation and Up-gradation to 2 lane with paved shoulder configuration of Mahud Sangola road NH 965 G 159400 to 161900and 162400 to 183960 Design Chainage from km. 32/300 to km. 34/800 and km. 35/800 to km. 56/860 Rigid Pavement on EPC mode in the State of Maharashtra.,2026-07-01,0.037703432,0,LOW_PREDICTIVE_SIGNAL
618189,618189,Widening to two lane with paved shoulder of NH-73New spur road Ujire - Dharmasthala - Periyashanthi in the State of Karnataka under NHO on HAM Mode Job No. NH-73Spur-KNT-2023-24-996,2026-07-01,0.13772142,0,LOW_PREDICTIVE_SIGNAL
618190,618190,Widening to two lane with paved shoulders of 'Bodhan Basar Bhainsa ' section from Km 38/900 to 95/300 of NH-161BB in the state of Telangana under Annual Plan 2021-22 on EPC Mode under NH O.,2026-07-01,0.13151263,0,LOW_PREDICTIVE_SIGNAL
618191,618191,,2026-05-01,0.14823945,0,LOW_PREDICTIVE_SIGNAL
618192,618192,,2026-05-01,0.092880085,0,LOW_PREDICTIVE_SIGNAL
618193,618193,Widening of Existing Road to Two Lane with Paved Shoulder Configuration from Km 0.00 to 26.000 & Km 45.200 To 59.622 Of NH 365BB in the State of Andhra Pradesh Under Annual Plan 2023-24 through EPC Mode,2026-07-01,0.14360301,0,LOW_PREDICTIVE_SIGNAL
618194,618194,Rehabilitation and upgradation of New NH 544DD from design Chainage Km. 56/000 to 102/20 of Kalyandrg - Molakalmuru Section,2026-07-01,0.09425652,0,LOW_PREDICTIVE_SIGNAL
618196,618196,Widening to 2 lane with Paved Shoulders of Siddipet-Elkathurthy section from Km 69/978 to km 133/619 of NH-765DG in the State of Telangana under Annual plan 2021-22 on EPC mode,2026-07-01,0.5999264,1,ELEVATED
618197,618197,Widening to 2 lane with Paved Shoulders of Medak - Siddipet section from Km 0/0 to km 69/978 of NH-765DG in the State of Telangana under Annual plan 2021-22 on EPC mode,2026-07-01,0.5810551,1,ELEVATED
618198,618198,Balance work of Rehabilitation and Up-gradation to 2-lane road with paved shoulders configuration for NH- 965DD from Pacharal-Mandangad-Mhapral-Rajewadi Upto Junction of NH-66 Ch-22700 to 75100 Km and Ambadave connector Birth place of Dr. Babasaheb Ambedkar Ch-0000 to 7325 Km length Km 59.725 in the state of Maharashtra on EPC mode. Balance Work,2026-07-01,0.019669931,0,LOW_PREDICTIVE_SIGNAL
618199,618199,"Rehabilitation, Upgradation & Widening of existing Highway to Rigid Pavement 2 Lane with Paved Shoulder of NH 965DD from Lonand Shirval-Bhor Mandangad-Pchral Section ShindewadiPhata to Varandah Ghat Dist Border from Km 33/550 to 92/550 in the state of Maharashtra on EPC mode.",2026-07-01,0.05157541,0,LOW_PREDICTIVE_SIGNAL
618200,618200,Construction of 2 lane with Paved Shoulder for Northern Bypass Phase-II of Kota city in the State of Rajasthan.,2026-07-01,0.34267876,0,WATCH
618201,618201,"Widening and strengthening to 2 lane with paved shoulder from existing Ch. Km 56720 to Km 100820 and Design Ch. From Km 62600 to Km 106360 Total Length43.760 Km on SRINAGAR -BARAMULA URINH-01 in the UT of Jammu & Kashmir under project BEACON, Border Roads Organization BRO on EPC mode.",2026-07-01,0.09905428,0,LOW_PREDICTIVE_SIGNAL
618202,618202,Construction of 2 lane with paved shoulders Baramulla Bypass Greenfield bypass from existing Ch. Km 47020 to Km 56720 and Design Ch. From 48500 to 62600 Total length 14.100 km on road Srinagar Baramulla Uri NH-01 in the UT of Jammu & Kashmir under Project.Package-III,2026-07-01,0.055537347,0,LOW_PREDICTIVE_SIGNAL
618203,618203,"Construction of 4 lane with paved shoulder Pattan bypass Greenfield bypass from existing Ch. Km 24320 to Km 33760 and Design Ch. from Km 24400 to Km 35300, total length 10.900 km on road SrinagarBaramulla Uri NH-01 in the UT of Jammu & Kashmir under Project BEACON, Border Roads Organization BRO on EPC mode. Package-II",2026-07-01,0.21314405,0,LOW_PREDICTIVE_SIGNAL
618204,618204,Construction of realignment between Pandrass- Pashkyun Total length 27.10 km on road Zozila-Kargil -Leh NH-1 to 2 lane specifications i.e. Drass alignment 9.30 km Kharboo realignment 6.30 km & Kargil alignment 11.50 km under project Vijayak BRO in the UT of Ladakh on EPC Mode,2026-07-01,0.6815858,1,ELEVATED
618205,618205,"Construction of 4 lane with paved shoulder from Existing Ch. 14200 to 24320 Design Ch. 14200 to 24400, Ch. 33760 to 42780 Design Ch. 35300 to 44294 & Ch. 43440 to 47020 Design Ch. 44958 to 48500 Delina Flyover including construction of flyover length 1.704 km of total length 22.736 kms in AOR of 760 BRTF on road SRINAGAR BARAMULA URI NH-01 in the UT of Jammu & Kashmir under project BEACON, Border Roads Organization BRO Package-IJob No NH-1-J&K-2022-23-110",2026-07-01,0.16131626,0,LOW_PREDICTIVE_SIGNAL
618206,618206,Widening and Strengthening of Rafiabad-Kupwara-Chowkibal-Tangdhar-Chamkot NH-701 road from design Ch. From 0000 to 51000 to two lanes with paved shoulders under Project Beacon in the UT of Jammu & Kashmir on EPC mode Package-I.,2026-07-01,0.07582232,0,LOW_PREDICTIVE_SIGNAL
618207,618207,Widening to 2-lane with Hard Shoulder configuration of Mana Ch. 0.00 to Mana Pass Ch. 50.987 road on NH-07 under Bharatmala Pariyojna in the state of Uttarakhand under Annual Plan 2022-23 length 50.987,2026-07-01,0.52382964,1,ELEVATED
618208,618208,,2026-05-01,0.36677077,0,WATCH
618209,618209,Construction & up gradation of existing road to 2-Lane with paved shoulder from existing chainage km 468000 to km 489350 Design Chainage km 465150 to km 471500 of NH-07 Old NH-58 including Joshimath bypass on EPC mode in the state of Uttarakhand Length 6.35 km,2026-07-01,0.2626664,0,LOW_PREDICTIVE_SIGNAL
618210,618210,Rehabilitation and upgradation of Askot-Lipulekh on EPC Basis for Phase-I Existing Km 72.00 to 107.620 Design Chainage Km 21330 to Km 56935 under Project Hirak of BRO in the state of Uttarakhand under Bharatmala Pariyojna Phase-I on EPC Mode Length-35.605 Km CA No EPC/MORT&H/HRK/01/2021-22,2026-07-01,0.6093904,1,ELEVATED
618211,618211,Improvement/construction of 2-lane with paved shoulder of Askote Llipulekh road from Tawaghat village to Budhi village design km. 56935 to km 95748 and from end of Tunnel portal to Kali Mandir design km 113828 to km. 133078 [total design length 58.063 km] under project Hirak of BRO in the state of Uttarakhand under Bharatmala Pariyojna on EPC Mode,2026-07-01,0.31642243,0,WATCH
618212,618212,"STABILIZATION OF LAND SLIDE AND SLOPE PROTECTION AT KM 11.00 TO KM 11.08, 29,730 KM TO 30,060 KM, 30,400 KM TO 31,060 KM, 34,750 KM TO 35,300 KM, 38,950 KM TO 39,030 KM & 39,460 KM TO 39,540 KM TWO LOC CLUBBED, KM 40,400 TO KM 40,650, KM 43,500 KM 43,680, 52,460 RISHIKESH - DHARASU ROAD NH-94 ON EPC MODE IN THE STATE OF UTTARAKHAND. NOSE OF LAND SLIDE - 12 NOS",2026-07-01,0.15561044,0,LOW_PREDICTIVE_SIGNAL
618213,618213,Rehabilitation and Upgradation of road Rishikesh Dharasu Old NH-94 with 2-lane with paved shoulder from km 76.000 to km 110.000 Design Chainage from km 74.733 to km 107.347 32.614 km including construction of Kamand re-alignment from existing Chainage Km 105.200 to Km 108.600 design chainage Km 103.436 to Km 105.949 - total length 2513 mtrs and land slide treatment work between design chainage Km 73.800 to Km 74.00 200m on EPC mode under improvement to NH connectivity to Chardham in,2026-07-01,0.62204504,1,ELEVATED
618214,618214,Rehabilitation and upgradation to 2 lane / 2 lane with paved shoulder configuration for design chainage km 107.347 to km 129.208 & km 133.878 to km 138.570 existing chainage km 110.000 to km 133.020 & km 137.330 to km 142.028 and land slide treatment at existing km 138.500 Design chainage km 134.970 of NH -94 on EPC mode under improvement to NH connectivity to Chardham in the state of Uttarakhand.,2026-07-01,0.47251192,0,WATCH
618215,618215,"Improvement/construction of existing CL-5 Road to NH Intermediate lane specification with hard shoulder from Km 166.000 to 203.77 net Length 37.770 kms of NH-505 Sumdo-Kaza-Gramphoo road in the state of Himachal Pradesh on EPC mode under project Deepak, BRO",2026-07-01,0.39954108,0,WATCH
618216,618216,"Improvement/construction of existing CL-5 Road to NH Intermediate lane specification with hard shoulder from Km 133.000 to 166.000 net Length 33.000 kms of NH-505 Sumdo-Kaza-Gramphoo road in the state of Himachal Pradesh on EPC mode under project Deepak, BRO",2026-07-01,0.5759043,1,ELEVATED
618217,618217,Improvement/construction of existing Class-5 Road to NH Intermediate lane specification with hard shoulder from existing Km 76/340 to 134/940 Design chainage from Km 76/300 to 133/000 net Length 56.700 kms of NH-505 Sumdo-Kaza-Gramphoo road in the state of Himachal Pradesh Package I,2026-07-01,0.64868027,1,ELEVATED
618218,618218,Rehabilitation & upgradation of existing road to 2-lane with hard shoulder from Joshimath km 0.00 to Saraithota km 29.725 road on NH-107B under Bharatmala Pariyojna on EPC mode in the state of Uttarakhand,2026-07-01,0.41853592,0,WATCH
618219,618219,Upgradation to 2-lane with Hard shoulder configuration of Suraithota Ch. 29.725 km to Malari Ch. 60.550 km road on NH- 107B under in the state of Uttarakhand.,2026-07-01,0.15760194,0,LOW_PREDICTIVE_SIGNAL
618220,618220,,2026-05-01,0.08326101,0,LOW_PREDICTIVE_SIGNAL
618221,618221,Rehabilitation and upgradation to 2 lane with paved shoulder from existing chainage Km 166.100 to Km 192.98 design chainage Km 146.700 to Km 162.800 including construction of Bhimber Gali Tunnel Total Length of Tunnel 1.100 Km under 31 BRTF on Akhnoor-Poonch Roads on EPC mode NH-144A Package-VII,2026-07-01,0.3529418,0,WATCH
618222,618222,Widening and Strengthening up gradation to 2 lane with paved shoulder from existing chainage Km 192.98 to Km 229.820 design chainage Km 162.800 to Km 198.18 under 31 BRTF on Akhnoor-Poonch Road NH-144A in the UT of Jammu and Kashmir under Project Sampark Border Roads Organisation BRO on EPC Mode Package-VIII Job No NH-144A-J&K-2022-2023-111,2026-07-01,0.35120502,0,WATCH
618223,618223,Rehabilitation and up-gradation to 2 lane with paved shoulder from existing chainage km 64535 to km 85385 Design chainage km 55800 to km 74350 under 13 TF on Akhnoor-Poonch road NH-144A under Project Sampark BRO in the UT of Jammu & Kashmir on EPC mode Package-III Job no NH-144A-J&K-2019-20-79,2026-07-01,0.06522098,0,LOW_PREDICTIVE_SIGNAL
618224,618224,Rehabilitation and up-gradation to 2 lane with paved shoulder from existing chainage km 49150 to km 64535 Design chainage km 46.450 to km 55.800 including construction of Sungal Tunnel Total length of Tunnel 2.79 km under 13 TF on Akhnoor-Poonch road NH-144A under Project Sampark BRO in the UT of Jammu & Kashmir on EPC mode Package-II Job no NH-144A-J&K-2019-20-78,2026-07-01,0.11021409,0,LOW_PREDICTIVE_SIGNAL
618225,618225,Rehabilitation and up-gradation to 2 lane with paved shoulder from existing chainage km 134950 to km 166100 Design chainage km 116980 to km 146700 under 31 TF on Akhnoor-Poonch road NH-144A in the UT of Jammu & Kashmir under Project Sampark BRO on EPC mode Package-VI Job no NH-144A-J&K-2021-22-106,2026-07-01,0.18612783,0,LOW_PREDICTIVE_SIGNAL
618226,618226,Rehabilitation and upgradation to 2 lane with paved shoulder from existing chainage Km 30.053 to Km 49.150 design chainage Km 30.000 to Km 46.450 including Kandi Tunnel under 31 BRTF on Akhnoor-Poonch Road NH-144A Under Project Sampark in the UT of Jammu & Kashmir EPC modePackage-I Job no NH-144A-J&K-2020-21-83.,2026-07-01,0.05897572,0,LOW_PREDICTIVE_SIGNAL
618227,618227,Development to 4/6-lanning of NH-31 New NH-10 with both side service roads from km 569.258 to km 581.030 end of AH-02 project on NH- 31 near Shivmandir to Sevoke Army Cantonment in districts of Darjeeling and Jalpaiguri in the state of West Bengal on EPC Mode Job No. 010/WB/2021-22/490,2026-07-01,0.20236377,0,LOW_PREDICTIVE_SIGNAL
618228,618228,construction of a new 4 lane Parallel to existing MG Setu with its approaces from km 0.00 to km 14.500 across river Ganga on NH-19 at Patna in the state of Bihar.,2026-07-01,0.047122564,0,LOW_PREDICTIVE_SIGNAL
618229,618229,,2026-05-01,0.13159071,0,LOW_PREDICTIVE_SIGNAL
618230,618230,Rehabilitation and Upgradation to 2-lane configuration of Kalwahn-Mandi Section km 208.950 to 250.592 of NH-70 in the State of Himachal Pradesh under Green National Highways Corridor Project GNHCP with the loan assistance of World Bank on EPC mode.Package-3,2026-07-01,0.32446912,0,WATCH
618231,618231,Rehabilitation and Upgradation to 2-lane configuration of Hamirpur-Karnohal Section km 141.00 to 181.00 of NH-70 in the State of Himachal Pradesh under Green National Highways Corridor Project GNHCP with the loan assistance of World Bank on EPC mode.Package-1,2026-07-01,0.054453824,0,LOW_PREDICTIVE_SIGNAL
618232,618232,Rehabilitation and Upgradation to 2-lane configuration of Karnohal- Kalwahn Section km 181.00 to 208.950 of NH-70 in the State of Himachal Pradesh under Green National Highways Corridor Project GNHCP with the loan assistance of World Bank on EPC mode.Package-2,2026-07-01,0.3749266,0,WATCH
618233,618233,Construction of 6-lane bridge on Ganga on NH-96 and its approaches in Phaphamau Allahabad on EPC mode,2026-07-01,0.18804438,0,LOW_PREDICTIVE_SIGNAL
618234,618234,Construction of a new 4-lane major bridge across river Kosi at Phulaut including Rehabilitation and upgradation of existing Birpur and Bihpur section of NH-106 from km 106.000 to km 136.000 to 2-lane with paved shoulders in the State of Bihar on EPC mode,2026-07-01,0.03549015,0,LOW_PREDICTIVE_SIGNAL
618235,618235,Balance work of Rehabilitation and Up-gradation to 4-Lane configuration of Ras-Beawar Section Km 00.000 to km 30.050 of NH-158 in the State of Rajasthan under Green National Highway Corridor Project GNHCP.,2026-07-01,0.19882481,0,LOW_PREDICTIVE_SIGNAL
618236,618236,Rehabilitation and Up-gradation of Dhindi - Digamarru section from Km 126/510 to Km 135/740 of NH -214 New NH -216 and digamarru -Losari section from Km 0/000 tp Km 34/230 of NH-214 A New Nh-216 to two lane with paved shoulder in the state of AP-NH,2026-07-01,0.070964724,0,LOW_PREDICTIVE_SIGNAL
618237,618237,,2026-05-01,0.18199104,0,LOW_PREDICTIVE_SIGNAL
618238,618238,Rehabilitation and Up-gradation of Thimmapuram to Gurajanapalli section from Km 26/150 to Km 41/161 of NH - 214 New NH - 216 to two lane with paved shoulder in the state of Andhra Pradesh under NHDP-IV,2026-07-01,0.097059526,0,LOW_PREDICTIVE_SIGNAL
618239,618239,"Rehabilitation & Upgradation of NH214 New NH-216 from Km 34/230 to Km 84/550 Losari to Machavaram Section to two lane with paved shoulder in the state of Andhrapradesh under NHDP-IV through Engineering, Procurement& Construction EPC mode.",2026-07-01,0.23899348,0,LOW_PREDICTIVE_SIGNAL
618240,618240,Rehabilitation and upgradation to 2-lane with paved sholuders configuration of Bewar-naer Karri village section Km0.00 to Km30.00 Pakage-I of NH-92 in state of Uttar Pradesh undergreen national Highway Corridor Project GNHCP with the loan assistance of world Bank on EPC mode.,2026-07-01,0.13659433,0,LOW_PREDICTIVE_SIGNAL
618242,618242,Widening and Reconstruction to 4-lane/4-lane with service road including structures from Pokharia More at Km 47.600 Ex. Km 50.230 to Govindpur at km 62.949 Ex. Km 65.325 of Nh-419 in the State of Jharkhand on EPC mode.,2026-07-01,0.44779053,0,WATCH
618243,618243,Construction of Basti Ring Road Phase-I with 4L configuration for Basti City in the state of Uttar Pradesh on HAM mode,2026-07-01,0.21046749,0,LOW_PREDICTIVE_SIGNAL
618244,618244,Construction of Raebareli Ring Road Phase-2 with four Lane configuration for Raebareli City in the state of Uttar Pradesh on Hybrid Annuity Model HAM basis,2026-07-01,0.26327157,0,LOW_PREDICTIVE_SIGNAL
618246,618246,Construction of New 4-Lane Bridge Parallel to existing Vikramashila Setufrom km 8920 to Km 13375including approach road 35m Naugachhia side &53 m Bhagalpur sideacross River Ganga on newly declared NH-131B at Bhagalpur in the State of Bihar,2026-07-01,0.1863722,0,LOW_PREDICTIVE_SIGNAL
618247,618247,Construction of 4 lane Mirzapur bypass including bridge over river Ganga from km 0.000 to km 15.000 of NH 135A in the State of Uttar Pradesh on HAM Mode.,2026-07-01,0.23531117,0,LOW_PREDICTIVE_SIGNAL
618248,618248,Widening to 4 lane from km. 139.00 to km 179.20 of NH-135A Pkg-III Jaunpur Akbarpur section and Akbarpur bypass on Hybrid Annuity Mode in the state of Uttar Pradesh.,2026-07-01,0.28769687,0,LOW_PREDICTIVE_SIGNAL
618249,618249,Widening to 4 lane from km. 108.50 to km 139.00 of NH-135A Pkg-II Jaunpur Akbarpur section on Hybrid Annuity Mode in the state of Uttar Pradesh,2026-07-01,0.18420596,0,LOW_PREDICTIVE_SIGNAL
618250,618250,Construction of 6-Lane Elevated / Extra Dose Cable Bridge on River Ganga parallel to & Western side of Digha-Sonepur Rail cum-Road Bridge of NH 139W in the State of Bihar,2026-07-01,0.42357174,0,WATCH
618251,618251,"Improvement and Up gradation to four lane with Paved shoulder configuration from Existing Km 0000 to Km 39500 design km 0500 to Km 40342, Design length km of NH 227A near Mehrauna GhatUP Bihar Border to Siwan on the state of Bihar on Hybrid Annuity Model HAM basis",2026-07-01,0.7452322,1,HIGH_PREDICTIVE_SIGNAL
618252,618252,"Improvement and Up-gradation to two Lane with Paved Shoulder/Four Lane configuration from existing Km 130.000 to Km 191.000 design km 131.500 to Km 188.735, Design length 57.235 Km of NH-227A near Barhalganj to Mehrauna Ghat in the state of Uttar Pradesh on Hybrid Annuity Model HAM basis",2026-07-01,0.08585875,0,LOW_PREDICTIVE_SIGNAL
618253,618253,Construction of missing link from Birhu to Lathiani from Km 35/550 Design chainage Km 0.000 to Km 42/800 Design Chainage Km 8.153on NH-503A including Lathiani Bridge on back water of Govindsagar and its approaches in Himachal Pradesh.,2026-07-01,0.09116683,0,LOW_PREDICTIVE_SIGNAL
618254,618254,Construction of Paderu bypass Km 0000 to Km 13000 of 2- lane with paved shoulder on NH-516E,2026-07-01,0.6113138,1,ELEVATED
618255,618255,Two laning with paved shoulders of Lambasingi to Paderusection of NH 516E,2026-07-01,0.335152,0,WATCH
618256,618256,"Rehabilitation and Upgradation to 2-lane with paved should ders Sir, configuration of Chaprathipalem to Lambasingi section Km 165500 to Km 205000 of NH-516E in the State of Andhra Pradesh under Green National Highways Corridor Project GNHCP with the loan assistance of World Bank on EPC mode",2026-07-01,0.21338412,0,LOW_PREDICTIVE_SIGNAL
618257,618257,Rehabilitation and Upgradation to 2-lane with paved shoulders configuration of Koyyuru to Chaprathipalem section Km 120000 to Km 165500 of NH-516E in the State of Andhra Pradesh under Green National Highways Corridor Project GNHCP with the loan assistance of World Bank on EPC mode,2026-07-01,0.17267776,0,LOW_PREDICTIVE_SIGNAL
618258,618258,,2026-05-01,0.33148944,0,WATCH
618259,618259,,2026-05-01,0.13159071,0,LOW_PREDICTIVE_SIGNAL
618260,618260,"Construction of Salempur bypass to 4LPS from km 64.000 of NH-727A Km 171.00 of Sonauli Balia Marg, old SH-01, near Mahadahan Chauraha to km 61.500 of NH-727B Km 178.500 of Sonauli Balia Marg, old SH-01, near near Ahirauli Village under Hybrid Annuity Mode HAM in the State of Uttar Pradesh",2026-07-01,0.1322428,0,LOW_PREDICTIVE_SIGNAL
618262,618262,Construction of Deoria Bypass from existing Km. 27.140 to existing Km. 46.780 Design Km. 49.109 on NH727A Design length 21.969 Km. to four lane with paved shoulder configuration under Hybrid Annuity Mode HAM in the State of Uttar Pradesh,2026-07-01,0.64358866,1,ELEVATED
618263,618263,"Rehabilitation and Up-gradation to 2LPS from Km. 0.000 to Km. 7.800 and Km. 35.400 to Km. 52.345 Design length 24.745 Km., except Bihar portion of NH-727B Tamkuhiraj to Bihar Border and Bihar Border to Majhauli on EPC mode in the State of Uttar Pradesh",2026-07-01,0.09473209,0,LOW_PREDICTIVE_SIGNAL
618264,618264,"Widening and Strengthening to two Lane with Paved Shoulder/Four Lane with paved shoulder configuration from km. 61.500 of NH-727B near Nawalpur km 178.500 of Sonauli Balia Marg, Old SH-01 i.e. end point of Salempur Bypass to km. 106.495 of NH-727B near Sikanderpur under EPC mode",2026-07-01,0.02025417,0,LOW_PREDICTIVE_SIGNAL
618265,618265,Rehabilitation and upgradation to 2-lane with paved sholuders configuration of Miranpur Katra to radhaita section of NH-730CKm.114.000 to Km 137.250pakage-III in state of Uttar Pradesh undergreen national Highway Corridor ProjectGNHCP with the loan assistance of world Bank on EPC mode.,2026-07-01,0.24222438,0,LOW_PREDICTIVE_SIGNAL
618266,618266,Rehabilitation and upgradation to 2-lane with paved sholuders configuration of Bewar- Allahaganj- section of NH-730C Km.0.000 to Km 52.770 pakage-I in state of Uttar Pradesh undergreen national Highway Corridor Project GNHCP with the loan assistance of world Bank on EPC mode.,2026-07-01,0.29419148,0,LOW_PREDICTIVE_SIGNAL
618267,618267,Widening/Upgradation to four lane configuration of Shahjahanpur-Bisalpur section from km 0.00 to km 47.026 of NH-731K on Hybrid Annuity Mode in the state of Uttar Pradesh.,2026-07-01,0.029939342,0,LOW_PREDICTIVE_SIGNAL
618282,618282,4-L Bilasipara-Guwahati Package-10,2026-07-01,0.16193236,0,LOW_PREDICTIVE_SIGNAL
618283,618283,4-L Bilasipara-Guwahati Package-9,2026-07-01,0.16743849,0,LOW_PREDICTIVE_SIGNAL
618284,618284,Widening/Improvement to 4-Lane with paved shoulder from Km 99930 to Km 143680 Design Chainage 96000 to 139750 of Paikan to Dhupdhara Sahar of Bilasipura-Guwahati Road on NH-17 in the state of Assam on EPC mode under Bharatmala Pariyojana in Economic Corridors Project Length 43.750km under NHO-NE Package-8,2026-07-01,0.07550377,0,LOW_PREDICTIVE_SIGNAL
618285,618285,,2026-05-01,0.13794388,0,LOW_PREDICTIVE_SIGNAL
618286,618286,Construction of New 2-Lane Bridge with its approaches from km 0000 to Km 4385 across River Brahmaputra on NH-17 at Jogighopa in Assam on EPC mode,2026-07-01,0.073847875,0,LOW_PREDICTIVE_SIGNAL
618287,618287,"Widening/Improvement to 4-Lane with paved Shoulder from Ch. 25.633 Km to Ch. 52.470 Km Design Ch. 21.850 Km to Ch.48.670 Km for Package-2 of Bilasipura- Guwahati road NH-17 Section Near Mowatari, before Chapar Bypass to Tulungia junction with NH-17 in the state of Assam on HAM mode under NHO-NE Package-2",2026-07-01,0.28963843,0,LOW_PREDICTIVE_SIGNAL
618288,618288,"Widening/lmprovement to 4-Lane with Paved Shoulder from Ch.5.580 Km to Ch.25.633 Km Design Ch.0.000 Km to Ch.17.737km Km 901.100 to Km 921.145 of old NH-31 of Bilasipara- Guwahati road NH-17 Section Near Chirakuta to near Mowatari, before Chapar Bypass in the state ol Assam on HAM mode Package-1",2026-07-01,0.091069035,0,LOW_PREDICTIVE_SIGNAL
618289,618289,Construction and up gradation to 4-Lane of existing two lane with paved shoulder from Hapachara to Tulungia road of NH-117 of existing Km 0.00 to km 14.050 and Design Km 0.000 to km 14.660 under BMP on EPC mode,2026-07-01,0.09371449,0,LOW_PREDICTIVE_SIGNAL
618290,618290,"Construction of 2-lane with Paved shoulder of Kohima- Bypass Road Connecting NH-39New NH-02, NH-150New NH-02, NH-61New NH-29, NH-39New NH-02 from Design Km 32.00 to Design Km 43.454Design Length-11.454 Km in the State of Nagaland under SARDP-NE on EPC Mode Package-IV",2026-07-01,0.13904378,0,LOW_PREDICTIVE_SIGNAL
618291,618291,"Construction of 2-lane with Paved shoulder of Kohima-Bypass Road connecting NH- 39 New NH-02, NH150New NH-02, NH7-61 New NH-29 and NH-39 New NH-02 from Design km 21.000 to km 32.268 [Design length11.268 km] in the state of Nagaland Under SARDP-NE on EPC Mode Package- 3",2026-07-01,0.4881634,0,WATCH
618292,618292,Construction of 2-Lane with paved shoulder of Kohima-Bypass Road connecting New NH-02 and New NH-29 from Design Km 10.500 to design Km 21.000 [Design Length- 10.500 km] including TUNNEL of 500m at Ch. 11.000 in the state of Nagaland Under SARDP-NE on EPC Mode Package-2,2026-07-01,0.4110926,0,WATCH
618293,618293,"Construction of 2-Lane with paved shoulder of Kohima-Bypass Road connecting NH-39New NH-02, NH-150New NH-02, NH-61New NH-29 and NH-39New NH-02 from design Km 0.00 to Km 10.500 in the State of Nagaland under SARDP-NE on EPC Mode Package-1 -Balance work",2026-07-01,0.6531581,1,ELEVATED
618294,618294,Improvement and Widening of National Highway No. 127B Darugiri - Songsak - Williamnagar Junction Section to two lane with paved shoulder from design Km 0000 to Km 36635 Design length 36.635 Km existing Km 112000 to Km 151060 of NH-1278 under Bharatmala Pariyojana Lot-1 Pkg-1B Meghalaya portion,2026-07-01,0.62491184,1,ELEVATED
618295,618295,Improvement/Widening of New NH-217 Dainadubi-Darugiri section to Two lane with paved shoulder in Meghalaya from design Km 0000 to Km 40840 existing Km 8600 to Km 53000 of Old NH-62 under BMP Lot-1 Pkg-1B Meghalaya portion,2026-07-01,0.16219392,0,LOW_PREDICTIVE_SIGNAL
618296,618296,Balance work of Construction of 2-lane with hard shoulder of Kohima - Jessami road on NH-29 old NH-150 from existing km 98.380 near Chizami vill. to km120.367 Nagaland/Manipur Border [Design km 95.700 to design km 117.200] [Design Length 21.500 km] in the state of Nagaland Under Bharatmala Pariyojna on EPC Mode Package-V under NHO,2026-07-01,0.053947758,0,LOW_PREDICTIVE_SIGNAL
618297,618297,Construction of 2-lane with hard shoulder of Kohima - Jessami road on NH-29 Old NH-150 from existing Km 30.474 Near Kidwema road Chakahabama to existing Km 53.220 Near Kikruma Village Design Km 29.60 to Km 51.50 Design length-21.90 Km in the state of Nagaland Under Bharatmala Pariyojna on EPC Mode under NHO Package-II -Balance work,2026-07-01,0.1961341,0,LOW_PREDICTIVE_SIGNAL
618298,618298,Widening/Improvement of existing 2-Lane road to 4-Lane Divided Highway from Sekmai to Nilakuthi section of Imphal-Kohima Road Design Chainage from Km 297700 to Km 308729 of NH-39 New NH-02 in state of Manipur on EPC mode Pkg-5B,2026-07-01,0.6991379,1,ELEVATED
618299,618299,Improvement/Up-gradation of existing 2-Lane Road to 4-Lane Divided Highway from Daili to Kuraopokpi section of Imphal-Kohima road NH-02 Design Chainage from Km 274610 to Km 287000 in the state of Manipur on EPC mode Pkg-4B,2026-07-01,0.07213529,0,LOW_PREDICTIVE_SIGNAL
618300,618300,Improvement/Up-gradation of existing 2-Lane Road to 4-Lane Divided Highway from Taphukuki to Daili section of Imphal-Kohima road NH-02 Design Chainage from Km 262175 to Km 274610 in the state of Manipur on EPC mode Pkg-4A,2026-07-01,0.13505344,0,LOW_PREDICTIVE_SIGNAL
618301,618301,Widening/Improvement of existing 2-lane to 4-Lane Divided Highway from Kuraopokpi to Sekmai section of Imphal-Kohima Road Design Ch. km 287.00 to 297.700 of NH-39 New NH-02 in state of Manipur on EPC mode Pkg-5A,2026-07-01,0.4170396,0,WATCH
618302,618302,Widening/Improvement to 2-lane with earthen shoulder of Yaingangpokpi - Finch corner road section of NH-202 from Km 16.900 to Km 30.970 of NH-202 in the state of Manipur on EPC mode Package-2,2026-07-01,0.104511164,0,LOW_PREDICTIVE_SIGNAL
618303,618303,Widening/Improvement to 2-lane with earthen shoulder of Yaingangpokpi - Finch corner road section of NH-202 from Km 0.000 to Km 16.900 of NH-202 in the state of Manipur on EPC mode Package-1,2026-07-01,0.06955173,0,LOW_PREDICTIVE_SIGNAL
618304,618304,"Widening/Improvement to 2 Lane with earthen shoulder of Jessami to Laynen bridge Nagaland border section of NH-29 of Imphal -Ukhrul - Jessami Economic Corridor from km 0.000 to km 11.009 in the State of Manipur on EPC mode under Bharatmala Pariyojana, under NHO-NE Package-7",2026-07-01,0.8519234,1,HIGH_PREDICTIVE_SIGNAL
618305,618305,Widening/Improvement to 2 lane with earthen shoulder of Marrem Khullen to Jessami section of NH-202 of Imphal - Ukhrul - Jessami Economic Corridor from Design Chainage km 95.700 to km 140.180 in the State of Manipur on EPC mode under Bharatmala Pariyojana under NHO-NE Package-6,2026-07-01,0.677184,1,ELEVATED
618306,618306,"Widening/Improvement to 2 lane with earthen shoulder of Choithar to Marrem Khullen section of NH-202 of Imphal Ukhrul Jessami Economic Corridor from Design Chainage km 53.110 to km 95.700 in the State of Manipur on EPC mode under Bharatmala Pariyojana, under NHO-NE Package-5",2026-07-01,0.7371709,1,HIGH_PREDICTIVE_SIGNAL
618307,618307,Rehabilitation and up-gradation of road from km 16.077 to km 43.935 total length 27.858 km of Lalchara-Kanchanpur section via Shivbari on NH-44A to 2 lane with paved shoulder in the state of Tripura on EPC Mode Pkg-2 under BharatMala Pariyojana Manu-Simlung -2,2026-07-01,0.17636545,0,LOW_PREDICTIVE_SIGNAL
618308,618308,Construction of 4-Lane Panchgram Bypass from Design Chainage km 15500 on NH-37 Old NH-53 at Kalinagar Pt.-I Village to Design Chainage km 27300 at crossing with NH-6 Old NH-44 Near Siddeswar Pt.-I Village on Silchar - Churaibari stretch in the State of Assam on EPC Mode under Bharatmala Pariyojana in Economic Corridors Silchar- Churaibari Package-2,2026-07-01,0.28632876,0,LOW_PREDICTIVE_SIGNAL
618309,618309,Widening/lmprovement to 4-Laning and Greenfield alignment with Paved shoulder of Silchar-Badarpur Churaibari section of NH-37 & NH-8 from Design chainage 38.600 End point of proposed Badarpur Bypass to Km. 62.800 Start point of proposed Nilambazar/Cheragi Bypass in the state of Assam on HAM Mode Package-4,2026-07-01,0.10702672,0,LOW_PREDICTIVE_SIGNAL
618310,618310,Widening/lmprovement to 4-L of Karimgani - sutarkandi section of NH 37 from design Ch 0020 Start of proposed Karimganj Bypass from NH -8 to design Chainage Km 14380 near Sutarkandi Spur Connectivity to Indo/Bangladesh Border on Silchar-Churaibari in the State of Assam on HAM Mode Package-7,2026-07-01,0.090989135,0,LOW_PREDICTIVE_SIGNAL
618311,618311,Widening/lmprovement to 4-Lane with Paved shoulder for existing as well as Greenfield alignment of Badarpur Churaibari section of NH-8 from Design chainage 87.700 Chandkhira to Km. 106.500 Churaibari section Assam-Tripura border in the state of Assam on HAM Mode Package-6,2026-07-01,0.079528034,0,LOW_PREDICTIVE_SIGNAL
618312,618312,Widening/lmprovement to 4-Lane with Paved Shoulder from existing road and Greenfield alignment form Design Ch. 62.800 start of proposed Nilambazar/Cheragi Bypass to Design Ch. 87.700 near Chandkhira Village of NH-8 on Silchar-Churaibari in the state of Assam on HAM Mode Package-5,2026-07-01,0.18738237,0,LOW_PREDICTIVE_SIGNAL
618313,618313,Widening/lmprovement of Existing 2 lane to 4-Laning of Karimganj-Silchar section of NH-37 from Design Ch 0.000 near Silchar ISBT to Design Ch 15.970 near Kalinagar Pt I on NH-37 in Assam on HAM Mode Pkg-1,2026-07-01,0.029270086,0,LOW_PREDICTIVE_SIGNAL
618314,618314,4-Laning of Dhanehari Lailapur / Vairengte section from Existing Chainage km 12920 to km 43000 of NH 306 Design Chainage km 20000 to km 49360 on Silchar - Vairengte Sairang road in the State of Assam under Bharatmala Pariyojna on EPC mode. Project Length 29.360 km under NHO-NE Package-2,2026-07-01,0.1637869,0,LOW_PREDICTIVE_SIGNAL
618315,618315,4-Laning of Silchar - Dhanehari section from Existing Chainage km 263800 of NH 37 to km 12920 of NH 306 Design Chainage km 0000 to km 20000 on Silchar - Vairengte - Sairang road in the State of Assam under Bharatmala Pariyojna on EPC mode Package-1,2026-07-01,0.17951143,0,LOW_PREDICTIVE_SIGNAL
618316,618316,4-Laning of Vairengte - Chhimluang section Package-3 of NH-306 from Existing Chainage km 43000 to Km 59700 Design Chainage km 46000 to km 60850 on Silchar - Vairengte- Sairang road in the State of Mizoram under Bharatmala Pariyojna under NHO-NE. Package-1&2 in Assam state,2026-07-01,0.8128401,1,HIGH_PREDICTIVE_SIGNAL
618317,618317,4-Laning of chhimluang-Kolasib from section pkg-4 of NH-306 & NH-6 existing chainage km 59700 to km 86000 design chainage km 61000 to km 77500 on Silchar-vairengte-sairang road in the state of Mizoram under Bharatmala Pariyojna on EPC mode Vairengte - Sairang Pkg-4,2026-07-01,0.40805545,0,WATCH
618318,618318,4-Laning of Kolasib - Sethawn section Package-5 of NH-6 from Existing Chainage km 86000 to km 107850 Design Chainage km 77500 to km 95500 on silchar - vairengte - sairang road under Bharatmala Pariyojna on EPC mode under NHO-NE Vairengte - Sairang Pkg-5,2026-07-01,0.7574615,1,HIGH_PREDICTIVE_SIGNAL
618319,618319,"4-Laning of Sethawn - N. Kawnpui section Package-6 of NH-6 from Existing Chainage km 107850 to km 126315 Design Chainage km 95500 to km 111850 on Silchar-Vairengte- Sairang road, Vairengte - Sairang Pkg-6",2026-07-01,0.47111946,0,WATCH
618320,618320,Construction of 4-Laning of N. Kawnpui N. Mualvum Mualkhang via Khamrang Village section Package-7 of NH-6 from Existing Chainage km 127200 to km 142000 Design Chainage km 111850 to km 123400 on Silchar - Vairengte - Sairang road in the State of Mizoram on EPC mode,2026-07-01,0.23838381,0,LOW_PREDICTIVE_SIGNAL
618321,618321,Construction of 4-Laning of West Serawlg-Sairang section of NH-6 from Existing Chainage km 142000 to km 158900 Design Chainage km 123400 to km 136260 on Silchar - Vairengte - Sairang road in the State of Mizoram under Bharatmala Pariyojna on EPC mode under NHO-NE Package-8,2026-07-01,0.43478158,0,WATCH
618323,618323,Construction of Twin Tube Uni-directional Aizawl Bypass Tunnel of 2.5 km and its approaches of 2.1 km from km 10.600 to km 15.200 on Sarrang - Phaibawk section of NH-6 in the State of Mizoram on EPC Mode under NHO-NE Package-2,2026-07-01,0.041655988,0,LOW_PREDICTIVE_SIGNAL
618324,618324,Construction of 2-lane Aizawl Bypass from km 15.200 to km 34.500 Package-3 on Sairang - Phaibawk section of NH-6 in the State of Mizoram under Bharatmala Pariyojna on EPC Mode under NHO-NE,2026-07-01,0.24809119,0,LOW_PREDICTIVE_SIGNAL
618325,618325,,2026-06-01,0.022998981,0,LOW_PREDICTIVE_SIGNAL
618326,618326,Widening/Improvement to 4-Lane with Paved Shoulder from KM 38500 to Km 51246 Design Chainage 38500 to 50959 with proposed Daboka Bypass of Daboka-Parokhaowa of NH 29 on EPC under NHO-NE Package-1,2026-07-01,0.007077665,0,LOW_PREDICTIVE_SIGNAL
618327,618327,,2026-05-01,0.13229892,0,LOW_PREDICTIVE_SIGNAL
618328,618328,4-Laning of Balance work of Dimapur-Kohima Road from design km 152.490 to km 166.700 Existing km 156.000 to km 172.900 Excluding Dimapur & Kohima Bypass under SARDP-NE Package-III,2026-07-01,0.2721719,0,LOW_PREDICTIVE_SIGNAL
618329,618329,,2026-05-01,0.13229892,0,LOW_PREDICTIVE_SIGNAL
618330,618330,,2026-05-01,0.13159071,0,LOW_PREDICTIVE_SIGNAL
618331,618331,lmprovement to 4-Lane with Paved Shoulder from existing km 260000 Design Ch.4560 km to existing km Ch.233000 D. Ch.24560 of Silchar near Nutan Dayapur village - Budha Nagar Section Length-20.00 Km of NH-37 under Package Silchar-Jiribam Pkg-1 in the state of Assam on HAM Mode,2026-07-01,0.12170043,0,LOW_PREDICTIVE_SIGNAL
618333,618333,Widening to 2 lane with Paved shoulder of lmphal to Jiribam section of NH-37 from Design Ch. from km 169570 Near Nungkao vlllage under Tamenglong District to km 205974 near Jiribam Bridge under Jiribam district under NHO-NE PKG-7,2026-07-01,0.037729893,0,LOW_PREDICTIVE_SIGNAL
618334,618334,Widening to 2 Lane with Paved shoulder of lmphal to Jiribam section of NH-37 from Design Ch. from km 131.280 to km 169.570 on EPC mode in Manipur under NHO-TSP PKG-6,2026-07-01,0.1579623,0,LOW_PREDICTIVE_SIGNAL
618335,618335,Widening to 2 Lane with Paved shoulder of lmphal to Jiribam section of NH-37 from Design Ch. from Km 101280 Near Khongsang Village to Km 131280 near Puilon Kambiron Village on EPC Mode in Manipur PKG-5,2026-07-01,0.11552354,0,LOW_PREDICTIVE_SIGNAL
618336,618336,Widening to 2 -Lane with Paved shoulder of Imphal to Jiribam section of NH-37 from Design Chainage 66.110 km to 101.280 Km Existing Chainage km 67.496 to km 103.557 on EPC Mode in Manipur PKG-4,2026-07-01,0.19418342,0,LOW_PREDICTIVE_SIGNAL
618337,618337,Widening to 2 -Lane with Paved shoulder of Imphal to Jiribam section of NH-37 from Design Chainage 33.000 km to 66.390 Km Existing Chainage from km 33.395 to km 67.496 on EPC Mode in Manipur PKG-3,2026-07-01,0.17493886,0,LOW_PREDICTIVE_SIGNAL
618338,618338,Widening to 2-Lane with Paved shoulder of Imphal to Jiribam section of NH-37 from Design Chainage 15.940 km to 33.120 Km Existing Chainage Km 15.946 to Km 33.395 Total length17.180 Km in the State of Manipur on EPC mode PKG-2 - Balance Works & Rectification works,2026-07-01,0.039471336,0,LOW_PREDICTIVE_SIGNAL
618339,618339,,2026-06-01,0.5038412,1,ELEVATED
618340,618340,Widening/Improvement to 4-Lane with Paved Shoulder from km 626030 Nalani hulla Gaon to km 650450 Chotahapjan on existing Tinsukhia -Makum Bypass of NH-15 OLD NH-37 and Strengthening of existing NH-315 OLD NH-38 from Km 0000 Chotahapjan to Km 16900 Bogapani section 2-Lane PS in Assam on EPCMode under NHO-NE Package-3,2026-07-01,0.04339267,0,LOW_PREDICTIVE_SIGNAL
618341,618341,,2026-05-01,0.3507271,0,WATCH
618342,618342,,2026-05-01,0.13229892,0,LOW_PREDICTIVE_SIGNAL
618343,618343,,2026-05-01,0.13229892,0,LOW_PREDICTIVE_SIGNAL
618344,618344,Widening to 2-lane with Hard shoulder of Churachandpur to Tuivai Section of NH-102B from Design Chainage 69.875 Km to 121.769 Km in the State of Manipur on EPC mode Package-3,2026-07-01,0.36567205,0,WATCH
618345,618345,Widening to 2-lane with Hard shoulder of Churachandpur to Tuivai Section from Km 48.587 to Km 69.875 in the State of Manipur on EPC mode under NHO Package-2B,2026-07-01,0.049551975,0,LOW_PREDICTIVE_SIGNAL
618346,618346,Widening to 2-lane with Hard shoulder of Churachandpur to Tuivai Section of NH-102B from km 32.835 to km 48.587 in the State of Manipur on EPC mode under NHO Package-2A,2026-07-01,0.029146338,0,LOW_PREDICTIVE_SIGNAL
618347,618347,Widening to 2-lane with Hard shoulder of Churachandpur to Tuivai Section of NH-102B from km 13.747 to km 32.835 in the State of Manipur on EPC mode under NHO Package-1B,2026-07-01,0.028275976,0,LOW_PREDICTIVE_SIGNAL
618348,618348,Balance work of Widening to 2 Two lane with hard shoulder of Churachandpur to Tuivai section of NH-102B from km 130.000 to km 141.029 Package-4B in the State of Manipur on EPC Mode,2026-07-01,0.45532736,0,WATCH
618349,618349,Balance work of Widening to 2 Two lane with hard shoulder of Churachandpur to Tuivai section of NH-102B from Design Chainage km 118850 to km 130000 Package-4A in the State of Manipur on EPC Mode,2026-07-01,0.2036726,0,LOW_PREDICTIVE_SIGNAL
618350,618350,Improvement & widening of existing NH-08 to 4-lane with Paved Shoulder from Champak Nagar to Khayerpur section design Km 242500 to Km 261610 in the state of Tripura on EPC basis under NHO-NE,2026-07-01,0.084886745,0,LOW_PREDICTIVE_SIGNAL
618351,618351,Widening & Upgradation to 2 lanes with paved shoulders road from Tamenglong to Mahur NH-137 in the State of Assam starting from km 156.489 near P. Leikul to km 176.410 near Borowapu on EPC mode under NHO-NE Assam portion Package-10,2026-07-01,0.031722892,0,LOW_PREDICTIVE_SIGNAL
618352,618352,Widening & Upgradation to 2 lanes with paved shoulders road from Tamenglong to Mahur NH-137 in the State of Assam starting from km 136.500 near Hejaichak to km 156.489 near P. Leikul Package-9 on EPC mode under NHO-NE Package-9,2026-07-01,0.11343404,0,LOW_PREDICTIVE_SIGNAL
618353,618353,Widening & Upgradation to 2-lanes with paved shoulders road from Tamenglong to Mahur NH-137 in the State of Assam starting from km 116.480 near Hangrum to km 136.500 near Hejaichak Package-8 on EPC mode under NHO-NE Package 8,2026-07-01,0.3408884,0,WATCH
618354,618354,Wideinig & Upgradation to 2-lanes with paved shoulders road from Tamenglong to Mahur NH-137 in the State of Assam starting from km 96.870 near Jiri River to km 116.550 near Hangrum Package-7 on EPC mode Package7,2026-07-01,0.011658295,0,LOW_PREDICTIVE_SIGNAL
618355,618355,"Construction of of 2 -Lane with paved shoulders road from Tamenglong-Tousem-Lisang-Mahur Road NH-137 starting near Dialong Village from km 10.000 at Dialong to km 31.430 near Old Tamenglong , near Barak River on EPC Mode Package-2",2026-07-01,0.20877177,0,LOW_PREDICTIVE_SIGNAL
618356,618356,Construction of 2 -Lane with paved shoulders road from Tamenglong to Mahur in the state of Manipur from km 31.430 at Old Tamenglong to km 43.480 ending near Phelong on EPC Mode Package-3,2026-07-01,0.13526902,0,LOW_PREDICTIVE_SIGNAL
618357,618357,Construction of 2 -Lane with paved shoulders road from Tamenglong to Mahur NH-137 in Manipur starting from km 54.180 near Azuram to km 80.630 near Mandeu on EPC Mode Package 5,2026-07-01,0.56500006,1,ELEVATED
618358,618358,Construction of 2 -Lane with paved shoulders road from Tamenglong to Mahur NH-137 starting from km 80.630 near Mandeu to km 96.870 near Jiri River on EPC Mode Package-6,2026-07-01,0.24144249,0,LOW_PREDICTIVE_SIGNAL
618359,618359,Widening/Improvement to 4-Lane with Paved Shoulder from km 55000 Nagabang Gamsuk to km 82514 Oyan in the State of Assam and Arunachal Pradesh on EPC mode under Bharatmala Pariyojna of Length 27.514 Km Package-3,2026-07-01,0.17064643,0,LOW_PREDICTIVE_SIGNAL
618362,618362,Construction of 2-laning with hard shoulder of Lunglei to Chhumkhum from Design Chainage Km 0.000 to Km 37.420 of NH-302 [Lunglei-Tlabung] Package-A,2026-07-01,0.5765454,1,ELEVATED
618363,618363,Construction of 2-laning with hard shoulder configuration of Chhumkhum to Tlabung from Design Chainage Km 37.420 to Km 74.950 of NH-302 in Mizoram under Bharatmala Pariyojana on EPC mode [Pkg-B],2026-07-01,0.53982264,1,ELEVATED
618364,618364,"Widening to 2 Lane with Hard shoulder of Akegwo-Avangkhu section of NH-202K for Package-I Design Chainage 0000 Km to 34795 Km, in the State of Nagaland on EPC mode under NH O-NE",2026-07-01,0.5748758,1,ELEVATED
618365,618365,Widening to 2 Lane with Hard shoulder of Akegwo-Avangkhu section of NH-202K for Package-III Design Chainage 69875 Km to 106816 Km in the State of Nagaland on EPC mode under NHO-NE,2026-07-01,0.5938063,1,ELEVATED
618366,618366,Widening to 2 Lane with Hard shoulder of Akegwo-Avangkhu section of NH-202K for Package-II Design Chainage 34795 Km to 69875 Km in the State of Nagaland on EPC mode under NHO-NE,2026-07-01,0.2215148,0,LOW_PREDICTIVE_SIGNAL
618367,618367,Improvement and Widening to 2-lane with paved shoulder of road from design Km 72.000 Pati Chhari to design Km 107.654 Harina Total length 35.654 Km on Teliamura to Harina section of NH 208 in the state of Tripura on EPC mode under JICA ODA Loan Phase VI Package-4,2026-07-01,0.5620966,1,ELEVATED
618368,618368,Improvement and Widening to 2-lane with paved shoulder of road from design Km 36.000 Rangamati to design Km 72.000 Pati Chhari Total length 36.000 Km on Teliamura to Harina section of NH 208 in the state of Tripura on EPC mode under JICA ODA Loan Phase VI Package-3,2026-07-01,0.23807038,0,LOW_PREDICTIVE_SIGNAL
618369,618369,Improvement and Widening to 2-lane with paved shoulder of road from existing Km 438.170 Khowai Chowmuhani to existing Km 439.410 South Pulinpur of NH-08 and from design Km 0.000 South Pulinpur to design Km 36.00 near Rangamati of NH 208 on Khowai Teliamura- Harina section Total length 37.24 in the state of Tripura on EPC mode under JICA ODA Loan Phase VI Package-2,2026-07-01,0.25680685,0,LOW_PREDICTIVE_SIGNAL
618370,618370,Improvement and Widening to 2-lane with paved shoulder of road from Km 101.300 to km 127.319 Total Length 26.019 Km i.e. the Khowai Teliamura-Amarpur-Harina-Sabroom section of NH 208 in the state of Tripura on EPC under JICA ODA Loan Phase VI Package-1,2026-07-01,0.037399955,0,LOW_PREDICTIVE_SIGNAL
618371,618371,"Widening/Improvement to 4-Lane with Paved Shoulder configuration of existing single lane road from Srirampur near Bhairiguri Village to Kachukhana Harichara Paglagaunj Package-I of Srirampur - Dhubri Section of NH-127B from existing Km 0.000 to Km 28.050 Design Km 0.000 to Km 27.650, Design Length27.650 Km under JICA ODA Loan assistance Phase-V -Balance work",2026-07-01,0.06574796,0,LOW_PREDICTIVE_SIGNAL
618372,618372,,2026-05-01,0.13794388,0,LOW_PREDICTIVE_SIGNAL
618373,618373,"Construction of 4-Lane Bridge including approaches over River Brahmaputra between Dhubri on North Bank,Assam and Phulbari on south Bank,Meghalaya on NH-127B under JICA ODA Loan assistance Phase-III",2026-07-01,0.24206942,0,LOW_PREDICTIVE_SIGNAL
618374,618374,Improvement/Widening to 2-L with Paved Shoulder/ 4-Laning of NH-40 section from Km 151330 to Km 163400 design Km 63.530 to Km 71.520 including Dawki Bridge of length 368 m between Shillong-Dawki under JICA ODA Loan assistance Phase-II Pkg-5 -Balance work,2026-07-01,0.27774614,0,LOW_PREDICTIVE_SIGNAL
618375,618375,Improvement/Widening to 2-Lane with Paved Shoulder from design Km 45.760 to Km 63.530 between Shillong-Dawki under JICA ODA Loan assistance Phase-II -Balance work Pkg-4,2026-07-01,0.25714907,0,LOW_PREDICTIVE_SIGNAL
618376,618376,Improvement/Widening to 2-Lane with Paved Shoulder between Shillong-Dawki road up to Bangladesh Border from design Km 10.670 to Km 37.550 under JICA ODA Loan assistance Phase-II -Balance Work-Pkg-2,2026-07-01,0.29681164,0,LOW_PREDICTIVE_SIGNAL
618377,618377,Improvement/Widening to 2-L with Paved Shoulder/4-L from Km 81740 to Km 93490 design Km 0000 to Km 10670 of NH-40 New NH-106 & 206 section & 4-L from design Km 0.00 to Km 0.930 of NH-44 section between Shillong-Dawki under JICA ODA Loan assistance Phase-II -Balance Work Pkg-1,2026-07-01,0.032925118,0,LOW_PREDICTIVE_SIGNAL
618379,618379,Widening and Up-gradation to 2- Lane with Paved Shoulder Configuration and geometric improvement from Km. 208. 000 to Km 250.000 Package-5 on Aizawl Tuipang Section of NH-54 in the State of Mizoram Package-5,2026-07-01,0.60750264,1,ELEVATED
618380,618380,Widening and Up-gradation to 2- Lane with Paved Shoulder Configuration and geometric improvement from Km. 125. 000 to Km 166 Package-3 on Aizawl Tuipang Section of NH-54 in the State of Mizoram Package-3,2026-07-01,0.021935334,0,LOW_PREDICTIVE_SIGNAL
618381,618381,,2026-05-01,0.14850287,0,LOW_PREDICTIVE_SIGNAL
618382,618382,,2026-05-01,0.13159071,0,LOW_PREDICTIVE_SIGNAL
618383,618383,Widening and up-gradation to 2-lane with paved shoulder configuration and geometric improvements from km 339.00 to km 380.00 Siaha on Aizawl-Tuipang section under JICA ODA Loan assistance Phase-I Package-8,2026-07-01,0.08792794,0,LOW_PREDICTIVE_SIGNAL
618384,618384,,2026-05-01,0.08326101,0,LOW_PREDICTIVE_SIGNAL
618385,618385,Rehabilitation and up-gradation of road from design km 25.250 to km 36.460 Total lengh 11.210 km of Kailashahar-Kurti Bridge section on NH-208A to 2-lane with paved shoulder on EPC basis under NHO Package-III- Balance Work,2026-07-01,0.2744978,0,LOW_PREDICTIVE_SIGNAL
618386,618386,,2026-05-01,0.13229892,0,LOW_PREDICTIVE_SIGNAL
618387,618387,Construction of 2-laning with Hard shoulder of Ukhrul Tolloi - Tadubi section of NH-102A from Design Chainage km 9450 to km 50850 in the State of Manipur on EPC mode under NHO-NE Package-2,2026-07-01,0.32263088,0,WATCH
618388,618388,Construction of 2-laning with Hard shoulder road of Ukhrul - Tolloi - Tadubi section of NH-102A from Design Chainage 50.850 km to 81.870 km in the State of Manipur on EPC mode under NHO-TSP Package -3,2026-07-01,0.39180875,0,WATCH
618389,618389,Construction of 2-laning with Hard shoulder road of Ukhrul - Tolloi - Tadubi section of NH-102A from Design Chainage 81.870 km to 105.825 km in the State of Manipur on EPC mode under NHO-TSP Package -4,2026-07-01,0.16524959,0,LOW_PREDICTIVE_SIGNAL
618390,618390,"Construction, Operation & Maintenance of 2-L Bi-directional Silkyara Bend- Barkot Tunnel with escape passage including approaches Tunnel-4.531 & Approach road- 0.328 on Dharasu-Yamunotri section b/w Chainage 25.400km and 51.00km falling along NH-134 Old NH-94 on EPC mode",2026-07-01,0.13245158,0,LOW_PREDICTIVE_SIGNAL
618391,618391,"Construction for Mitigation Measures of 5 Nos. Landslides, 05 No. Sinking Zones and 01 No. Bridge from Ch. 450.00 to Ch. 468.00 18 Km. Length on NH-07 Package-III",2026-07-01,0.014925035,0,LOW_PREDICTIVE_SIGNAL
618392,618392,"Construction for Mitigation Measures of 5 Nos. Landslides, 5 Nos. Sinking Zones in between Ch. 433.00 to 450.00 BANERPANI VILLAGE on NH-07 on EPC mode in the state of Uttarakhand Package-2",2026-07-01,0.28139722,0,LOW_PREDICTIVE_SIGNAL
618393,618393,"Construction for Mitigation Measures of 10 Nos. Landslides, 01 No. Sinking Zones and 1 No. of Minor Bridge in between at Ch. Km 368.00 to Km 433.00 on NH-07 on EPC Mode in Uttarakhand Package-1",2026-07-01,0.025885358,0,LOW_PREDICTIVE_SIGNAL
618394,618394,Up-gradation to 2-lane with Paved Shoulder from Km 12.850 to Km20.300 of 7.450Km length on Goha-Khellani section and a link road to Goha village of 2.016 km on NH-244 in UT of Jammu and Kashmir on EPC Mode Pkg-1,2026-07-01,0.18682082,0,LOW_PREDICTIVE_SIGNAL
618395,618395,"Construction & Upgradation to 2-lane with paved shoulder from Design Ch. Km 51700 at Premnagar km 66315 to Km 66535 New Thatri at Start of Km 83rd, Tunnel Km 82665 of 14.835 Km design length on Chenani-Sudhmahadev-Goha Khellani-Kishtwar-Vailoo Donipawa-Ashajipora section of NH-244 in the UT of J&K on EPC Mode under NHO-Gen Pkg - 2",2026-07-01,0.67744756,1,ELEVATED
618396,618396,,2026-05-01,0.13229892,0,LOW_PREDICTIVE_SIGNAL
618397,618397,Widening and Up-gradation to 2-Lane with Paved Shoulder of configuration and geometric improvement from Km 0.000 to Km 16.990 on Chenani Sudhmahadev section of NH-244 in UT of Jammu and Kashmir to be executed on EPC basis,2026-07-01,0.040735137,0,LOW_PREDICTIVE_SIGNAL
618398,618398,Up-gradation to 2-lane with Paved Shoulder from Km 20.300 to Km 29.030 of 8.730 Km length on Goha-Khellani section on NH-244 in UT of Jammu and Kashmir on EPC Mode Package II,2026-07-01,0.12206171,0,LOW_PREDICTIVE_SIGNAL
618399,618399,Construction of Kishtwar bypass with 2 lane with paved shoulder from Design Km. 80.675 Dulhasti to km 95.550 Bandarkoot of 14.88 km & a link road to Kishtwar town from 0000 to 1.871 of length1.871 Km on Khellani - Kishtwar - Chattroo section in UT of Jammu and Kashmir on EPC Mode Pkg-4,2026-07-01,0.73763525,1,HIGH_PREDICTIVE_SIGNAL
618400,618400,Construction & Upgradation to 2-lane with paved shoulder from Design Km 67.805 at the end of Km 83rd Tunnel near Dhrabshalla Ex. Km 83905 to Km 80.675 start of Kishtwar Bypass - Dulhasti Ex. Km 970751 of 12.870 Km length on chenani-Sudhmahadev-Goha Khellani-Kishtwar-vailoo-Donipawa-Ashajipora seition of NH-244 in the UT of J&K on EPC Mode under NHO-Gen Pkg-3,2026-07-01,0.27950215,0,LOW_PREDICTIVE_SIGNAL
618401,618401,"Construction of Intermediate Lane with Hard Shoulder of Hunli to Hayuliang Package-III from design Km 60.000 to Km 121.500 Design Length 61.500 km, Greenfield Section of Frontier Highway NH-913 in the State of Arunachal Pradesh on EPC Mode Pkg-3",2026-07-01,0.073975556,0,LOW_PREDICTIVE_SIGNAL
618402,618402,"Construction of Intermediate Lane with Hard Shoulder of Hunli to Hayuliang from Design Km 0.000 to Km 53.000 Design Length 53.000 km, Greenfield Section of Frontier Highway NH-913 in the State of Arunachal Pradesh on EPC Mode Package-I",2026-07-01,0.43249258,0,WATCH
618403,618403,Construction of Intermediate Lane Road with hard shoulder from design Km 0.000 to Km 17.387 Total length 17.387 km of Hunli to Ithun Bridge section on NH-913 Frontier Highway in State of Arunachal Pradesh on EPC mode under NHO-NE,2026-07-01,0.058084868,0,LOW_PREDICTIVE_SIGNAL
618404,618404,Construction of lntermediate Lane Road with hard shoulder from design chainage Km 0.000 to Km 53.040 Existing Length68.500 Km & Total Design length 53.04 km of Tato to Monigong section of NH-913 Frontier Highway on Nafra Bomdila to Vijaynagar along China border in state of Arunachal pradesh on EPC mode,2026-07-01,0.31037912,0,WATCH
618405,618405,"Construction of Intermediate Lane of Pango to Jorging Road from 0000 to Design Km Design Km 40000 Design Length 40.00 Km, Pkg-l, Greenfield Alignment in the State of Arunachal Pradesh on EPC mode Pkg-1",2026-07-01,0.15989412,0,LOW_PREDICTIVE_SIGNAL
618406,618406,Up-gradation to 4-lane with Paved Shoulder of Jammu-Akhnoor road section of NH-144A from Ganesh Vihar Km 6.000 to Khati Chowk Km 26.350 in UT of Jammu and Kashmir on EPC basis Pkg-3A,2026-07-01,0.17089288,0,LOW_PREDICTIVE_SIGNAL
618407,618407,Jammu-Akhnoor Road Pkg-I,2026-07-01,0.14138006,0,LOW_PREDICTIVE_SIGNAL
618408,618408,Kargil Zanskar Road,2026-07-01,0.09920822,0,LOW_PREDICTIVE_SIGNAL
618409,618409,Widening & Up-gradation to 2 lane with Paved shoulder of NH-301 Kargil- Zanskar Road from Design km 57.000 Ex. Km. 57.905 to Km 87.000 Ex. Km. 88.2491 of 30.000 Km length Pkg-lll,2026-07-01,0.10066534,0,LOW_PREDICTIVE_SIGNAL
618410,618410,Widening & Up-gradation to 2 lane with paved shoulder of NH-301 Kargil- Zanskar Road from Design Km .30.040 Ex. Km. 30.000 to Design Km 57.000 Ex. Km. 57.905 of 26.960 Km length Pkg-II,2026-07-01,0.099841,0,LOW_PREDICTIVE_SIGNAL
618411,618411,Melaghar-Srimantapur section on NH-08 Spur from Km 23 to Km 34.500 11.5 Km and overlay from Km 20.30 to Km 22.00 1.7 Km Total Length 13.2 Km,2026-07-01,0.19421065,0,LOW_PREDICTIVE_SIGNAL
618412,618412,Construction of i Connecting Road from Z-Morh Tunnel to Zojila Tunnel Road Length 18.475km and ii 14.150 Km long 2-L Bi-directional single tube Zoji-la Tunnel across Zojila Pass on Sonamarg - Kargil section from Km 82 to Km 118 of NH-01 under PMDP,2026-07-01,0.24105924,0,LOW_PREDICTIVE_SIGNAL
618413,618413,Construction of 2 laning with Hard shoulder of Peren-Dimapur section on NH 129A from Design Km 146.208 to Km 163.592 Length- 17.384 km in the state of Nagaland on EPC mode under NHO-TSP Package-III,2026-07-01,0.008873926,0,LOW_PREDICTIVE_SIGNAL
618414,618414,Construction of Balance work for 2-lane with hard shoulder of Peren- Dimapur section on NH-129A from Design Km 126.775 to Km 146.208 Length 19.433 Km in the state of Nagaland on EPC mode under NHO-TSP Package-II,2026-07-01,0.14987724,0,LOW_PREDICTIVE_SIGNAL
618415,618415,"Improvement of existing road to 2 laning with Hard Shoulders of Maram-Peren section Package-1B, length- 17.660 km from Design Chainage 22.340 km to 40.000 km on NH-129A in the State of Manipur on EPC mode",2026-07-01,0.47251192,0,WATCH
618416,618416,"Improvement of existing road to 2 laning with Hard Shoulders of Maram -Peren section Package-1A, length- 22.340Km from Design Chainage 0.000 km to 22.340 km on NH-129A in the State of Manipur on EPC mode",2026-07-01,0.15945145,0,LOW_PREDICTIVE_SIGNAL
618417,618417,"Construction of 4-Lane with paved shoulder Agartala bypass Western side, length 25.402 km connecting NH-8 near Amtali to NH-108B near Lembuchhera in the state of Tripura on EPC basis under NHO-NE",2026-07-01,0.7967025,1,HIGH_PREDICTIVE_SIGNAL
618418,618418,Rehabilitation and up gradation of Nongstoin-Rambrai-Kyrshai road up to Meghalaya-Assam border from Km 0.335 to km 34.039 to 2-Lane under NHO - NE in the State of Meghalaya Package-1,2026-07-01,0.3824597,0,WATCH
618419,618419,"Construction of 2-Lane with paved shoulders of Shillong Western Bypass starting from NH-06 near Ladumsaw existing Km 60.900 of old NH40 to NH106 old NH 44E Package-III, from km 24700 to km 38256 under SARDP-NE PHASE A in the state of Meghalaya on EPC Mode Greenfield alignment",2026-07-01,0.1437514,0,LOW_PREDICTIVE_SIGNAL
618420,618420,"Construction of 2 lane with paved shoulder of Shillong Western Bypass starting from NH-06 near Ladumsaw existing km 60.900 of old NH-40 to NH-106 old NH-44E, Package-II km 12800 to km 24700 under SARDP-NE Phase A in the State of Meghalaya on EPC Mode",2026-07-01,0.28205934,0,LOW_PREDICTIVE_SIGNAL
618421,618421,"Construction of 2-Lane with paved shoulder of Shillong Western Bypass starting from NH-06 near Ladumsaw Existing km 60.900 of old NH-40 to NH106 old NH-44E, km 0000 to km 12800 Package-I under SARDP-NE PHASE A in the State of Meghalaya on EPC Mode Greenfield alignment",2026-07-01,0.087249525,0,LOW_PREDICTIVE_SIGNAL
618422,618422,"Construction of 2-lane with hard shoulders of Merangkong-Tamlu-Mon road Wakching Twon portion on EPC basis from existing Chainage Km 59000 to Km 73640 [Design Km. 59000 to Km, 72450] Design length - 13.450 Km under SARDP-NE package-V Balance work",2026-07-01,0.064913064,0,LOW_PREDICTIVE_SIGNAL
618423,618423,Construction of 2-Lane with hard shoulders of Merangkong-Tamlu-Mon MTM Road from existing Km 20.456 to Km 41.065 Design Km. 20 to Km. 40.0 Design Length-20.000 Km in the State of Nagaland under SARDP-NE Phase-A Pkg-2 Balance work,2026-07-01,0.15075307,0,LOW_PREDICTIVE_SIGNAL
618424,618424,,2026-01-01,0.18183294,0,LOW_PREDICTIVE_SIGNAL
618426,618426,Construction/Up gradation of Existing road to 2 Lane with Paved Shoulder including Geometric Improvement from Ranipool to Pakyong Balance work from Km 2.000 to 16.167 of NH-717-A on EPC basis under SARDP-NE Phase A in the State of Sikkim,2026-07-01,0.021661207,0,LOW_PREDICTIVE_SIGNAL
618427,618427,Construction & upgradation of existing road to 2-lane with paved shoulder including geometric improvement of Kafer- Lava More section from km 40.00 to km 61.100 of NH717-A on EPC under SARDP-NE A in state of West Bengal Pkg-VA,2026-07-01,0.046606384,0,LOW_PREDICTIVE_SIGNAL
618428,618428,Realignment of NH-717A from Design Ch.0.00 Km 77.800 of NH-10 to Design Ch.2.00 Km 3.100 of NH-717A with two lane paved shoulder including Major Bridge of 680 m in the State of Sikkim on EPC Mode-COS work,2026-07-01,0.05927254,0,LOW_PREDICTIVE_SIGNAL
618429,618429,Construction & upgradation of existing road to 2-lane with paved shoulder including geometric improvement of sect. from Pedong bypass to Reshi Border km 79.700 to km 96.254 of NH-717A under SARDP-NE-A on EPC as part of Alternate connectivity to Gangtok Lava More-Reshi Border Pkg-VB,2026-07-01,0.06438237,0,LOW_PREDICTIVE_SIGNAL
618430,618430,Construction of alternative highway to Gangtok in Sikkim via Bagrakot -Chuikhim-Nimbong -Kafer-Bakhim-Algarah-Rhenock in the State of West Bengal and from Rhenok-Rorathang-Pakyong along with spur from Aritar-Rolep-Menla in the State of Sikkim from Km 0.00 to Km 13.00 of Bagrakot -Kafer section of NH 717A on EPC Mode under Phase-A of SARDP-NE in the State of West Bengal PKG- IVA,2026-07-01,0.028889857,0,LOW_PREDICTIVE_SIGNAL
618431,618431,Construction of alternative highway to Gangtok in Sikkim via Bagrakot -Chuikhim-Nimbong -Kafer-Bakhim-Algarah-Rhenock in the State of West Bengal and from Rhenok-Rorathang-Pakyong along with spur from Aritar-Rolep-Menla in the State of Sikkim from Km 13.00 to Km 25.60 of Bagrakot -Kafer section of NH 717A on EPC Mode under Phase-A of SARDP-NE in the State of West Bengal PKG- IVB,2026-07-01,0.058597036,0,LOW_PREDICTIVE_SIGNAL
618432,618432,,2026-05-01,0.17445257,0,LOW_PREDICTIVE_SIGNAL
618433,618433,Construction of Balance work of 2-Lane with PS of Joram Koloriang Road from existing Km122.600 to km138.00 [Design Km108.724 to Km123.714] in Arunachal Pradesh on EPC Mode under SARDP-NE Pkg-7,2026-07-01,0.13949849,0,LOW_PREDICTIVE_SIGNAL
618434,618434,Roing-Hunli Road Greenfield Alignment Project,2026-07-01,0.12600686,0,LOW_PREDICTIVE_SIGNAL
618435,618435,,2026-06-01,0.31129152,0,WATCH
618436,618436,4-Laning of Jamugurihat to end of Biswanath Chariali By-Pass from Km 182.000 to Km 208.000 of NH-52 on EPC mode in state of Assam under SARDP-NE,2026-07-01,0.19310224,0,LOW_PREDICTIVE_SIGNAL
618437,618437,"Construction of Balance Work of 4-Laning of NH-37 Section between End of Moran Bypass to Bogibeel junction near Lapetketa Km. 561.700-Km. 580.875 under SARDP-NE, Phase 'A' in the State of Assam on EPC mode Pkg-I Road works & Toll Plaza",2026-07-01,0.21127972,0,LOW_PREDICTIVE_SIGNAL
618438,618438,"4-Laning of NH-37 Section between Demow to End of Moran Bypass From Km. 534.800 to Km. 561.700 including Emergency Landing Facility ELF under SARDP-NE, Phase 'A' in the State of Assam on EPC mode",2026-07-01,0.0928361,0,LOW_PREDICTIVE_SIGNAL
618439,618439,,2026-06-01,0.3507271,0,WATCH
618440,618440,"Construction of Balance Work of 4-Laning of the Section from Jhanji to Demow of NH-37 Old from Km 490.800 to Km 534.800, under SARDP- NE on EPC Mode in the state of Assam Pkg- IV Structures & Toll Plaza",2026-07-01,0.073121585,0,LOW_PREDICTIVE_SIGNAL
618441,618441,"Construction of Balance Work of 4-Laning of the Section from Jhanji to Demow of NH-37 Old from Km 490.800 to Km 501.800 11.000 Km, under SARDP- NE under EPC Mode in the state of Assam Pkg-I Road Works",2026-07-01,0.020297201,0,LOW_PREDICTIVE_SIGNAL
618442,618442,"Construction of Balance Work of the 4-Laning of the Section from Jorhat to Jhanji of NH-37 Old from Km 477.000 to Km 490800 13.800 Km, under SARDP- NE under EPC Mode in the state of Assam Pkg-III Road Works",2026-07-01,0.15635914,0,LOW_PREDICTIVE_SIGNAL
618443,618443,,2026-06-01,0.3507271,0,WATCH
618444,618444,,2026-06-01,0.17822082,0,LOW_PREDICTIVE_SIGNAL
618445,618445,Construction of 2-Laning with hard shoulders of Demwe-Brahmakund section of NH-13 from Ch.0.00 km to 18.464 km on EPC under SARDP-NE NHO-NE -Balance Work,2026-07-01,0.17575893,0,LOW_PREDICTIVE_SIGNAL
618446,618446,Construction & Upgradation of existing road to 2-lane with paved shoulder from New Rolep Bridge at km 37.600 to Chochenpheri at km 52.00 in the section of Rongli to Chochenpheri of NH 717B Pkg-II C,2026-07-01,0.09065037,0,LOW_PREDICTIVE_SIGNAL
618447,618447,Construction of 2-Laning with Paved Shoulder of New Greenfield Alignment From Helipad near Menla at Km 82000 to Menla at Km 94030 of Rhenock-Menla Spur NH-717B Package-IIIB on EPC Basis under SARDP-NE Phase 'A' in the State of Sikkim.,2026-07-01,0.07050178,0,LOW_PREDICTIVE_SIGNAL
618448,618448,Construction of 2-Laning with Paved Shoulder of New Greenfield Alignment From Chochenpheri at Km 52000 to Helipad near Menla at Km 82000 of Rhenock-Menla Spur NH-717B Package-IIIA on EPC Basis under SARDP-NE Phase 'A' in the State of Sikkim.,2026-07-01,0.05778972,0,LOW_PREDICTIVE_SIGNAL
618449,618449,Construction & Upgradation of existing road to 2-lane with paved shoulder from km27.200 End of Rongli bypass to km37.600New Rolep Bridge of Rhenok-Menla spur NH-717B on EPC Mode under SARDP-NE Phase-A in Sikkim Pkg-II B,2026-07-01,0.15031974,0,LOW_PREDICTIVE_SIGNAL
618450,618450,Rehabilitation & Upgradation of existing road to 2-lane with paved shoulder including geometric improvement of section from start of Rabangla km33.600 to km58.840 under SARDP-NE Phase A Pkg- IV,2026-07-01,0.4020104,0,WATCH
618452,618452,"2-laning of Zorinpui - Longmasu section of NH-502A from km 0.000 to km 28.244 in the State of Mizoram on EPC mode under NHO-NE, stretch of IMBR",2026-07-01,0.3860927,0,WATCH
618454,618454,"Earthwork in Formation, Road Work, Construction of Bridges, Blanketing, P. Way Linking works including Supply of P. Way Fittings and Track Ballast in connection with Construction of Railway Siding from Jogighopa Railway Station to MMLP at Jogighopa from Ch. 00 to 3760 on Item Rate basis Package -3, Railway Siding from Jogighopa Railway Station to MMLP",2026-07-01,0.63573056,1,ELEVATED
618455,618455,Development of External Trunk Connectivity and Internal Infrastructure Works at Multi Model Logistics ParkMMLP at Jogighopa in the State of Assam on EPC Mode Package-I Road and Utility Works,2026-07-01,0.061753176,0,LOW_PREDICTIVE_SIGNAL
618456,618456,,2026-05-01,0.08326101,0,LOW_PREDICTIVE_SIGNAL
618457,618457,Delhi-Vadodara Greenfield Alignment NH-148N Pkg-10 Ch. 292.950 to Ch. 319.400 [End of Interchange on NH-166 near village Mui to Hardeoganj village near Indergarh],2026-07-01,0.18244965,0,LOW_PREDICTIVE_SIGNAL
618458,618458,Delhi-Vadodara Greenfield Alignment NH-148N Pkg-15 Ch. 419.000 to Ch.427.300 [Junction with NH-12 near village Ummedpura to Major bridge over Takli river near Nayagaon Jageer village],2026-07-01,0.20127927,0,LOW_PREDICTIVE_SIGNAL
618459,618459,Delhi-Vadodara Greenfield Alignment NH-148N Pkg-26 Ch.696890 to Ch.726390,2026-07-01,0.25331286,0,LOW_PREDICTIVE_SIGNAL
618460,618460,,2026-06-01,0.628282,1,ELEVATED
618461,618461,,2026-02-01,0.15330161,0,LOW_PREDICTIVE_SIGNAL
618462,618462,Delhi-Vadodara Greenfield Alignment NH-148N Pkg-31 Ch.824920 to Ch.844382 [Junction near Pratap nagar Village - Junction near Dodka Village],2026-07-01,0.14114077,0,LOW_PREDICTIVE_SIGNAL
618463,618463,Vadodara Mumbai Expressway Kim to Ankleshwar Phase IA - Pkg V,2026-07-01,0.1194962,0,LOW_PREDICTIVE_SIGNAL
618464,618464,,2026-05-01,0.158454,0,LOW_PREDICTIVE_SIGNAL
618465,618465,,2026-05-01,0.24923894,0,LOW_PREDICTIVE_SIGNAL
618466,618466,,2026-06-01,0.38523564,0,WATCH
618467,618467,Vadodara Mumbai Expressway Karvad - Jujuwa from Km. 128.000 to Km. 154.600 Phase-I Package-IX,2026-07-01,0.347453,0,WATCH
618468,618468,,2026-05-01,0.08326101,0,LOW_PREDICTIVE_SIGNAL
618469,618469,Vadodara Mumbai Expressway Phase II - Pkg XIII [Km. 26.582 to Km. 50.700] Shirsad - Masvan,2026-07-01,0.01954829,0,LOW_PREDICTIVE_SIGNAL
618470,618470,Vadodara Mumbai Expressway Phase II - Pkg XIV [Km. 3.000 to Km. 20.200 of Spur] Shirsad - Akloli,2026-07-01,0.050965134,0,LOW_PREDICTIVE_SIGNAL
618471,618471,Vadodara Mumbai Expressway Phase II - Pkg XV [Km. 20.200 to Km. 43.000 of Spur] Akloli - Amne,2026-07-01,0.24365234,0,LOW_PREDICTIVE_SIGNAL
618472,618472,Vadodara Mumbai Expressway Phase II - Pkg XVI [Km. 43.000 to Km. 69.800 of Spur] Amne - Bhoj,2026-07-01,0.3154415,0,WATCH
618473,618473,Vadodara Mumbai Expressway Phase II - Pkg XVII [Km. 69.800 to Km. 79.783 of Spur] Bhoj - Morbe,2026-07-01,0.09044897,0,LOW_PREDICTIVE_SIGNAL
618475,618475,Bangalore Chennai Expressway Phase-II Pkg-II from km.96.000 to Km 127.000 Baireddypalle to Bangarupalem section,2026-07-01,0.12839812,0,LOW_PREDICTIVE_SIGNAL
618476,618476,Bangalore Chennai Expressway Phase-II Pkg-III from km.127.000 to Km 156.000 Bangarupalem to Gudipala section,2026-07-01,0.12113768,0,LOW_PREDICTIVE_SIGNAL
618477,618477,Bangalore Chennai Expressway Phase-III Package I Gudipala to Walajajhpet from Km 156.000 to Km 180.000,2026-07-01,0.07194378,0,LOW_PREDICTIVE_SIGNAL
618478,618478,Bangalore Chennai Expressway Phase-III Package II Walajahpet to Arakkonam from Km 180.000 to Km 204.500,2026-07-01,0.12377842,0,LOW_PREDICTIVE_SIGNAL
618479,618479,Bangalore Chennai Expressway Phase-III Package III Arakkonam to Kancheepuram from Km 204.500 to Km 230.000,2026-07-01,0.5736135,1,ELEVATED
618480,618480,Construction of Trumpet Interchange Connecting Bangalore Chennai Expressway km.261705 to km. 262800 with Maduravoyal to Walajapet Section of NH 48 near Sriperumbudur Toll Plaza at km. 35700,2026-07-01,0.20850249,0,LOW_PREDICTIVE_SIGNAL
618481,618481,4L Bangalore-Chennai Expressway from Km. 230.000 to Km. 261.705 of Kanchepuram to Sriperumbudur Section Phase-III/Package-IV,2026-07-01,0.06577245,0,LOW_PREDICTIVE_SIGNAL
618482,618482,Delhi-Amritsar-Katra Expressway Phase-I Pkg-I from Jussur Kheri on NH-KMP Expressway to Junction with Rohtak-Panipat road NH-709 near Rukhi Paani village Km 0000 to Km 34000,2026-07-01,0.0737527,0,LOW_PREDICTIVE_SIGNAL
618483,618483,Delhi-Amritsar-Katra Expressway Phase-I Pkg-II from Junction with Rohtak-Panipat road NH-709 near Rukhi Paani village to Junction with Jind-Panipat road NH-352A near Gangana village Km 34000 to Km 60800,2026-07-01,0.08609201,0,LOW_PREDICTIVE_SIGNAL
618484,618484,,2026-05-01,0.5915696,1,ELEVATED
618485,618485,,2026-05-01,0.5915696,1,ELEVATED
618486,618486,Delhi-Amritsar-Katra Expressway Phase-I Pkg-V from Junction with Ambala-Kaithal-Hissar road NH-152 near Kharak Pandwa village to Junction with Patiala-Samana-Patran road SH-10 near Ghagga village Km 120250 to Km 157920,2026-07-01,0.21320759,0,LOW_PREDICTIVE_SIGNAL
618487,618487,,2026-05-01,0.20222081,0,LOW_PREDICTIVE_SIGNAL
618488,618488,,2026-06-01,0.24186434,0,LOW_PREDICTIVE_SIGNAL
618489,618489,Delhi-Amritsar-Katra Expressway Phase-I Pkg-IX from Junction with Ludhiana-Moga road NH-5 near Mullanpur Dakha to Junction with Jalandhar - Moga road NH-703 near Kang Sahibu village Km 260860 to km 303900,2026-07-01,0.32813108,0,WATCH
618490,618490,,2026-06-01,0.34010455,0,WATCH
618491,618491,,2026-06-01,0.15209343,0,LOW_PREDICTIVE_SIGNAL
618492,618492,Delhi-Amritsar-Katra Expressway Phase-I Pkg-XII from Junction with Amritsar-Mehta-SriHargobindpur-Tanda road NH-503A near SriHargobindpur to Junction with Pathankot-Gurdaspur road NH-54 near Gurdaspur Km 362420 to km 397700,2026-07-01,0.21180609,0,LOW_PREDICTIVE_SIGNAL
618493,618493,Delhi-Amritsar-Katra Expressway Phase-I Spur-I from Jn. with Kapurthala - Sultanpur Lodhi Road NH-703A near Isharwal village to Jn. with Kapurthala - Tarn Taran road NH-703AA near Goinwal Sahib [Km 24000 to Km 41000 of Amritsar connectivity],2026-07-01,0.35093418,0,WATCH
618494,618494,Delhi-Amritsar-Katra Expressway Phase-II Pkg-XV [Junction with Hiranagar Road near village Gurha Baildaran to Junction with Jammu Ring Road NH-244A near Jakh village from Km 468100 to Km 503250],2026-07-01,0.06085533,0,LOW_PREDICTIVE_SIGNAL
618495,618495,4/6L Access Control Expressway from Design Chainage Km 515.000 to 528.300 Kunjwani to Sidhra Section of NH-44 and from Design Chainage Km 550.900 to Km 566.520 Domel to Katra Section Phase II-Package XVII,2026-07-01,0.16491373,0,LOW_PREDICTIVE_SIGNAL
618496,618496,Delhi-Amritsar-Katra Expressway Phase-II Pkg-XVI Existing Jakh Vijaypur-Kunjwani section of NH-44 including spur Connectivity to Jammu Airport NH-144A [Km 503500 to km 514500],2026-07-01,0.12138262,0,LOW_PREDICTIVE_SIGNAL
618497,618497,Delhi Amritsar Katra Expressway Phase-II Pkg XVIII Development and Upgradation of Four lane Access Control Expressway from Design Chainage KM 530.00 to KM 545.300 Sidhra to Domel Section of NH-44,2026-07-01,0.10294859,0,LOW_PREDICTIVE_SIGNAL
618498,618498,,2026-05-01,0.08326101,0,LOW_PREDICTIVE_SIGNAL
618499,618499,6L Elevated Kanpur - Lucknow Exeressway Pkg-1 from Km. 10980 to Km. 28500,2026-07-01,0.02142946,0,LOW_PREDICTIVE_SIGNAL
618500,618500,Construction of 4L Connector from Delhi Meerut Expressway Km 50.000 of Pkg IV to Km 8.520 of NH-235 Pkg-5,2026-07-01,0.23981567,0,LOW_PREDICTIVE_SIGNAL
618501,618501,,2026-05-01,0.2219138,0,LOW_PREDICTIVE_SIGNAL
618502,618502,,2026-05-01,0.3678261,0,WATCH
618503,618503,Ahmedabad - Dholera Pkg III from km. 48.52 to km. 71.06 [Vejallka Village - Start of DSIR zone],2026-07-01,0.05397568,0,LOW_PREDICTIVE_SIGNAL
618504,618504,Ahmedabad - Dholera Pkg IV from km. 71.06 to km. 109.019 [Start of DSIR zone - Adhelai Village],2026-07-01,0.072524525,0,LOW_PREDICTIVE_SIGNAL
618505,618505,Additional Structures on 6LGurgaon-Jaipur Section of NH-48 between KM 42.700 to KM 273.00,2026-07-01,0.21688433,0,LOW_PREDICTIVE_SIGNAL
618506,618506,"Construction of Additional Structures, Improvement of Service Road & Maintenance of Six Lane Gurgaon-Jaipur Section of NH-48 old NH-8 between km 42700 to km 107100 in the State of Haryana",2026-07-01,0.10855509,0,LOW_PREDICTIVE_SIGNAL
618507,618507,"Balance work of Six Laning of Shamlaji-Motachiloda from Km. 401.200 to Km.494.410 section Design Chainage Km.447.385 to Km 540.595, Length- 93.210 Km of old NH-8 NH-48 in the state of Gujarat on single Percentage Item Rate Contract",2026-07-01,0.11318508,0,LOW_PREDICTIVE_SIGNAL
618508,618508,Construction of Additional Structures including Approaches in Vadodara Surat Section of NH48 between existing Km. 108.000 to Km. 250.000,2026-07-01,0.26881582,0,LOW_PREDICTIVE_SIGNAL
618509,618509,Development of 6L UER II [Package - I] NH-1 Near Bakoli till Karala Kanjhawala Road from km. 0.70 to km.15.00,2026-07-01,0.15298781,0,LOW_PREDICTIVE_SIGNAL
618511,618511,Upgradation & rehabilitation of Service Roads on both sides in urban areas of Pune City on PuneSatara section of NH48,2026-07-01,0.20024237,0,LOW_PREDICTIVE_SIGNAL
618512,618512,Tunnel at Khambataki Ghat Section and its approaches from existing Km. 771.730 to existing Km. 782.000,2026-07-01,0.26502845,0,LOW_PREDICTIVE_SIGNAL
618513,618513,6L of Kagal-Satara section from Km 592.500 to Km 658.000 of NH-48 Pkg-I,2026-07-01,0.8654258,1,HIGH_PREDICTIVE_SIGNAL
618514,618514,6L of Kagal-Satara section from Km 658.000 to Km 725.000 of NH-48 Pkg-II,2026-07-01,0.13481723,0,LOW_PREDICTIVE_SIGNAL
618515,618515,,2026-05-01,0.15315595,0,LOW_PREDICTIVE_SIGNAL
618516,618516,6L from Sankeshwar Bypass to MH-KNT Border from Km. 555.017 to Km. 592.853 of NH-48 Pkg-II,2026-07-01,0.2371876,0,LOW_PREDICTIVE_SIGNAL
618517,618517,4/6L of Bangalore - Pune Section of bypass connecting Dharwad - Hubli from km. 403.80 to km. 433.20,2026-07-01,0.102775864,0,LOW_PREDICTIVE_SIGNAL
618518,618518,Davanagere - Haveri of NH-48 Old NH-4 from km. 260.00 to km. 338.923,2026-07-01,0.42431924,0,WATCH
618519,618519,Bangalore Ring Road STRR-NH-948A- Package-I of Phase-III from Belagondapalli TN to TN/KNT border from km 144.480 to 179.969,2026-07-01,0.03311661,0,LOW_PREDICTIVE_SIGNAL
618520,618520,4L of km 0.00 to km 42.00 of Dobbaspet to Doddaballapura Bypass section of NH-648 old NH-207] [Bangalore Ring Road Pkg 1],2026-07-01,0.4389521,0,WATCH
618521,618521,Karaipettai to Walajapet from Km 71.015 to 107.091,2026-07-01,0.28402016,0,LOW_PREDICTIVE_SIGNAL
618522,618522,Balance Works for six laning of Sriperumbudur to karaipettai section of NH-4 New NH-48 from 37000 Existing Km 37000 to Km 71015 Existing Km 71000 in Tamilnadu on EPC mode underNHDP Phase-V,2026-07-01,0.4091401,0,WATCH
618523,618523,Bhadrak KM 136.500 to Baleshwar KM 199.141,2026-07-01,0.19690625,0,LOW_PREDICTIVE_SIGNAL
618524,618524,Construction of 6 lane elevated corridor including its approaches from Km. 629880 to Km. 634470 Design Chainage of NH-16 in Ranasthalam Town portion in the state of Andhra Pradesh on EPC Mode under NHO.,2026-07-01,0.55589515,1,ELEVATED
618525,618525,Construction of flyover at Gammon Junction at Km.903.265 on NH16 including vent at Diwancheruvu junction at Km.902.308 Blackspot ID No.AP03299 in Andhra Pradesh on EPC mode under NHO,2026-07-01,0.2115514,0,LOW_PREDICTIVE_SIGNAL
618526,618526,6L of Gundugolanu Design km 1023.280 to Kalaparru Design km 1050.680 of NH-5 New NH-16,2026-07-01,0.17186287,0,LOW_PREDICTIVE_SIGNAL
618527,618527,,2026-05-01,0.2504945,0,LOW_PREDICTIVE_SIGNAL
618529,618529,Varanasi Ring Road Pkg-II connecting Sandaha Village km 11.70 / NH-29 with Revasa Village km 818.80 / NH-2,2026-07-01,0.10572801,0,LOW_PREDICTIVE_SIGNAL
618530,618530,Six Laning of Varanasi to Aurangabad from km. 786.00 to km. 978.40 of Old NH-2,2026-07-01,0.017904898,0,LOW_PREDICTIVE_SIGNAL
618531,618531,6L of Aurangabad to Bihar-Jharkhand border Chordaha section from km. 180.000 to km. 209.827 of NH-2 PKG-01,2026-07-01,0.22122987,0,LOW_PREDICTIVE_SIGNAL
618532,618532,,2026-05-01,0.18576193,0,LOW_PREDICTIVE_SIGNAL
618533,618533,Barwa Adda Km. 398.240 to Panagarh Km. 521.120,2026-07-01,0.12601003,0,LOW_PREDICTIVE_SIGNAL
618534,618534,Construction of Six lane elevated flyover including reconstruction/rehabilitation of existing pavement from Km 426230 to Km 430500 Length 4.27 Km at Nirsa in the Barwa Adda Panagarh section of NH-19 from Km.398.240 to Km.521.120 including Panagarh Bypass in the State of Jharkhand on EPC Mode.,2026-07-01,0.045502856,0,LOW_PREDICTIVE_SIGNAL
618535,618535,Construction of Six lane elevated flyover including reconstruction/rehabilitation of existing pavement from Km 406100 to Km 411150 Length 5.05 Km at Gobindpur area in the Barwa Adda Panagarh section of NH-19 from Km.398.240 to Km.521.120 including Panagarh Bypass in the State of Jharkhand on EPC Mode.,2026-07-01,0.09356784,0,LOW_PREDICTIVE_SIGNAL
618536,618536,Construction of Ring Road around Kanpur from Ch.68.650 to Ch.93.209 Jarkala to Pakari Package-IV in State of Uttar Pradesh.,2026-07-01,0.20626257,0,LOW_PREDICTIVE_SIGNAL
618537,618537,Construction of Ring Road around Kanpur from Km.000 to Km. 23.325 Chachendi Sachendi I to Maharajpur Package-I,2026-07-01,0.24463162,0,LOW_PREDICTIVE_SIGNAL
618538,618538,Construction of Ring Road around kanpur from Ch.51.200 to Ch. 68.650 Badarka to Harbanch-Uchti Pkg-III,2026-07-01,0.04666035,0,LOW_PREDICTIVE_SIGNAL
618539,618539,Construction of Ring Road Kanpur from Ch. 32.090 to Ch.51.200 Transganaga to Sathara Package-II B,2026-07-01,0.36543095,0,WATCH
618540,618540,Construction of Ring Road around Kanpur from Ch.23.325 to Ch.32.090 Chaudhariya to Transganga Package-IIA,2026-07-01,0.24129763,0,LOW_PREDICTIVE_SIGNAL
618541,618541,4L Ring road/bypass around Srinagar city from km 0.000 to km 42.100 Phase-I,2026-07-01,0.39616016,0,WATCH
618542,618542,4L of existing Wayul Ganderbal Pandach Soura section of old NH-1 as a part of Srinagar Ring Road Phase IIA,2026-07-01,0.05723935,0,LOW_PREDICTIVE_SIGNAL
618543,618543,4L of twin tube tunnel configuration including approaches from Marog to Digdol from Km.154.210 to Km.158.650 North Bound and from Km.155.940 to Km.160.260 South Bound of Ramban to Banihal Pkg-I of Old NH-1A New NH-44,2026-07-01,0.20554784,0,LOW_PREDICTIVE_SIGNAL
618544,618544,"4L twin tube tunnel including approaches from Digdol to Khuni Nallah North Bound connecting with existing major bridge on NB and South Bound connecting with Tunnel T4 ,Single tube tunnel of Ramban to Banihal Pkg-II of Old NH-1A New NH-44",2026-07-01,0.15339044,0,LOW_PREDICTIVE_SIGNAL
618545,618545,"4L of Km.165.092 to Km.171.855 North Bound and from Km.166.895 to Km.173.638 South Bound, excl. certain reaches of North Bound and South Bound of Ramban to Banihal Pkg-III of Old NH-1A New NH-44",2026-07-01,0.40521607,0,WATCH
618546,618546,,2026-02-01,0.4789035,0,WATCH
618547,618547,2L NH-1 from km 8.660 to km 33.775 Sumbal to Wayul to 4L dual carriageway NH standard as part of Srinagar Ring Road PhaseII [Design Ch. 41.907 to Ch. 66.609],2026-07-01,0.18313426,0,LOW_PREDICTIVE_SIGNAL
618548,618548,,2026-02-01,0.15330161,0,LOW_PREDICTIVE_SIGNAL
618549,618549,Construction of twin tube tunnels on Jammu Kashmir Ring Road NH-244A Between Design Ch. 50600 to 51700 and design Ch. 53535 to 55700 on EPC mode under residual NHDP component of Bharatmala Pariyojna,2026-07-01,0.09140752,0,LOW_PREDICTIVE_SIGNAL
618550,618550,Corridor Efficiency Improvement including removal of black spots in Lakhanpur - Samba section of NH-44 from Chainage Km. 16.300 to Km. 74.100,2026-07-01,0.112281375,0,LOW_PREDICTIVE_SIGNAL
618551,618551,Greenfield connectivity from Govindsar village on Delhi Amritsar Katra Expressway to Talwara village on NH-44 Pathankot by-pass,2026-07-01,0.308725,0,WATCH
618552,618552,Development of 6L Greenfield Jalandhar Bypass starting from Kahlwan NH-03 ending at Kang Sahbu NH-703 via Sarmastpur NH-44 - Madara NH-03 - Khajurla NH-44,2026-07-01,0.22012079,0,LOW_PREDICTIVE_SIGNAL
618553,618553,,2026-05-01,0.07174859,0,LOW_PREDICTIVE_SIGNAL
618554,618554,Construction of left out portion of Agra Inner Ring Road connecting village Deori to NH-44 village Bad from Km. 0.000 to Km. 7.772,2026-07-01,0.09444232,0,LOW_PREDICTIVE_SIGNAL
618555,618555,,2026-03-01,0.092149556,0,LOW_PREDICTIVE_SIGNAL
618556,618556,"Construction of 26 VUPs, Major Bridge, Service Road etc. on Lalitpur-Sagar-Lakhnadon section of NH-44 NS",2026-07-01,0.22425236,0,LOW_PREDICTIVE_SIGNAL
618557,618557,4L of Indora Chowk to Pachpaoli and Agrasen Chowk - Ashoka Chowk,2026-07-01,0.21377395,0,LOW_PREDICTIVE_SIGNAL
618558,618558,,2026-06-01,0.36526302,0,WATCH
618559,618559,,2026-06-01,0.5668089,1,ELEVATED
618560,618560,,2026-06-01,0.5542317,1,ELEVATED
618561,618561,Improving the Alignment of Thoppur Ghat Section from Km 158.500 to Km 165.100 in Dharmapuri - Salem Section of NH-44,2026-07-01,0.2804487,0,LOW_PREDICTIVE_SIGNAL
618562,618562,,2026-05-01,0.13159071,0,LOW_PREDICTIVE_SIGNAL
618563,618563,4L of Madurai Ring Road Phase 1 [Vadipatti-Thamrapatti] from km 0.00 - km 29.960,2026-07-01,0.107090406,0,LOW_PREDICTIVE_SIGNAL
618564,618564,6L with PS of Samakhiyali to Santalpur section from km. 339.700 to Km. 430.100 of NH-27,2026-07-01,0.11036097,0,LOW_PREDICTIVE_SIGNAL
618565,618565,,2026-05-01,0.4339062,0,WATCH
618566,618566,4L Green Field Northern East side Gorakhpur Bypass 26.616 Kms starting from NH-29E Chainage 83.308 and end at NH-28 Chainage 285.100,2026-07-01,0.06740327,0,LOW_PREDICTIVE_SIGNAL
618567,618567,4/6L of Northern Ayodhya Bypass starting Km. 112.540 and ending Km. 139.928 north of existing NH-27 part-1 and part-2 south of NH-27 from km 0.000 to km 5.000.,2026-07-01,0.10858267,0,LOW_PREDICTIVE_SIGNAL
618568,618568,4/6L Southern Ayodhya Bypass from Km 5.000 to Km 37.172 starting near Km. 112.540 and ending at Km. 153.281 of NH-27,2026-07-01,0.19740538,0,LOW_PREDICTIVE_SIGNAL
618569,618569,,2026-06-01,0.80773854,1,HIGH_PREDICTIVE_SIGNAL
618570,618570,,2026-05-01,0.08326101,0,LOW_PREDICTIVE_SIGNAL
618571,618571,Permanent rectification of 3 nos. of black spots in project Highway NH-27 of U.P border - Dewapur - Kotwa section from Km.360.915 to km.440.000 Total Length of 79.085 Km of NH-27& Permanent rectification of 5 nos. of black spots of project Highway NH-27 of Kotwa - Mehsi - Muzaffarpur Section from km.440.000 to km.520.000 Total length 80.00Km,2026-07-01,0.37513238,0,WATCH
618572,618572,Binnaguri Bypass-Descoped portion of Ghoshpukur-Dhupguri Section of NH-31Dpkg-1,2026-07-01,0.28074172,0,LOW_PREDICTIVE_SIGNAL
618574,618574,Balance Works of 4L of NH-31D from Km. 113.200 to Km. 154.854 Package-II A Ghoshpukur-Salsalabari Section,2026-07-01,0.4288243,0,WATCH
618575,618575,,2026-02-01,0.10260644,0,LOW_PREDICTIVE_SIGNAL
618576,618576,,2026-05-01,0.25992796,0,LOW_PREDICTIVE_SIGNAL
618577,618577,,2026-06-01,0.15274514,0,LOW_PREDICTIVE_SIGNAL
618578,618578,,2026-05-01,0.29196647,0,LOW_PREDICTIVE_SIGNAL
618579,618579,6L of Anandapuram Pendurthi Anakapalli Section from km. 681.000 to km. 731.780 of NH-16,2026-07-01,0.08030248,0,LOW_PREDICTIVE_SIGNAL
618580,618580,Gohana - Sonipat PKG-2,2026-07-01,0.15676634,0,LOW_PREDICTIVE_SIGNAL
618581,618581,Hosur to Dhamrapuri Pkg-1 [Neraluru - Thorapalli Agraharam],2026-07-01,0.37295964,0,WATCH
618582,618582,,2026-05-01,0.13159071,0,LOW_PREDICTIVE_SIGNAL
618583,618583,,2026-05-01,0.13159071,0,LOW_PREDICTIVE_SIGNAL
618584,618584,4L of Kishanganj - Bahadurganj section from Km. 0.000 to Km. 23.649 & interchange at Start Point Length - 1.200 Km of NH-27,2026-07-01,0.20853688,0,LOW_PREDICTIVE_SIGNAL
618585,618585,6L of Gonde Km. 439.038 to Pimpri Sado Km. 459.905 section of NH-848 Old NH-3,2026-07-01,0.32350394,0,WATCH
618586,618586,Improvement and strengthening of existing 2 lane stretch to 2-Lane with PS 1.5m on both sides on Ghoti-Sinnar section of NH-160A using Thin White Topping 200mm thick in the State Of Maharashtra on EPC Mode,2026-07-01,0.14999022,0,LOW_PREDICTIVE_SIGNAL
618588,618588,4L Mitigation Measure structures on CH/MH Border to Wainganga Bridge Section of NH-6 New NH-53,2026-07-01,0.048146646,0,LOW_PREDICTIVE_SIGNAL
618589,618589,Durg-Raipur Bypass Section Package - 1 from km. 0.00 to km. 44.50 near Tendesara to near Khatti Village,2026-07-01,0.07932717,0,LOW_PREDICTIVE_SIGNAL
618590,618590,Durg-Raipur-Arang Package - 2 from km. 44.50 to km. 92.23 near Khatti Village to near Aurang,2026-07-01,0.088838816,0,LOW_PREDICTIVE_SIGNAL
618591,618591,"Construction of 6-lane flyover at Ainthapali junction and a 2-lane ROB LHS on NH-53 Earlier NH-6 in Sambalpur, on EPC mode in Odisha under NHO",2026-07-01,0.25919217,0,LOW_PREDICTIVE_SIGNAL
618592,618592,"Balance work of 8 nos. of Elephant Underpasses EUPs, 1 no. of Vehicular Underpass VUP, 1 nos. of Light Vehicular Underpass LVUP, 1 nos. of Pedestrian Underpass PUP, 1 nos. of Foot Over Bridge FOB and A2 side approach of Jharpokharia Flyover at Km.215.270 in Baharagora-Singhara section of NH-49",2026-07-01,0.22288465,0,LOW_PREDICTIVE_SIGNAL
618593,618593,Balance work of Rehabilitation and Upgradation to four laning of Baharagora Singhara section of NH-49 from Km.229.727 to Km.238.990 Length 9.263 Km. including construction of five nos. of Elephant Underpasses EUP and fourteen nos. of Animal Underpasses AUP inside the buffer zone of Similipal Tiger Reserve Area in Bangriposi Ghat section in the State of Odisha on EPC Mode,2026-07-01,0.28145495,0,LOW_PREDICTIVE_SIGNAL
618594,618594,Balance work of 4L Panvel to Indapur section of NH-66 Old NH- 17 from km 0.000 Panvel to km 42.300 Kasu,2026-07-01,0.35361084,0,WATCH
618595,618595,6L of Chengala - Neeleshwaram from km. 56.200 to km. 93.468,2026-07-01,0.14570965,0,LOW_PREDICTIVE_SIGNAL
618596,618596,6L of Taliparamba to Muzhappilangad from Km 134.650 to Km 170.6 of NH-66,2026-07-01,0.18890485,0,LOW_PREDICTIVE_SIGNAL
618597,618597,6L of Azhiyur-Vengalam from km. 189.200 to km. 230.400 of NH-66,2026-07-01,0.32361633,0,WATCH
618598,618598,6L Minor Bridge Paloli Palam at km. 203.160 & Major Bridge Morad at km. 204.895 and allied works,2026-07-01,0.11335372,0,LOW_PREDICTIVE_SIGNAL
618599,618599,6L of Ramanatukkara Junction to start of Valanchery bypass section of NH-66,2026-07-01,0.068380125,0,LOW_PREDICTIVE_SIGNAL
618600,618600,6L of Valanchery bypass to Kappirikkad of NH 66 from km. 298500 to km 335850,2026-07-01,0.010336754,0,LOW_PREDICTIVE_SIGNAL
618601,618601,6L of Kappirikkad to Thalikulam section from km 335.85 to km 369.015 of NH - 66 old NH-17,2026-07-01,0.07484042,0,LOW_PREDICTIVE_SIGNAL
618602,618602,6L of Thalikulam to Kodugallur section from km 369.015 to km 397.850 of NH - 66 old NH-17,2026-07-01,0.0726721,0,LOW_PREDICTIVE_SIGNAL
618603,618603,6L of Kodugallur to Edapppally section from km 397.750 to km 423.780 of NH - 66 old NH-17,2026-07-01,0.15487637,0,LOW_PREDICTIVE_SIGNAL
618604,618604,Aroor-Thuravoor Thekku,2026-07-01,0.085258596,0,LOW_PREDICTIVE_SIGNAL
618605,618605,Thuravoor Thekku-Paravoor,2026-07-01,0.28200656,0,LOW_PREDICTIVE_SIGNAL
618606,618606,Paravoor-Kottankulangara,2026-07-01,0.21140657,0,LOW_PREDICTIVE_SIGNAL
618607,618607,Kottankulangara- Start of Kollam Bypass,2026-07-01,0.44916803,0,WATCH
618608,618608,4L of left-over works including additional structures from Kerala/Tamil Nadu border to Kanyakumari Section from Km 43.0 to Km 96.174 of NH66,2026-07-01,0.15077813,0,LOW_PREDICTIVE_SIGNAL
618609,618609,Construction of 4L Flyover from MES College Junction to Bogmalo Junction on NH-566 from Km. 7.106 to Km. 10.460 and 4L VUP at Queeny Nagar Junction from Km. 3.330 to Km. 4.550,2026-07-01,0.31287023,0,WATCH
618610,618610,6L of Jodhpur Romana Bathinda - Mandi Dabwali Punjab Haryana Border section of NH-54 from km. 0.000 to km. 27.400 of NH-54,2026-07-01,0.24771316,0,LOW_PREDICTIVE_SIGNAL
618611,618611,Sangariya near Chautala-Rasisar near Bikaner section of NH-754K Phase-I AJ/SR-Package-7,2026-07-01,0.08199813,0,LOW_PREDICTIVE_SIGNAL
618612,618612,Deogarh near Dhandhaniya-Rajasthan/Gujarat Border Phase-I AJ/DRGB-Package-6,2026-07-01,0.040482167,0,LOW_PREDICTIVE_SIGNAL
618613,618613,Deogarh near Dhandhaniya-Rajasthan/Gujarat Border Phase-I AJ/DRGB-Package-7,2026-07-01,0.08344318,0,LOW_PREDICTIVE_SIGNAL
618614,618614,,2026-05-01,0.23049927,0,LOW_PREDICTIVE_SIGNAL
618615,618615,Sanchore - Santalpur from km 99.000 - km 130.073 of NH-754K AJ-RGBS-Package-4,2026-07-01,0.11149873,0,LOW_PREDICTIVE_SIGNAL
618616,618616,4L of Dhrol bypass section of NH-151A Approx. length 5.7 Km & widening upto 4 laning of missing link of Amran section of NH-151A Approx. length 6.55 Km from existing Ch. 42000 to 48500 of ongoing Dhrol-Bhadra-Pipaliya section of NH-151A,2026-07-01,0.21336098,0,LOW_PREDICTIVE_SIGNAL
618617,618617,6L Amritsar-Bathinda Greenfield section from village Tiba on NE-5A to Jn. with Moga Jalandhar road NH-703 near Dharamkot from km 0.000 to km 39.000 of NH-754A Pkg-1,2026-07-01,0.256776,0,LOW_PREDICTIVE_SIGNAL
618618,618618,6L Amritsar-Bathinda Greenfield section from Jn. with Bhagta Bhai Ka-Bhadaur Road near Dyalpura Bhai Ka to Jn. with Mandi Dabwali Bathinda Road on NH-54 near Sangat Kalan from km 93.000 to km 154.866 of NH-754A Pkg-3,2026-07-01,0.28544813,0,LOW_PREDICTIVE_SIGNAL
618619,618619,Bypass on Western side of Gwalior City,2026-07-01,0.11163108,0,LOW_PREDICTIVE_SIGNAL
618620,618620,"Additional works 2VUPs, MR-10 junction flyover and underpass in Six lane Indore-Dewas section of NH-52 in the state of Madhya Pradesh on EPC Mode",2026-07-01,0.37489986,0,WATCH
618621,618621,Indore - Edlabad Pkg-II [Tejajinagar to Balwara],2026-07-01,0.15412138,0,LOW_PREDICTIVE_SIGNAL
618622,618622,4L of Indore - Boregaon Pkg-III [Balwara to Dhangaon] from km. 42.260 to km. 82.660 of NH347BG & 753L,2026-07-01,0.19332096,0,LOW_PREDICTIVE_SIGNAL
618623,618623,4L Boregaon Buzurg to Shahpur Pkg I of Boregaon Buzurg to Muktainagar of NH 753L,2026-07-01,0.043447353,0,LOW_PREDICTIVE_SIGNAL
618624,618624,,2026-05-01,0.3507271,0,WATCH
618625,618625,,2026-05-01,0.09702595,0,LOW_PREDICTIVE_SIGNAL
618626,618626,Four laning from Dive Ghat Km. 220.900 to Hadapsar Km. 234.150 of Mohol Alandi section Pkg VI of NH-965,2026-07-01,0.2770988,0,LOW_PREDICTIVE_SIGNAL
618627,618627,Construction of 7 Nos of Standalone safety structures/works at different locations on various NHs,2026-07-01,0.13154972,0,LOW_PREDICTIVE_SIGNAL
618628,618628,Strengthening of Existing Alignment of Pandharpur Town Part Bypassed Section of NH 965 from KM 36.230 to KM 44.230 from Chh. Shivaji Maharaj Chowk to Wakhari,2026-07-01,0.07157214,0,LOW_PREDICTIVE_SIGNAL
618629,618629,Nandigama Bypass and Kanchikacherla bypass,2026-07-01,0.16097909,0,LOW_PREDICTIVE_SIGNAL
618630,618630,6L of MH/KN Border Nimbal Village to KN/TS Border Singnodi Village from Km. 26.000 to Km. 97.000 in Gulbarga of NH-150C Pkg-II,2026-07-01,0.03845807,0,LOW_PREDICTIVE_SIGNAL
618631,618631,6L of MH/KN Border Nimbal Village to KN/TS Border Singnodi Village from Km. 162.5 to Km. 203.100 in Raichur of NH-150C Pkg-IV,2026-07-01,0.07875744,0,LOW_PREDICTIVE_SIGNAL
618632,618632,6L Access Controlled Greenfield Highway of Nandinne village to Julekal village from Km 202.900 to Km 242.200 Pkg-1,2026-07-01,0.1459886,0,LOW_PREDICTIVE_SIGNAL
618633,618633,4L of Kadapa China Orampadu section of NH-716 Package I of Kadapa-Renigunta section,2026-07-01,0.0599249,0,LOW_PREDICTIVE_SIGNAL
618634,618634,6L of Veera Kaveri Raja Puram to Pondavakkam from km 61.380 to km 96.040 of NH 716B Pkg-III,2026-07-01,0.15644924,0,LOW_PREDICTIVE_SIGNAL
618635,618635,6L of Pondavakkam to Kannigaipair from km 96.040 to km 116.100 of NH 716B Pkg-IV,2026-07-01,0.51531434,1,ELEVATED
618636,618636,Akkalkot MH/KN border New Greenfield corridor from Km 512.000 to Km 548.400 of NH-150C part of Akkalkot KN/TS Border section Package XIV,2026-07-01,0.387023,0,WATCH
618637,618637,Bal. Works of Fagne Km. 510.000 to Maharashtra/Gujarat Border Km. 650.794,2026-07-01,0.3680842,0,WATCH
618638,618638,,2026-05-01,0.29510164,0,LOW_PREDICTIVE_SIGNAL
618639,618639,4L of Bilaspur to Urga km 0.00 to 70.2 of NH-130A,2026-07-01,0.13994288,0,LOW_PREDICTIVE_SIGNAL
618640,618640,4L of Urga - Pathalgaon from Km. 70.200 to km. 157.745 of NH-130A,2026-07-01,0.102780476,0,LOW_PREDICTIVE_SIGNAL
618641,618641,4 Lane of CG/JH Border-Gumla from km 0.000 to km 32.370 of NH-43 in the State of Jhrkhand,2026-07-01,0.19821386,0,LOW_PREDICTIVE_SIGNAL
618642,618642,4L of Palma to Gumla from km. 26.00 to km. 89.170 of NH-23,2026-07-01,0.21500386,0,LOW_PREDICTIVE_SIGNAL
618644,618644,4L of Ormanjhi-Gola section from Km 81.450 to Km 53.600 of NH- 320BPKG-II,2026-07-01,0.27499413,0,LOW_PREDICTIVE_SIGNAL
618645,618645,4L of Gola-BokaroJaina More section from Km 53.600 to Km 21.110 of NH-320PKG-1,2026-07-01,0.52941227,1,ELEVATED
618646,618646,4L of Pathalgaon-Kunkuri-CG/JH Border section of NH-43 from Km. 00.000 to Km.104.250,2026-07-01,0.029939342,0,LOW_PREDICTIVE_SIGNAL
618647,618647,6L Access Controlled Ludhiana-Bathinda Greenfield highway from Jn. with Amritsar-Bathanda Greenfield Road NH-754A near Rampura Phul to Jn. with Moga-Barnala Road NH-703 near village Tallewal from Km 0.0 to Km 30.3 of NH-754AD Pkg-1,2026-07-01,0.3288193,0,WATCH
618648,618648,"Development of 6-lane Greenfield Southern Ludhiana Bypass from intersection with NH-44 near Village Rajgarh to intersection with Delhi Katra Expressway NE-5 near Village Ballowal, km 0000 to km 25240",2026-07-01,0.049737547,0,LOW_PREDICTIVE_SIGNAL
618649,618649,4 Lane with PS from Des. Ch 228.500 to Des. Ch. 273.400 of Belgaum-Hungund-Raichur Section of NH 748 A Package-6,2026-07-01,0.3206675,0,WATCH
618650,618650,4 Lane with PS from Des. Ch 89.900 to Des. Ch. 136.100 of Belgaum-Hungund-Raichur Section of NH-748A Package-3,2026-07-01,0.20123178,0,LOW_PREDICTIVE_SIGNAL
618651,618651,4 Lane with PS from Des. Ch 43.800 to Des. Ch. 89.900 of Belgaum-Hungund-Raichur Section of NH-748A Package-2,2026-07-01,0.19561383,0,LOW_PREDICTIVE_SIGNAL
618652,618652,,2026-05-01,0.13159071,0,LOW_PREDICTIVE_SIGNAL
618653,618653,Loha-Waranga Section of NH-361 from km 187.800 to km 244.369,2026-07-01,0.11614056,0,LOW_PREDICTIVE_SIGNAL
618654,618654,4L Greenfield Rudhi to Deshgaon Pkg V of Betul-Khandwa/Deshgaon,2026-07-01,0.67107284,1,ELEVATED
618655,618655,2L PS of Roshni to Ashapur Section of NH-347B from Design KM Ch. 89.900 to 114.000 KM Package III of Betul Khandwa,2026-07-01,0.03354132,0,LOW_PREDICTIVE_SIGNAL
618661,618661,4L from km 0.000 to 42.040 Bhopal Ratnaigiri Tiraha to Vidisha Morikodi,2026-07-01,0.25515446,0,LOW_PREDICTIVE_SIGNAL
618662,618662,4L Vidisha Gyaraspur section of NH-146 from Design Chainage km 59475 existing chainage km 81240 to Design Chainage km 88361 existing chainage km 110.315,2026-07-01,0.055880785,0,LOW_PREDICTIVE_SIGNAL
618663,618663,i 4L Vidisha to Hinotiya from km 0.000 to Km 27.000 Vidisha Mehulwa-Talbehat Pkg-I Section of NH- 346 and ii 4L Vidisha to Morikori from Km 39.000 to 59.476 section of NH-146,2026-07-01,0.038730275,0,LOW_PREDICTIVE_SIGNAL
618664,618664,Berkhedi to Godpehra on NH-44 Sagar link road,2026-07-01,0.08077977,0,LOW_PREDICTIVE_SIGNAL
618665,618665,,2026-05-01,0.100082144,0,LOW_PREDICTIVE_SIGNAL
618666,618666,4- Laning of Mohari to Satai Ghat section NH-934 from Km 50300 to Km 89875 Total length 39.575 km Package-2 in the State of Madhya Pradesh on EPC Mode,2026-07-01,0.057834364,0,LOW_PREDICTIVE_SIGNAL
618667,618667,4L of near Satai Ghat to Chowka section of NH-34 from D. Ch. 89.875 to D. Ch. 145.000 Package-3,2026-07-01,0.23474303,0,LOW_PREDICTIVE_SIGNAL
618668,618668,4L of Chowka to Kaimaha near MP/UP Border section NH-34 from D. Ch. 145.000 to D. Ch. 197.266 excluding existing Chhatarpur bypass from D. Ch. 160.307 to D. Ch. 168.630 Package-4,2026-07-01,0.120805144,0,LOW_PREDICTIVE_SIGNAL
618669,618669,4 -Laning of MP/UP Border to Kabarai section of NH-34&35 from km 197.000 to km 242.991 Length 45.991 Km Sagar-Kabrai Package-5 under Bharat Mala Pariyojana EC in MP & UP on HAM,2026-07-01,0.21770394,0,LOW_PREDICTIVE_SIGNAL
618671,618671,4-lanning of Rahatgarh to Berkhedi section of NH-146 from Design Ch 124470 to Ch. 134.549,2026-07-01,0.075366385,0,LOW_PREDICTIVE_SIGNAL
618672,618672,4-lanning of Gyaraspur to Rahatgarh section of NH-146 from Design Ch. 88361 to Ch 124470 in the state of MP on HAM mode,2026-07-01,0.13330008,0,LOW_PREDICTIVE_SIGNAL
618673,618673,Development of 6L of Jhanki Sargi Section Road from km 0.000 to km 42.800 of NH-130CD Pkg-CG-1,2026-07-01,0.07809433,0,LOW_PREDICTIVE_SIGNAL
618674,618674,Development of 6L Sargi Basanwahi Section from km 42.800 to km 99.500 of NH-130CD Pkg-CG-2,2026-07-01,0.014595522,0,LOW_PREDICTIVE_SIGNAL
618675,618675,Development of 6L of Basanwahi Marangpuri Section from km 99.500 to km 124.661 of NH-130-CD,2026-07-01,0.33400548,0,WATCH
618676,618676,,2026-05-01,0.08326101,0,LOW_PREDICTIVE_SIGNAL
618677,618677,6L Greenfield Kaliagura Baunsaguar Section of NH-130-CD Road from km 249000 to km 293000 Package OD-5,2026-07-01,0.04646968,0,LOW_PREDICTIVE_SIGNAL
618678,618678,6L Greenfield Baunsaguar - Baraja Section of NH-130-CD Road from km 293000 to km 338500 Package OD-6,2026-07-01,0.07479459,0,LOW_PREDICTIVE_SIGNAL
618680,618680,6L Greenfield Kandili - Aluru Section of NH-130-CD Road from km 342500 to km 365033 Package-OD-8,2026-07-01,0.041973587,0,LOW_PREDICTIVE_SIGNAL
618681,618681,6L Aluru - Jakkuva Section of NH-130CD Road from km 365.033 to km 396.800 Pkg. 1,2026-07-01,0.02830152,0,LOW_PREDICTIVE_SIGNAL
618682,618682,6L Korlam-Kantakapalle Section of NH-130CD Road from Km 421.100 to Km 445.100 Pkg-3,2026-07-01,0.16226561,0,LOW_PREDICTIVE_SIGNAL
618684,618684,Outer Ring Road of Jabalpur Town from Manegaon to NH-45 Pkg-2,2026-07-01,0.18183412,0,LOW_PREDICTIVE_SIGNAL
618685,618685,Outer Ring Road of Jabalpur Town from NH45 to Kushner Pkg-3,2026-07-01,0.5050274,1,ELEVATED
618686,618686,Outer Ring Road of Jabalpur Town from Kushner to Amjhar Road including Airport Connectivity Pkg-IV,2026-07-01,0.39947936,0,WATCH
618687,618687,Outer Ring Road of Jabalpur Town from Barela to Manegaon Pkg-1,2026-07-01,0.23792091,0,LOW_PREDICTIVE_SIGNAL
618688,618688,Outer Ring Road of Jabalpur Town from Amjhar Road including Airport Connectivity to barela Pkg-V,2026-07-01,0.1358109,0,LOW_PREDICTIVE_SIGNAL
618689,618689,,2026-02-01,0.13980417,0,LOW_PREDICTIVE_SIGNAL
618690,618690,"4 lanning of Aligarh Palwal section from km 0.00 to km 46.39 package -1 from khereshwar junction-kurana of NH33D , including khair & jattari bypass in the state of UP on HAM mode",2026-07-01,0.41349423,0,WATCH
618691,618691,4 laning of Aligarh-Palwal Section from Km. 46.390 Design Chainage to Km. 69.110 Terminating at junction EPE Package-II from Kurana- Eastern Peripheral Expressway of NH-334D,2026-07-01,0.22154135,0,LOW_PREDICTIVE_SIGNAL
618692,618692,,2026-06-01,0.15274514,0,LOW_PREDICTIVE_SIGNAL
618693,618693,Bodhre - Dhule,2026-07-01,0.18185563,0,LOW_PREDICTIVE_SIGNAL
618694,618694,Indore - Harda Pkg-I [Indore to Raghav Garh from km. 0.25 to km. 26.903],2026-07-01,0.05910807,0,LOW_PREDICTIVE_SIGNAL
618695,618695,,2026-05-01,0.3914277,0,WATCH
618696,618696,,2026-02-01,0.1002407,0,LOW_PREDICTIVE_SIGNAL
618697,618697,4LPS Access Controlled Highway of Bellary Bypass Balance work from Ch. 254750 to Ch. 266837 and construction of 4LPS from Ch. 277.690 to Ch. 278.690 at D. Hirehal Village Balance work of NH 150A of Bellary Byrapura Section,2026-07-01,0.3463119,0,WATCH
618698,618698,,2026-05-01,0.17445257,0,LOW_PREDICTIVE_SIGNAL
618699,618699,,2026-05-01,0.13159071,0,LOW_PREDICTIVE_SIGNAL
618700,618700,Renigunta - Poyya - Naidupeta km 124.60 to km 183.4 of NH 71,2026-07-01,0.2526477,0,LOW_PREDICTIVE_SIGNAL
618701,618701,,2026-05-01,0.7164633,1,HIGH_PREDICTIVE_SIGNAL
618702,618702,4L of Addahole Near Gundya to Bantwal Cross section Pkg-02 from Design Km 270.270 to Design km 318.55 including flyover at Kalladka Town including approaches from Km. 311.57 to Km. 313.67 of NH-75 Old NH-48,2026-07-01,0.18366767,0,LOW_PREDICTIVE_SIGNAL
618704,618704,6L Flyover including RE Wall approaches with Flexible Pavement in the Elephant Corridor of Angul Sambalpur Section of NH-42 New NH-55 Km.202.533,2026-07-01,0.06235726,0,LOW_PREDICTIVE_SIGNAL
618705,618705,"4L Godibandha to Ballhar Chhak, Ballhar Chhak to Banarpal & Banarpal to Start of Angul bypass at Km.314.130 to Km.321.035 of NH53, at Km.75.200 to Km.84.000 of NH149 & at Km.84.000 to Km.86.100 of NH55",2026-07-01,0.27066544,0,LOW_PREDICTIVE_SIGNAL
618706,618706,Bangalore-Nidagatta Pkg. I,2026-07-01,0.0642507,0,LOW_PREDICTIVE_SIGNAL
618707,618707,Additional works under BM1 to ensure road safety under 6L of Bengaluru Mysuru Access control with close toll from Km.17.300 to Km.136.300 of NH-275,2026-07-01,0.08873298,0,LOW_PREDICTIVE_SIGNAL
618708,618708,Widening/Development of Existing NH-85 from Km 0.000 to Km 124.636 section to 2L/LPS section in the state of Kerala on EPC Mode under Bharatmala Pariyojana,2026-07-01,0.11157435,0,LOW_PREDICTIVE_SIGNAL
618709,618709,4L of Left-Over Works of Hospet-Bellary -Karnataka/AP border from Km.280.080 Dec.Ch. to Km.375450Des.Ch. of NH-63 New-67,2026-07-01,0.057005294,0,LOW_PREDICTIVE_SIGNAL
618710,618710,DL/UP Border - EPE Crossing Pkg-02,2026-07-01,0.040386077,0,LOW_PREDICTIVE_SIGNAL
618711,618711,6L with access control provision Saharanpur bypass to Ganeshpur section from 13.89 Km to 41.820 Km of Delhi- Dehradun Economic Corridor package-2,2026-07-01,0.09545259,0,LOW_PREDICTIVE_SIGNAL
618712,618712,6L Access Controlled Greenfield Highway from Kodur Ch. 0000 to Vanavolu Ch. 24300 of [NH-544G] Package-1,2026-07-01,0.34681165,0,WATCH
618713,618713,6L Access Controlled Greenfield Highway from Yerragudipadu Ch. 129000 to Audireddipalle Ch. 160000 of [NH 544G] Package-6,2026-07-01,0.28457537,0,LOW_PREDICTIVE_SIGNAL
618714,618714,6L Access Controlled Greenfield Highway from Nallacheruvu palli Ch. 96300 to Yerragudipadu Ch. 129000 of [NH-544G] Package-5,2026-07-01,0.23810622,0,LOW_PREDICTIVE_SIGNAL
618715,618715,6L Access Controlled Greenfield Highway from Odulapalle Ch. 72000 to Nallacheruvu-palli Ch. 96300 of [NH-544G]Package-4,2026-07-01,0.5726187,1,ELEVATED
618716,618716,6L Access Controlled Greenfield Highway from Vankarakunta Ch. 45700 to Odulapalle Ch. 72000 of [NH-544G]Package-3,2026-07-01,0.06264175,0,LOW_PREDICTIVE_SIGNAL
618717,618717,6L Access Controlled Greenfield Highway from Vanavolu Ch. 24300 to Vankarakunta Ch. 45700 of [NH-544G] Package-2,2026-07-01,0.10897979,0,LOW_PREDICTIVE_SIGNAL
618718,618718,6L Access Controlled Greenfield Highway from Kavulakuntla Ch. 196000 to Narayanmpet Ch. 203500Package-09,2026-07-01,0.15229437,0,LOW_PREDICTIVE_SIGNAL
618719,618719,6L Access Controlled Greenfield Highway from Mallapalle Ch. 176000 to Kavulakuntla Ch. 196000 Package-08,2026-07-01,0.22871037,0,LOW_PREDICTIVE_SIGNAL
618720,618720,6L Access Controlled Greenfield Highway from Audireddipalle Ch. 160000 to Mallapalle Ch. 176000Package-07,2026-07-01,0.25338894,0,LOW_PREDICTIVE_SIGNAL
618721,618721,6L Access Controlled Greenfield Highway from Chandrasekharapuram Ch. 228000 to Polavaram Ch. 260000of [NH-544G] Package-11,2026-07-01,0.24042657,0,LOW_PREDICTIVE_SIGNAL
618722,618722,6L access Controlled Greenfield Highway from Gogwan Jalalpur Shamli to Ranipur Barsi Saharanpur of Shamli -Ambala section Package-I Design Ch. Form km 00.600 to km 45.500,2026-07-01,0.29122466,0,LOW_PREDICTIVE_SIGNAL
618723,618723,6L access Controlled Greenfield Highway from Ranipur Barsi to Adhoya Musalmana section of Shamli -Ambala Package-II Design Ch. Form km 45.500 to km 84.400,2026-07-01,0.18525928,0,LOW_PREDICTIVE_SIGNAL
618724,618724,6L Greenfield Varanasi-Ranchi-Kolkata Highway from Anarbansalea village to Sagrampur village From KM. 151200 to KM. 184700Package-7,2026-07-01,0.1898808,0,LOW_PREDICTIVE_SIGNAL
618725,618725,6L Greenfield Varanasi-Ranchi-Kolkata Highway from Pachmon village to Anarbansalea village From KM. 116000 to KM. 151200 Package-6,2026-07-01,0.11269495,0,LOW_PREDICTIVE_SIGNAL
618726,618726,6L Greenfield Varanasi-Ranchi-Kolkata Highway from junction with Chandauli-Chainpur Road near Khainti village to junction with Bhabhua-Adhaura road near Palka village from Km. 27.000 to Km. 54.000 Pkg-2,2026-07-01,0.13752216,0,LOW_PREDICTIVE_SIGNAL
618727,618727,6L Greenfield Varanasi-Ranchi-Kolkata Highway from junction with Bhabhua-Adhaura road in Bhairopur village to Konki village From KM. 54.000 to KM. 90.000Pkg-3,2026-07-01,0.1605053,0,LOW_PREDICTIVE_SIGNAL
618728,618728,6L Greenfield Varanasi-Ranchi-Kolkata Highway from junction with NH-19 & Varanasi Ring Road near Rewasa village to junction with Chandauli-Chainpur road near Khainti village from Km. 0.000 to Km. 27.000 - Pkg-1,2026-07-01,0.417313,0,WATCH
618729,618729,6 Lane Greenfield Varanasi- Ranchi- Kolkata Highway from Donoreshan village to junction with NH-20 in Bongabar village from km 288.600 to km 325.500 Pkg -11,2026-07-01,0.043238748,0,LOW_PREDICTIVE_SIGNAL
618730,618730,6 Lane Greenfield Varanasi- Ranchi- Kolkata Highway from Deoria village to Donoreshan village from km 253.000 to km 288.600 Pkg -10,2026-07-01,0.029025374,0,LOW_PREDICTIVE_SIGNAL
618731,618731,6 Lane Greenfield Varanasi- Ranchi- Kolkata Highway from Chatra to junction with NH- 100 in Deoria village from km 222.000 to km 253.000 Pkg -9,2026-07-01,0.035892516,0,LOW_PREDICTIVE_SIGNAL
618732,618732,6L Greenfield Varanasi- Ranchi- Kolkata Highway from Sonepurbigha village to junction with NH- 22 Chatra Bypass near Chatra from km 184.700 to km 222.000Pkg -8,2026-07-01,0.0788594,0,LOW_PREDICTIVE_SIGNAL
618733,618733,6L Greenfield Varanasi- Ranchi- Kolkata Highway from junction with NH-20 in Bongabar village to junction with NH-30 in Lepo village from km 325.500 to km 358.500 Pkg -12,2026-07-01,0.045484602,0,LOW_PREDICTIVE_SIGNAL
618734,618734,6L Greenfield Varanasi- Ranchi- Kolkata Highway from junction with NH-320 in Lepo village to Kamlapur villageJH/WB border from km 358.500 to km 387.200 Pkg -13,2026-07-01,0.16162777,0,LOW_PREDICTIVE_SIGNAL
618735,618735,4L of Chandesara to Khedakhajuriya from Km. 0.000 to - 750 & Km 0.000 to km 41.400 of NH-148NG Pkg-I,2026-07-01,0.10509121,0,LOW_PREDICTIVE_SIGNAL
618736,618736,4L Elevated corridor of Kalimandir-Dimna Chowk-Baliguma Jamshedpur Section of NH-33 New NH-18 from km 241940 to km 251961 Length 10.021 km,2026-07-01,0.30216393,0,WATCH
618737,618737,Grade separated Interchanges at Km. 113.730 junction with Ranchi Hazaribagh Road & Km. 139.225 junction with Ranchi Jamshedpur road on 4L Ranchi Bypass of NH-33,2026-07-01,0.013980449,0,LOW_PREDICTIVE_SIGNAL
618738,618738,6L Bridge and its approaches across River Ganga as Part of Patna Ring Road NH-131G starting from Km 8.480 near Sherpur to Km 23.000 near Dighwara,2026-07-01,0.50270003,1,ELEVATED
618739,618739,4L Greenfield Alignment of Amas to Shivrampur from 0.000 Km. to 55.002 Km. of NH 119 D Pkg-I,2026-07-01,0.23113945,0,LOW_PREDICTIVE_SIGNAL
618740,618740,4L Greenfield Alignment of Shivrampur to Ramnagar from Km. 55.002 to Km. 109.300 of NH 119 D Pkg-II,2026-07-01,0.1483344,0,LOW_PREDICTIVE_SIGNAL
618741,618741,4L Greenfield Alignment from Kalyanapur to Tal Dashraha of NH-119D Pkg-III,2026-07-01,0.23564883,0,LOW_PREDICTIVE_SIGNAL
618742,618742,"Construction of 6-lane Greenfield corridor from Ramnagar to Kacchi Dargah NH-119D from Km 109700 to Km 122300, including widening of the existing NH-31 from Km 196700 to Km 198600, as part of the Amas-Darbhanga.",2026-07-01,0.18775477,0,LOW_PREDICTIVE_SIGNAL
618743,618743,,2026-05-01,0.13159071,0,LOW_PREDICTIVE_SIGNAL
618744,618744,4L of Thirumangalam to Vadugapatti section from km 0.000 to km 36.000 of NH-744,2026-07-01,0.13546528,0,LOW_PREDICTIVE_SIGNAL
618745,618745,,2026-05-01,0.12980571,0,LOW_PREDICTIVE_SIGNAL
618746,618746,Khammam-Devarapalle Pkg I [4L Access Controlled Greenfield from Thallampadu village to Somavaram village Design Chainage 0000 to 33604],2026-07-01,0.064633496,0,LOW_PREDICTIVE_SIGNAL
618747,618747,Khammam-Devarapalle Pkg III [4L Access Controlled Greenfield from Chintagudem village to Recherla village Design Chainage 63117 to 105236],2026-07-01,0.11186,0,LOW_PREDICTIVE_SIGNAL
618748,618748,,2026-05-01,0.13159071,0,LOW_PREDICTIVE_SIGNAL
618749,618749,,2026-06-01,0.16762769,0,LOW_PREDICTIVE_SIGNAL
618751,618751,2L PS of Hinotiya-Mehulwa section of NH-346 from Km. 27.000 to Km 75.700 Vidisha Mehulwa-Talbehat Pkg-II Section of NH- 346,2026-07-01,0.629633,1,ELEVATED
618754,618754,Upgradation of 2L/4L with Paved Shoulder of Shirwal-Lonand Section from KM 159900 To KM 188025 of NH-965DD Section I and 2L With Paved Shoulder of Lonand-Satara Section from KM 51500 To KM 96246 Of NH-965D Section II in Satara District in the State of Maharashtra on EPC Mode under NHO-,2026-07-01,0.08742998,0,LOW_PREDICTIVE_SIGNAL
618755,618755,,2026-05-01,0.05264135,0,LOW_PREDICTIVE_SIGNAL
618756,618756,Melur - Pilayarpatti - Karaikudi from km 99.920 of NH 38 to km 12.9 of NH 383 Ext.,2026-07-01,0.035589926,0,LOW_PREDICTIVE_SIGNAL
618757,618757,6L access controlled Highway from Km 40080 to Km 86513 Mator to Barodameo Section,2026-07-01,0.37374514,0,WATCH
618758,618758,6L accesscontrolled highway from km 0000 to km 40080 Paniyala to Mator Section of Paniyala-Barodameo ICR,2026-07-01,0.08221452,0,LOW_PREDICTIVE_SIGNAL
618759,618759,4L PS Mydukur - Badvel from Km 585.820 to Km 630.960 of NH-67,2026-07-01,0.20133469,0,LOW_PREDICTIVE_SIGNAL
618760,618760,,2026-05-01,0.30566996,0,WATCH
618761,618761,4L Spur of Meerut-Garh-Mukteshwar section connecting NH-119 and NH-58 bypassing Meerut Town of NH 709 A,2026-07-01,0.09683923,0,LOW_PREDICTIVE_SIGNAL
618762,618762,Itarsi Km. 63.000 to Betul Km. 137.000 of NH-69 in Madhya Pradesh,2026-07-01,0.11553124,0,LOW_PREDICTIVE_SIGNAL
618764,618764,Moga - Bagha Purana - Bajakhana from km. 0.00 to km. 43.32,2026-07-01,0.35627484,0,WATCH
618765,618765,4L of Karimnagar-Warangal section from km 49.500 to km 117.820 of NH-563,2026-07-01,0.10562134,0,LOW_PREDICTIVE_SIGNAL
618766,618766,Up-gradation to Four Lane with Paved Shoulder configuration of the highway starting from existing km 88.400 Savali Vihir to km 163.400 start of Ahmednagar bypass Design Length 75.000 km section of NH-160 in the State of Maharashtra under Bharatmala Pariyojana on EPC Mode,2026-07-01,0.18678534,0,LOW_PREDICTIVE_SIGNAL
618768,618768,Four laning of Agra-Aligarh Section from Km. 0.000 Junction of NH-34 Aligarh Km 144.60 to Km. 28.000 near Asroi village in Hathras of NH-509 Package-I,2026-07-01,0.26419765,0,LOW_PREDICTIVE_SIGNAL
618769,618769,Walajahpet/Ranipet to TN/AP Border Section of from Km.106.800 to Km.133.36 NH-4,2026-07-01,0.1861966,0,LOW_PREDICTIVE_SIGNAL
618770,618770,,2026-05-01,0.6305838,1,ELEVATED
618771,618771,,2026-05-01,0.2513124,0,LOW_PREDICTIVE_SIGNAL
618772,618772,6L of Kumarajapet to Veera Kaveri Raja Puram from km 43.800 to km 61.380 of NH-716B Pkg-II,2026-07-01,0.016730797,0,LOW_PREDICTIVE_SIGNAL
618773,618773,,2026-05-01,0.13159071,0,LOW_PREDICTIVE_SIGNAL
618774,618774,,2026-05-01,0.13159071,0,LOW_PREDICTIVE_SIGNAL
618775,618775,Ara Bypass,2026-07-01,0.3943,0,WATCH
618776,618776,4L of Greenfield section from Sirhind to Mohali,2026-07-01,0.12457726,0,LOW_PREDICTIVE_SIGNAL
618777,618777,4L of Pileru to Kalur Section from Km 55.900 to Km 92.800 & Km 94.500 to Km 95.717 of NH-71Package-II,2026-07-01,0.36550352,0,WATCH
618778,618778,4L of Madanapalle to Pileru Section from Km 0.000 to Km 55.900 of NH-71Package-I,2026-07-01,0.15713342,0,LOW_PREDICTIVE_SIGNAL
618779,618779,,2026-05-01,0.26765624,0,LOW_PREDICTIVE_SIGNAL
618782,618782,4L of Bareilly-Pilibhit-Sitarganj from Km. 0.000 to Km. 32.500 of NH-30 Pkg-1,2026-07-01,0.20941538,0,LOW_PREDICTIVE_SIGNAL
618783,618783,4-laning of Pilibhit - Sitarganj from Km. 32.500 to Km. 70.800 Pkg-2 of NH-30,2026-07-01,0.27626315,0,LOW_PREDICTIVE_SIGNAL
618784,618784,Balance works of 4 lane divided carriageway of Missing Link section of NH-39 Rewa Bypass from junction with NH 30 near Bela to Junction with MPRDC ring road near Silpara on SH 9 design length 13.100 km on EPC Mode under Bharatmala Pariyojana in the State of Madhya Pradesh,2026-07-01,0.49736595,0,WATCH
618785,618785,4/6L Greenfield LudhianaRupnagar highway from Jn. with NE-5 village near to ManewalLudhiana to Jn. with NH-205 near Bheora Village Rupnagar from Km 66.0 to Km 91.0 i/c spur to Kharar from Km 0.0 to Km 19.5 with Ludhiana bypass of NH-205K Pkg-3,2026-07-01,0.23288055,0,LOW_PREDICTIVE_SIGNAL
618786,618786,4L of Phagwara - Hoshiarpur,2026-07-01,0.24147712,0,LOW_PREDICTIVE_SIGNAL
618787,618787,"Upgradation to 4L PS from Bhimasar, Junction of NH-41 to Anjar- Bhuj upto Airport Junction from Km 0.000 to Km 65.478 of NH-341",2026-07-01,0.10981354,0,LOW_PREDICTIVE_SIGNAL
618788,618788,4L Greenfield Jalbhera Shahbad section from km. 0.000 to km. 22.850 of NH-152G,2026-07-01,0.23256679,0,LOW_PREDICTIVE_SIGNAL
618789,618789,,2026-02-01,0.17097029,0,LOW_PREDICTIVE_SIGNAL
618790,618790,Construction of four laning of Bakarpur- Manikpur road section starting from village Chitarsenpur km 0000 and terminating at SH-74 near Manikpur 38814 at NH-139W under Bharatmalapariyona,2026-07-01,0.21574333,0,LOW_PREDICTIVE_SIGNAL
618791,618791,4L PS under NH configuration of Manikpur-Sahebganj of NH-139W,2026-07-01,0.18119559,0,LOW_PREDICTIVE_SIGNAL
618792,618792,4L Bhiwani-Hansi road section of NH-148B,2026-07-01,0.09584674,0,LOW_PREDICTIVE_SIGNAL
618793,618793,4L of Fazilka to Abohar section of NH-07 including construction of Greenfield Abohar & Fazilka Bypasses,2026-07-01,0.07065261,0,LOW_PREDICTIVE_SIGNAL
618794,618794,Amritsarairport Junction - Ramdas from km. 100.835 to km. 139.813 Pkg - IV,2026-07-01,0.08531506,0,LOW_PREDICTIVE_SIGNAL
618795,618795,Amritsar Bypass Pkg III from km. 71.496 to km. 105.158,2026-07-01,0.214659,0,LOW_PREDICTIVE_SIGNAL
618796,618796,Tanot -Ramgarh-Bhadasar-Jaisalmer NH-68 and BhadasarMokal-Sarkaritala up to Pakisthan Border NH-968 Pkg-BM/5,2026-07-01,0.44022483,0,WATCH
618797,618797,"Widening Strengthening of 2-Lane with Paved Shoulder from MyajlarJaisalmer from Design Chainage 0000 to 98350 Section of NH-11 & SundraMyajlarAmbasingh ki Dhani Road from Design Chainage 46000 to 81601, part of MunabaoTanot Road Section of NH-70 along with Strengthening/Widening of Existing Connection of NH-70 & NH-11 of length 0.914 km in the State of Rajasthan under NHO on Hybrid Annuity Mode",2026-07-01,0.050166026,0,LOW_PREDICTIVE_SIGNAL
618798,618798,4L of Sonauli - Gorakhpur,2026-07-01,0.049065594,0,LOW_PREDICTIVE_SIGNAL
618799,618799,Belakeri Port to Kumta - Sirsi road from km 0.00 - km 4.265 of Belekeri Port Road Link Rd. and km 4.965 - km 60.00 of SH-69,2026-07-01,0.11548384,0,LOW_PREDICTIVE_SIGNAL
618800,618800,Construction of New Double Tier 4L Elevated Corridor from Chennai Port to Maduravoyal in Chennai District from km -0.342 to Km 20.593 and Package II from Km 4.604 to Km 9.700,2026-07-01,0.5665153,1,ELEVATED
618801,618801,Construction of New Double Tier 4-lane Elevated Corridor from Chennai Port to Maduravoyal in Chennai District from Km -0342 to Km 20223 Package 1 from Km -0342 to Km 4604,2026-07-01,0.60930055,1,ELEVATED
618803,618803,Development of 4L Road from Samarlakota to Achampeta Junction as part of Kakinada Port Connectivity to NH-16 Rajanagaram Junction in East Godavari District,2026-07-01,0.15633,0,LOW_PREDICTIVE_SIGNAL
618804,618804,Dedicated Port road to Krishnapatnam Port Package-I from Km. 0.000 to Km. 18.000,2026-07-01,0.35975003,0,WATCH
618805,618805,6L Connectivity to Port Road from Sabbavaram Sheelanagar-NH516C,2026-07-01,0.099199295,0,LOW_PREDICTIVE_SIGNAL
618806,618806,Improvement of 4L road to 6L road and 4L dedicated Port Roads for the Port connectivity road from Convent junction to Sheelanagar Junction,2026-07-01,0.40572447,0,WATCH
618807,618807,"4L Greenfield Road connecting North and South industrial cluster of Khandaleru Creek near Krishnapatnam port at Thamminapatnam to Mollur from Km 0.0 to Km 16.046, Part I & 6L extension of dedicated port road of NH-67 Km 18.0 to Km 19.3, Part II",2026-07-01,0.11163736,0,LOW_PREDICTIVE_SIGNAL
618808,618808,6L Elevated Kona Expressway from Km. 0.145 to Km. 7.337 of NH-117,2026-07-01,0.6565015,1,ELEVATED
618809,618809,4L of Beas-Mehta-Batala-Dera Baba Nanak from intersection with Jalandhar-Amritsar Highway NH-3 near Beas till start of Batala Bypass near Village Acchhal from Km. 0.000 to Km. 31.300 Pkg-1,2026-07-01,0.54716223,1,ELEVATED
618810,618810,4L of existing Beas Baba Bakala - Dera Baba Nanak Section from start of Batala Bypass till intersection with Ajnala Gurdaspur Highway NH 354 near Dera Baba Nanak from Km. 31.300 to Km. 69.100 with Additional batala Bypass Pkg-II,2026-07-01,0.34357998,0,WATCH
618811,618811,4L Access Controlled Greenfield Highway Section Mancherial Warangal from Pangidipalle village at Design Ch. 72.350 Km to Oorugonda village at Design Ch. 112.240 KmPackage-III,2026-07-01,0.042120066,0,LOW_PREDICTIVE_SIGNAL
618812,618812,4L Access Controlled Greenfield Section Mancherial Warangal from Puttapaka village at Design Ch. 35.300 Km to Pangidipalle village at Design Ch. 72.350 KmPackage-II,2026-07-01,0.4405751,0,WATCH
618813,618813,4L Access Controlled Greenfield Section Mancherial Warangal from Narva village at Design Ch. 3.834 Km to Puttapaka village at Design Ch. 35.300 Km Package-I,2026-07-01,0.3573353,0,WATCH
618814,618814,4L Access Controlled Greenfield Highway section on NH163G Warangal-Khammam from Oorugonda village in Hanamkonda District at Design Ch. 112.240 Km to Venkatpur village in Warangal District at Design Ch. 150.240 KmPackage-I,2026-07-01,0.122507356,0,LOW_PREDICTIVE_SIGNAL
618815,618815,4L Access Controlled Greenfield Highway section on NH-163G Warangal-Khammam from Venkatpur village in Warangal District at Design Ch. 150.240 Km to Thallasenkesa village in Mahabubabed District at Design Ch. 189.650 kmPackage-II,2026-07-01,0.07558321,0,LOW_PREDICTIVE_SIGNAL
618816,618816,4L Access Controlled Greenfield Highway section on NH-163G Warangal-Khammam from Thallasenkesa village at Design Ch. 189.650 km to V.Vekatayapalem village in Khammam District at Design Ch. 220.480 KmPackage-III,2026-07-01,0.29977906,0,LOW_PREDICTIVE_SIGNAL
618817,618817,4L Access Controlled Greenfield Highway section on NH-163G Khammam Vijayawada from V. Venkatayapalem village at Design Ch. 220.480 Km to BrahmanapalliK village at Design Ch. 250.400 Km Package-I.,2026-07-01,0.73192084,1,HIGH_PREDICTIVE_SIGNAL
618818,618818,4L Access Controlled Greenfield Highway section on NH-163G Khammam Vijayawada from Remidicherla village at Design Ch. 280.200 Km to Jakkampudi village on NH-16 at Design Ch. 309.909 Km Package-III,2026-07-01,0.3932951,0,WATCH
618819,618819,,2026-05-01,0.25992796,0,LOW_PREDICTIVE_SIGNAL
618820,618820,Rehabilitation and Up gradation from 4 to 8 laning of Chandikhole Paradip Section of NH-53 Old NH 5A from Km.39.000 to Km.60.00 Package-3,2026-07-01,0.0836096,0,LOW_PREDICTIVE_SIGNAL
618821,618821,Rehabilitation and Up gradation from 4 to 8 laning of Chandikhole Paradip Section of NH-53 Old NH 5A from Km 18.00 to Km 39.00 in the State of Odisha on HAM mode Package-2,2026-07-01,0.06191144,0,LOW_PREDICTIVE_SIGNAL
618822,618822,Rehabilitation and Up gradation from 4 to 8 laning of Chandikhole Paradip Section of NH-53 Old NH 5A from Km.0.00 to Km.18.00Package-1,2026-07-01,0.13201824,0,LOW_PREDICTIVE_SIGNAL
618823,618823,4 laning of Barasat - Barajaguli Section of NH-12 from Km. 31.000 to Km. 48.679 in the district of North 24 - Parganas,2026-07-01,0.47575983,0,WATCH
618824,618824,"Development to 4-laning of the de-scoped stretches from Km 115.342 to Km 191.700 of NH-34 in Nadia District 3.962 & Murshidabad District 5.538 pertaining to Krishnagar to Berhampore section of NH-34 New NH-12 , in the state of West Bengal under NHO.",2026-07-01,0.28138685,0,LOW_PREDICTIVE_SIGNAL
618825,618825,Bridge over Ganga River at d/s of Farraka Barrage including Approaches connecting Farakka-Raiganj,2026-07-01,0.28125042,0,LOW_PREDICTIVE_SIGNAL
618826,618826,4 Laning of NH-544D from Km 0.000 to km 37.000 of Anantapur- Muchukota section Pkg-1,2026-07-01,0.055791356,0,LOW_PREDICTIVE_SIGNAL
618827,618827,4 Laning of NH-544D from Km 37.000 to km 69.000 of Muchukota- Bugga section Pkg-2,2026-07-01,0.14256254,0,LOW_PREDICTIVE_SIGNAL
618828,618828,,2026-05-01,0.39611104,0,WATCH
618829,618829,,2026-05-01,0.2903656,0,LOW_PREDICTIVE_SIGNAL
618830,618830,4L from Km 147.450 Bhogu to Km 196.870 Sankha on NH-75 Sec-III,2026-07-01,0.42197996,0,WATCH
618831,618831,4L from Km 95.400 Udaipura to Km 147.450 Bhogu on NH-75 Sec-II,2026-07-01,0.66728044,1,ELEVATED
618832,618832,4L from Km 55.00 Kuru to Km 95.400 Udaipura on NH-75 Sec-I,2026-07-01,0.10436749,0,LOW_PREDICTIVE_SIGNAL
618833,618833,,2026-06-01,0.18290561,0,LOW_PREDICTIVE_SIGNAL
618834,618834,,2026-05-01,0.12594984,0,LOW_PREDICTIVE_SIGNAL
618835,618835,,2026-05-01,0.13159071,0,LOW_PREDICTIVE_SIGNAL
618836,618836,4L of Ratnagiri - Kolhapur section from km 67.140 to km 112.340 of NH-166 Pkg II,2026-07-01,0.64353937,1,ELEVATED
618837,618837,4L of Ratnagiri - Kolhapur section from km 112.340 to km 145.300 of NH-166 PkgIII,2026-07-01,0.31693965,0,WATCH
618838,618838,4L of Karwar Km. 281.980 of NH-62 Nagaur road to Dangiyavas of Jodhpur Ring Road Pkg-II,2026-07-01,0.09560355,0,LOW_PREDICTIVE_SIGNAL
618839,618839,,2026-05-01,0.12594984,0,LOW_PREDICTIVE_SIGNAL
618840,618840,Simaria Km. 206.050 to Khagaria Km. 266.282,2026-07-01,0.14227422,0,LOW_PREDICTIVE_SIGNAL
618841,618841,4L Elevated Section and at-grade improvements at Begusarai town Simaria - Khagaria section from Km. 221.047 to Km. 225.302 of NH-31,2026-07-01,0.051561184,0,LOW_PREDICTIVE_SIGNAL
618842,618842,"2L PS Greenfield bypass lalganj ajhara, mohanganj and Raniganj on Raebareli - Jaunpur Section Design km 0.00 to Km 53177 of NH-31",2026-07-01,0.017942468,0,LOW_PREDICTIVE_SIGNAL
618843,618843,Construction of two lane with paved shoulders bypass to Mungrabadshapur town starting from near Kodahu at Km 47/225 of NH-319D and ending near Nauwadandi at Km 219/720 of NH-31 under NHO in the state of Uttar Pradesh on EPC mode,2026-07-01,0.15784523,0,LOW_PREDICTIVE_SIGNAL
618844,618844,Viluppuram Km.0.000 to Puducherry Km.29.000,2026-07-01,0.15900084,0,LOW_PREDICTIVE_SIGNAL
618845,618845,Puducherry Km.29.000 to Poondiyankuppam Km.67.000,2026-07-01,0.24711257,0,LOW_PREDICTIVE_SIGNAL
618846,618846,Poondiyankuppam Km.67.000 to Sattanathapuram Km.123.800,2026-07-01,0.061001834,0,LOW_PREDICTIVE_SIGNAL
618847,618847,Sattanathapuram to Nagapattinam from Km 123.800 to Km 179.555,2026-07-01,0.15287818,0,LOW_PREDICTIVE_SIGNAL
618848,618848,Construction of Underpass beneath airport runway on NH-31 old NH-56 for proposed expansion of runway of Babatpur Airport Varanasi,2026-07-01,0.3838293,0,WATCH
618849,618849,,2026-05-01,0.13159071,0,LOW_PREDICTIVE_SIGNAL
618850,618850,Nerchowk km 190.000 to Pandoh including Pandoh bypass km221.305,2026-07-01,0.09750531,0,LOW_PREDICTIVE_SIGNAL
618851,618851,Pandoh bypass 221.305 to Takoli 242.000 of NH-21 in the state of Himachal Pradesh,2026-07-01,0.20276482,0,LOW_PREDICTIVE_SIGNAL
618852,618852,4L Sundar Nagar Bypass from Km.173.900 to Km.179.600 of NH-21,2026-07-01,0.057272263,0,LOW_PREDICTIVE_SIGNAL
618853,618853,Construction of Four lane Elevated Structure at Raniwada Circle in Sanchore City on NH-68,2026-07-01,0.26339504,0,LOW_PREDICTIVE_SIGNAL
618854,618854,,2026-05-01,0.30566996,0,WATCH
618855,618855,,2026-05-01,0.2513124,0,LOW_PREDICTIVE_SIGNAL
618856,618856,"Improvement and Up-Gradation of Existing Road to 4L PS from Km 123.650 to 175.080, from Start of Shahabad Bypass to End of Hardoi bypass of NH 731 Pkg-2B",2026-07-01,0.24356519,0,LOW_PREDICTIVE_SIGNAL
618858,618858,"Improvement and Up-Gradation of Existing Road to 4L PS from Km 88.750 to 123.650, from Start of Shahjahanpur Bypass to start of Shahabad bypass of NH 731Pkg.-2A",2026-07-01,0.15241723,0,LOW_PREDICTIVE_SIGNAL
618859,618859,"Improvement and Up-Gradation of Existing Road to 4L PS from Km 229.070 to 260.800, End of Hardoi District to Lucknow Ring road of NH 731 Pkg-4",2026-07-01,0.3078102,0,WATCH
618861,618861,Bakhtiyarpur-Rajauli Pkg-II from km. 54.405 to km.101.630,2026-07-01,0.22918263,0,LOW_PREDICTIVE_SIGNAL
618862,618862,Bakhtiyarpur-Rajauli Pkg-III from km. 101.630 to km.152.520,2026-07-01,0.14171655,0,LOW_PREDICTIVE_SIGNAL
618863,618863,Barhi-Koderma Section of NH31 km 0.00 - km 27.5,2026-07-01,0.092196085,0,LOW_PREDICTIVE_SIGNAL
618864,618864,,2026-05-01,0.081300884,0,LOW_PREDICTIVE_SIGNAL
618865,618865,,2026-05-01,0.08326101,0,LOW_PREDICTIVE_SIGNAL
618866,618866,"Four Lane Highway from Chandan Nagar Existing Km. 59.025 of NH 530B/Design Km. 179.5000 to Bareilly BypassStartExisting Km. 59.025 of NH 530B/Design Km. 218.000 Section of NH 530B, in the State of Uttar Pradesh on HAM Mode under NH0",2026-07-01,0.07412072,0,LOW_PREDICTIVE_SIGNAL
618867,618867,4L Kasganj-Badaun Section from Km. 123.100 to Km. 179.500 Pkg-III of NH530B,2026-07-01,0.1353255,0,LOW_PREDICTIVE_SIGNAL
618868,618868,4L from Devinagar Bypass End Existing Km. 208.000 of NH 530B/Design Km. 66.000 to Kasganj Bypass End Existing Km.150.100 of NH 530B/ Design Km. 123.100 of NH 530B,2026-07-01,0.12474766,0,LOW_PREDICTIVE_SIGNAL
618869,618869,"Construction of 4/6 lane Highway of Southern Bareilly Bypass, starting at Ch. 237000 of NH 530 near Jhumka chauraha, Dhantiya village and ending at Ch. 267000 of NH 30 near Invertis University including Trumpet Interchange",2026-07-01,0.39561725,0,WATCH
618870,618870,4L PS from near Hemmige Village Periyapatna - Hassan Road Jn. to near Hunsur - KR Nagar Jn section from Km. 144.900 to Km. 169.000 of NH-275 Pkg. III,2026-07-01,0.2502005,0,LOW_PREDICTIVE_SIGNAL
618871,618871,4L PS from Near Guddehosur to Start of Kushalnagara Bypass to near Hemmige Village Periyapatna - Hassan Road Jn from Km. 122.200 to Km. 144.900 of NH-275 Pkg. II,2026-07-01,0.1865935,0,LOW_PREDICTIVE_SIGNAL
618872,618872,4L PS from near Hunsur - KR Nagar Junction to near Yalachahalli village KR Nagara - Yelawala Road Junction fcrom Km 169.000 to Km 195.550 of NH-275 Pkg-IV,2026-07-01,0.18635838,0,LOW_PREDICTIVE_SIGNAL
618873,618873,4L PS from near Yalachahalli village KR Nagara - Yelawala Road junction to Srirangapatna Bypass Near Paschima Vahini from km 195.550 to Km 214.535 of NH-275 Pkg-V,2026-07-01,0.237747,0,LOW_PREDICTIVE_SIGNAL
618874,618874,,2026-05-01,0.11899445,0,LOW_PREDICTIVE_SIGNAL
618875,618875,4L of Haridwar Nagina section Design Ch. LME from km 13.829 to km 17.110 & km 26.077 to km 27.508 and Design Ch. RME from km 13.839 to km 17.120 & km 26.078 to km 27.509 of EUP mitigation measures on NH74,2026-07-01,0.21571581,0,LOW_PREDICTIVE_SIGNAL
618876,618876,,2026-02-01,0.16138317,0,LOW_PREDICTIVE_SIGNAL
618878,618878,Rehabilitation and Upgradation to 4L configuration & Strengthening of Sihuni to Rajol from Km 51.000 to Km 72.000 of NH-154 Package-IIA,2026-07-01,0.0593617,0,LOW_PREDICTIVE_SIGNAL
618879,618879,Rehabilitation and Upgradation to 2L PS configuration & Strengthening of Padhar to Bijni section from Km 180.000 to Km 202.815 of NH-154 Pkg-VA,2026-07-01,0.05993395,0,LOW_PREDICTIVE_SIGNAL
618880,618880,Rehabilitation and Up-gradation to 4L configuration & Strengthening of Thanpuri to Paror section from Km 85.135 to Km 100.840 of NH-154 Pkg-IIC,2026-07-01,0.16871902,0,LOW_PREDICTIVE_SIGNAL
618881,618881,4L PS bijni to mandi section from Km 202.815 to Km 208.000 of NH-20 New NH-154 of Pathankot-Mandi Package-VB,2026-07-01,0.13559698,0,LOW_PREDICTIVE_SIGNAL
618882,618882,Construction of additional 3-Lane Bridge over River Ganga for connection between Buxar and Bharauli on NH-922 in the State of Uttar Pradesh and Bihar on Hybrid Annuity Mode,2026-07-01,0.16429032,0,LOW_PREDICTIVE_SIGNAL
618883,618883,Construction of Four Lane Highway form Ghazipur- Ballia-UP/Bihar State Border Greenfield section of NH-31 Package I [from Hridaipur km 0.000 to Shahapur km 42.500] on EPC Mode in the state of Uttar Pradesh.,2026-07-01,0.09032781,0,LOW_PREDICTIVE_SIGNAL
618884,618884,Construction of Four Lane Highway from Ghazipur- Ballia-UP/Bihar State Border Greenfield section of NH-31 Package II [from Shahapur km 42.500 to Pindari km 78.150] on EPC Mode in the state of Uttar Pradesh.,2026-07-01,0.1186981,0,LOW_PREDICTIVE_SIGNAL
618885,618885,Construction of Four Lane Highway from Ghazipur- Ballia-UP/Bihar State Border Greenfield section of NH-31 Package IV [from Buxur Spur of length km 17.270 on EPC Mode in the state of Uttar Pradesh.,2026-07-01,0.0328193,0,LOW_PREDICTIVE_SIGNAL
618886,618886,Road Safety Improvement of Critical Junctions on MuzaffarnagarHaridwar Section of NH-334 from Km 143000 to Km 196000,2026-07-01,0.09695231,0,LOW_PREDICTIVE_SIGNAL
618887,618887,4L of Bettadahalli- Shivamogga section from Km.170.415 to km. 226.750 of NH-206 Tumkur- Shivamogga Pkg-IV,2026-07-01,0.19290581,0,LOW_PREDICTIVE_SIGNAL
618888,618888,Rehabilitation and Up-gradation of existing road to 2L PS from End of Hamirpur Bypass near Chilbahal to Bhangbar section from Km. 138.295 to Km.175.270 of NH-88 Pkg-IV,2026-07-01,0.25789738,0,LOW_PREDICTIVE_SIGNAL
618889,618889,"4L of Bhangbar Near Ranital to Kangra Bypass Section of Old NH-88 New NH-303,503 up to Intersection with NH-154 from Km 175.270 to Km 193.400 Pkg-VB",2026-07-01,0.10936421,0,LOW_PREDICTIVE_SIGNAL
618890,618890,2L PS of Hamirpur Bypass from Km 121.175 to Km.138.295 of NH-103&3,2026-07-01,0.3248239,0,WATCH
618891,618891,4L PS from Kalar Bala Village to Nauni Chowk of NH 205 from Km 41.000 to Km 58.450,2026-07-01,0.055264343,0,LOW_PREDICTIVE_SIGNAL
618892,618892,"4 Lane with Paved Shoulder from Dareota Village to Kalar Bala NH 205, Design Chainage -Km 33185 to Km 41000, Design Length-7.815 Km Package-IIB",2026-07-01,0.13046813,0,LOW_PREDICTIVE_SIGNAL
618893,618893,Varanasi Gorakhpur Section Packege IV from km. 149.540 to km. 215.160 Mau-Gorakhpur,2026-07-01,0.09980321,0,LOW_PREDICTIVE_SIGNAL
618894,618894,4L of Madathukulam - Pollachi from km. 74.38 to km. 116.95 of old NH-209 New NH-83,2026-07-01,0.029412428,0,LOW_PREDICTIVE_SIGNAL
618895,618895,Kamalapuram to Oddanchatram from km. 0.00 to km. 35.822,2026-07-01,0.13205113,0,LOW_PREDICTIVE_SIGNAL
618896,618896,4L of Sannur to Bikarnakatte section from Km 691.350 to Km 736.362 of NH-169 Karkala - Mangalore Package-III,2026-07-01,0.0724283,0,LOW_PREDICTIVE_SIGNAL
618897,618897,,2026-05-01,0.13159071,0,LOW_PREDICTIVE_SIGNAL
618898,618898,Balance Works for Four laning of Vikravandi to Sethiyathope section from Km 0.0 to Km 65.96 of NH-45C in Tamil Nadu under NHDP Phase-IV on EPC mode,2026-07-01,0.10992806,0,LOW_PREDICTIVE_SIGNAL
618899,618899,Kallagam km.38.700 to Meensurutti Km.98.433 of NH-227 in Tamil Nadu,2026-07-01,0.15123497,0,LOW_PREDICTIVE_SIGNAL
618901,618901,4L PS Divided Carriageway from Patan Near Rajpur to Gojariya From Km 52.000 to Km 128.940 of NH-68,2026-07-01,0.19845265,0,LOW_PREDICTIVE_SIGNAL
618902,618902,Maheshkunt-Saharsa-Purnea Pkg I km 0.00 to km. 90.00 of NH-107,2026-07-01,0.09054789,0,LOW_PREDICTIVE_SIGNAL
618903,618903,Maheshkunt -Saharsa-Purnea Pkg II,2026-07-01,0.15994124,0,LOW_PREDICTIVE_SIGNAL
618904,618904,,2026-06-01,0.20465828,0,LOW_PREDICTIVE_SIGNAL
618905,618905,Widening with additional 3L abetting Chhapra Bypass Section of NH-19 from Km. 143.200 to Km. 159.255 Pkg-1,2026-07-01,0.16785897,0,LOW_PREDICTIVE_SIGNAL
618906,618906,4L of Amritsar-Ghoman - Tanda - Una Section from Km 8.270 to Km 54.000 of NH-503A Package-I,2026-07-01,0.5032823,1,ELEVATED
618907,618907,2L/4L of Hoshiarpur to Una section including Hoshiarpur Bypass of NH 503A,2026-07-01,0.17978942,0,LOW_PREDICTIVE_SIGNAL
618908,618908,3L Major Bridge over River Brahmani at Km. 401.250 Duburi - Chandikhole Section of NH-200 New NH -53,2026-07-01,0.2869535,0,LOW_PREDICTIVE_SIGNAL
618909,618909,2L PS of JH / WB Border km. 70.524 - Purulia km.84.400 & Purulia km. 94.30 - Chandil Junction with NH-33 km. 153.705 of Old NH-32,2026-07-01,0.09915708,0,LOW_PREDICTIVE_SIGNAL
618910,618910,,2026-06-01,0.35960495,0,WATCH
618911,618911,4L Greenfield Western Side spur of Rampur-Rudrapur Section from Km 0.000 to Km 13.700 connecting NH-24 to NH-87 bypassing rampur town,2026-07-01,0.49983817,0,WATCH
618912,618912,,2026-05-01,0.19467406,0,LOW_PREDICTIVE_SIGNAL
618913,618913,,2026-05-01,0.24434665,0,LOW_PREDICTIVE_SIGNAL
618914,618914,"4L Elevated Corridor and at-grade improvements from Design Ch0000 to Design Ch 19870 of Danapur Bihta Section, Design Ch0000 to Design Ch0231 connecting the existing RoB near Danapur station ,1.35 Km ramps and at-grade improvements to 4-lane section on Danapur side and Upgradation of existing Two lane carriageway to Four Lane carriageway from Design Ch19870 to Design Ch23500 of Bihta - Koilwar section",2026-07-01,0.18004611,0,LOW_PREDICTIVE_SIGNAL
618915,618915,,2026-05-01,0.4530622,0,WATCH
618916,618916,,2026-05-01,0.4530622,0,WATCH
618917,618917,4L Greenfield starting from NH-30 near Saristabad Patna to Nathupur Project end point of Patna-Gaya-Dobhi Section of NH-83,2026-07-01,0.27764413,0,LOW_PREDICTIVE_SIGNAL
618919,618919,,2026-05-01,0.08326101,0,LOW_PREDICTIVE_SIGNAL
618920,618920,Access Controlled Highway of 4 Lane with Paved Shoulders from TN/AP Border Design Chainage Km 6151 to Puttur Design Chainage Km 81540 of NH-716 & 6 Lane with Paved Shoulders from Mallavaram to Renigunta,2026-07-01,0.2270335,0,LOW_PREDICTIVE_SIGNAL
618921,618921,4L of Kathlighat to Shakral Village from Km 128.835 to Km 146.300 of NH- 5 Shimla Bypass - Pkg I,2026-07-01,0.404696,0,WATCH
618922,618922,4L of Shakral Village to Dhalli Section from Km 146.300 to Km 156.560 Shimla Bypass - Pkg II and Shimla connectivity from Km 0.000 to Km 0.725 of NH-5,2026-07-01,0.5194716,1,ELEVATED
618923,618923,4L Behsuma at Km 39.250 Ex. Km 39240 To Bijnor at Km 78.810 Ex. Km 86590 Design Length 39.560 Km of NH-119 Pkg-II,2026-07-01,0.106470816,0,LOW_PREDICTIVE_SIGNAL
618924,618924,2L PS of Najibabad Kotdwar section from 112.575 to Km. 138.635 of NH 119,2026-07-01,0.09067058,0,LOW_PREDICTIVE_SIGNAL
618925,618925,Bijnor-Kotawali,2026-07-01,0.067669645,0,LOW_PREDICTIVE_SIGNAL
618926,618926,4L of Siwan- Masrakh section of Ram Janki Marg from Km 230.385 to Km 281.391 of NH-227A,2026-07-01,0.59142584,1,ELEVATED
618927,618927,4L of Moradabad-Thakurdwara-Kashipur Section from Km. 0.000 to Km. 38.77 of NH-734 Pkg-II,2026-07-01,0.08303831,0,LOW_PREDICTIVE_SIGNAL
618928,618928,"Improvement & Up-gradation of NH-734 Section of Moradabad-Thakurdwara Kashipur including Moradabad & Kashipur Bypasse Package-III Kashipur Bypass Length 14.490 Km., Starts from Ch. 38770 and ends at Ch. 53260 existing Ch. 05560",2026-07-01,0.15858158,0,LOW_PREDICTIVE_SIGNAL
618929,618929,4L of Moradabad western side spur connecting NH-734 & NH-24 from Km. 0.000 to Km. 33.200 Pkg-I,2026-07-01,0.13492031,0,LOW_PREDICTIVE_SIGNAL
618930,618930,4L PS from Ch. 94.030 in Jabugam Village to Ch. 132.320 in Dhamasiya Village of NH-56 Pkg-III,2026-07-01,0.064718656,0,LOW_PREDICTIVE_SIGNAL
618931,618931,4L PS from Ch. 179.780 in Bitada/Movi Village to Ch. 208.900 in Nasarpore Village of NH-56 Pkg-V,2026-07-01,0.09305855,0,LOW_PREDICTIVE_SIGNAL
618932,618932,Construction of 6 lane Indore western bypass from km 0000 to Km 34000 Pkg -l in the State of Madhya Pradesh on Hybrid Annuity Mode under NHO,2026-07-01,0.12050401,0,LOW_PREDICTIVE_SIGNAL
618933,618933,Construction of 6 lane Indore western bypass from km 34000 to Km 64000 Pkg-II in the state of Madhya Pradesh on Hybrid Annuity Mode under NHO,2026-07-01,0.35593793,0,WATCH
618934,618934,Guwahati Ring Road in the State of Assam,2026-07-01,0.112737164,0,LOW_PREDICTIVE_SIGNAL
618935,618935,,2026-05-01,0.13794388,0,LOW_PREDICTIVE_SIGNAL
618936,618936,Jagadhari - Tajewala from Km -0.175 to 32.337 km of NH-344,2026-07-01,0.104984686,0,LOW_PREDICTIVE_SIGNAL
618937,618937,4L of Nagpur-Katol Section from Km. 13.00 to Km. 62.900 of NH-353J,2026-07-01,0.31735277,0,WATCH
618938,618938,,2026-05-01,0.2604855,0,LOW_PREDICTIVE_SIGNAL
618939,618939,Construction of Standalone Flyover cum ROB from Design Ch.66.600 to Design Ch.68.800 in Gadchandur Town on NH-353B,2026-07-01,0.28708345,0,LOW_PREDICTIVE_SIGNAL
618941,618941,4L of Bamni - Rajura - Warur - Devada upto M.S. Border of NH - 930D from km 19.000 to km 51.985,2026-07-01,0.21114032,0,LOW_PREDICTIVE_SIGNAL
618942,618942,Balance work of 2L PS from Km 30.800 to Km 70.800 and 2L with Rigid Carriageway from Km 70.800 to km 84.120 of Khanapur- KA/GOA Border section of NH-4A,2026-07-01,0.45388886,0,WATCH
618943,618943,,2026-05-01,0.29969323,0,LOW_PREDICTIVE_SIGNAL
618944,618944,Hyderabad - Maneguda,2026-07-01,0.3026447,0,WATCH
618945,618945,4L of Kodad Design Km 0.00/Existing Km 185.00 of NH-65 to Khammam Design Km 31.800/Existing Km 29.400 of NH-365A,2026-07-01,0.04358209,0,LOW_PREDICTIVE_SIGNAL
618946,618946,,2026-05-01,0.20607272,0,LOW_PREDICTIVE_SIGNAL
618947,618947,4L of NH-80 from km 215.00 to km 260.00 Mirza Chauki to Farkka Pkg-I,2026-07-01,0.6257467,1,ELEVATED
618948,618948,4L of NH-80 section of Mirza Chauki to Farakka section from existing km 190.00 to design km 200.75 junction at km 3.100 of NH 133 B and from existing km 260.00 to existing km 283.00 design km 274.133 in the state of Jharkhand package - II,2026-07-01,0.15348563,0,LOW_PREDICTIVE_SIGNAL
618949,618949,4L of Basukinath- Deoghar Section of NH-114A,2026-07-01,0.013791945,0,LOW_PREDICTIVE_SIGNAL
618950,618950,Construction of Bypass to NH-114A Connecting NH-333 and NH-133 Deoghar Bypass from design km 0.000 to design Km 49.000,2026-07-01,0.08450091,0,LOW_PREDICTIVE_SIGNAL
618951,618951,Hariharganj to Parwa Mode section from km 23.284 to km 57.049 of NH-98,2026-07-01,0.6226777,1,ELEVATED
618952,618952,4L of Sahibganj - Manihari Ganga Bridge including Manihari Bypass,2026-07-01,0.47330576,0,WATCH
618953,618953,Umagaon-Saharsa Package-IV Koshi Bridge & approach Road - Bheja-Bakaur,2026-07-01,0.4707856,0,WATCH
618954,618954,Umagaon - Saharsa Package - I Combined Umagaon-Kaluahi0.000KM to 21.609Km of NH227LSaharghat-Rahika0.000 Km to 26.130KM of NH227JRahika-Rampatti 0.00 KM to 15.00KM of NH527ABideshwarsthan-Bheja0.000KM to 25.915KM of NH527A.,2026-07-01,0.3696879,0,WATCH
618955,618955,2L PS of Majhauli to Charout section from km. 0.00 to km. 63.655,2026-07-01,0.057083122,0,LOW_PREDICTIVE_SIGNAL
618956,618956,Construction of Major Bridge over Baghmati and Lakhandei River along with Approaches from Design km.16.500 to km.21.500,2026-07-01,0.2673918,0,LOW_PREDICTIVE_SIGNAL
618957,618957,4 laning of Champa - Korba from km 0.00 to km 38.2,2026-07-01,0.54936284,1,ELEVATED
618958,618958,2L with ES of Yagyi - Kalewa section from Milepost 40/0 to Milepost 115/5 in Myanmar,2026-07-01,0.43850437,0,WATCH
618959,618959,,2026-05-01,0.13159071,0,LOW_PREDICTIVE_SIGNAL
618960,618960,4 Lane Inner Ring Road around Allahabad City Pkg-2 Prayagraj Southern Bypass 43.200 - 50.860,2026-07-01,0.5988822,1,ELEVATED
618961,618961,4 Lane Inner Ring Road around Allahabad City Pkg-1 Prayagraj Southern Bypass 34.400 43.200,2026-07-01,0.045376938,0,LOW_PREDICTIVE_SIGNAL
618962,618962,4L of Budhni to Shahganj Bypass End Package-III of NH-146B from Km. 73.750 to Km. 102.000,2026-07-01,0.10271189,0,LOW_PREDICTIVE_SIGNAL
618963,618963,Construction work of 4-laning of Shahganj bypass end to Badi Package-IV of NH-146B from design km 102.000 to design km 142.357 Design length 40.357 km,2026-07-01,0.50854224,1,ELEVATED
618964,618964,4 Laning of Sandalpur to Nasrullaganj Pkg-1 section of NH-146B Length 43.2 Km.,2026-07-01,0.6073027,1,ELEVATED
618966,618966,Six laning with both sides Service Road of Ayodhya Bypass from Design Km 0000 near Ashram Tiraha on NH-46 to Km 16439 end at Ratnagiri Tiraha on Nh-146,2026-07-01,0.09828608,0,LOW_PREDICTIVE_SIGNAL
618967,618967,Upgradation and Strengthening of Chenani to Nashri Section via Patnitop of NH244 from Km 0.000 to Km 39.100,2026-07-01,0.24611214,0,LOW_PREDICTIVE_SIGNAL
618968,618968,6L access control Greenfield highway of Vill-Khyawari to Vill-Latifpur at Saharanpur Bypass from Km. 82.000 to Km. 119.790 Pkg-4,2026-07-01,0.1229421,0,LOW_PREDICTIVE_SIGNAL
618969,618969,4/6L of Spur to Haridwar Greenfield from Km. 0.000 to Km. 50.70,2026-07-01,0.13605522,0,LOW_PREDICTIVE_SIGNAL
618970,618970,6L access control Greenfield highway of Vill-Lohadda to Vill-Karaunda Mahajan from Km. 27.000 to Km. 56.500 Pkg-2,2026-07-01,0.04329097,0,LOW_PREDICTIVE_SIGNAL
618971,618971,Pune Metro Rail Project Phase-2 Corridor 2A Vanaz to Chandani Chowk and Corridor 2B Ramwadi to Wagholi/Vitthalwadi,2026-07-01,0.025397377,0,LOW_PREDICTIVE_SIGNAL
618972,618972,,2026-06-01,0.1116667,0,LOW_PREDICTIVE_SIGNAL
618976,618976,"Gadarwara Super Thermal Power Project, Stage-II [2x800 MW]",2026-07-01,0.1216529,0,LOW_PREDICTIVE_SIGNAL
618977,618977,"Development of New Greenfield Airport at Bundi, Kota Rajasthan.",2026-07-01,0.3280172,0,WATCH
618978,618978,,2026-06-01,0.21780175,0,LOW_PREDICTIVE_SIGNAL
618981,618981,810 MW Solar Power Project - Rajasthan,2026-07-01,0.08414407,0,LOW_PREDICTIVE_SIGNAL
618982,618982,Talabira II & III OCP - FMC,2026-07-01,0.35814816,0,WATCH
618985,618985,Pune Metro Rail Project Phase-2 Line-4 Kharadi to Khadakwasla with Spur Line 4A Nal Stop - Warje - Manikbaug,2026-07-01,0.03026169,0,LOW_PREDICTIVE_SIGNAL
618986,618986,,2026-06-01,0.13229892,0,LOW_PREDICTIVE_SIGNAL
618991,618991,200 MW SPP part of 510 MW CPSU scheme,2026-07-01,0.03176847,0,LOW_PREDICTIVE_SIGNAL
618992,618992,100 MW SPP part of SECI 150 MW Hybrid,2026-07-01,0.3111307,0,WATCH
618995,618995,,2026-06-01,0.10730876,0,LOW_PREDICTIVE_SIGNAL
619003,619003,Solan - Kaithlighat Section of NH-22 Now NH-5 from Km. 106.139 to Km.129.05,2026-07-01,0.22225997,0,LOW_PREDICTIVE_SIGNAL
619004,619004,"Construction of Dubrajpur Bypass with 4-lane configuration of length 5.676 km on NH-60 new NH-14 from design chainage 0.00 existing km 316.135 on NH-60 to design chainage 5.676 existing km 320.980 on NH-60 in the district of Birbhum, West Bengal under Annual Plan 2022-23 in EPC Mode- reg. Job. No. 014-WB-2022-23/518 .",2026-07-01,0.23350263,0,LOW_PREDICTIVE_SIGNAL
619005,619005,Construction of bypass around Chatra Town on NH-22 old NH-99 in the state of Jharkhand under EPC Mode,2026-07-01,0.6234525,1,ELEVATED
619007,619007,Upgradation of Sarvardewla to Pal MP/MH Border Road section of NH-347 C from Design Chainge km 81.600 to 137.400 Total length 55.80 km to two lane with paved shoulder configuration along with One time improvement of 1 .95 km in the State of Madhya Pradesh on EPC mode.,2026-07-01,0.04328235,0,LOW_PREDICTIVE_SIGNAL
619008,619008,Rehabilitation and Up gradation of Charthana Jintur Section of NH 752 I Km 25100 to 47100 to 2 Lane with Paved Shoulder configuration Flexible Pavement in the state of Maharashtra on EPC mode. Reg- Resubmission of Annual Plan Estimate.,2026-07-01,0.052510038,0,LOW_PREDICTIVE_SIGNAL
619009,619009,Upgradation to Two Lane with Paved Shoulders from Km 0.000 to Km 41.920 Green Field Alignment of Gowrelly to Valigonda Section of NH-930P in the State of Telangana on EPC Mode under Annual Plan 2022-23,2026-07-01,0.080184124,0,LOW_PREDICTIVE_SIGNAL
619010,619010,Up-gradation to 2 lane with paved shoutders of Pawlrang - Rulchawm section- of NH-102B of Aizawl - Imphal Economic Corridor from Existing Chainage km 72.030 to km 104.129 including 2.459 km re-alignment section from Tuivai River to Rulchawm connecting km 48.150 of NH-6 [Design Chainage km 68.170 to km 98.579] in the State of Mizoram under Bharatmala Pariyojna on EPC mode under NHO-NE Package-3 Keifang- Tuivai Pkg-3,2026-07-01,0.03163901,0,LOW_PREDICTIVE_SIGNAL
619013,619013,"Construction of Balance Work of 4-Laning of the Section from Jhanji to Demow of NH-37 Old from Km 501.800 to Km 514.800 13.000 Km, under SARDP- NE under EPC Mode in the state of Assam Pkg-II Road Works",2026-07-01,0.09099468,0,LOW_PREDICTIVE_SIGNAL
619014,619014,"lmprovement and Widening to 2 lane with paved Shoulder of NH-15 old NH-52 from Existing Km 770.600 Design Km 24.819 to Existing km 805.750 Design Km 59.885 Kamlang T-Junction to Chowkham, Existing Length 35.150 Km, Design Length-35.066 Km in the state of Arunachal Pradesh on EPC mode Pkg-2",2026-07-01,0.041056156,0,LOW_PREDICTIVE_SIGNAL
619022,619022,"Metro connectivity from Millennium City Centre to Cyber City with Spur to Dwarka Expressway, Gurugram.",2026-07-01,0.0514781,0,LOW_PREDICTIVE_SIGNAL
619024,619024,Mahan Transmission Limited,2026-07-01,0.07505963,0,LOW_PREDICTIVE_SIGNAL
619025,619025,RAJASTHAN PART I POWER TRANSMISSION LIMITED,2026-07-01,0.028583806,0,LOW_PREDICTIVE_SIGNAL
619026,619026,KPSIII HVDC Transmission Limited,2026-07-01,0.25484562,0,LOW_PREDICTIVE_SIGNAL
619027,619027,WRNES Talegaon Power Transmission Limited,2026-07-01,0.34063742,0,WATCH
619028,619028,Augmentation of 1x500 MVA 400/220kV ICT [3rd] at Thrissur VSC HVDC Station in Kerala,2026-07-01,0.43793052,0,WATCH
619029,619029,Transmission System for Reliable Power Supply to Dholera,2026-07-01,0.3507226,0,WATCH
619030,619030,Inter-Regional Strengthening between SR Grid and ER Grid,2026-07-01,0.0325285,0,LOW_PREDICTIVE_SIGNAL
619031,619031,Delhi Metro Rail Phase V A,2026-07-01,0.2727189,0,LOW_PREDICTIVE_SIGNAL
619032,619032,JAYANT EXPN. [20 TO 38 MTPA],2026-07-01,0.045607377,0,LOW_PREDICTIVE_SIGNAL
619033,619033,"1000 seater Boys hostel, 500 seater Girls hostel, 1.5 MLD Sewage Treatment Plant and Faculty Residence - 72 nos. Flats",2026-07-01,0.57228327,1,ELEVATED
619038,619038,Construction/upgradation to 2-lane with paved shoulder from Design Km 95.55 Bandarkoot to Km. 111.06 Chattroo of 15.52 Km length on Khellani-Kishtwar-Chattroo section on NH-244 in UT of Jammu and Kashmir on EPC Mode Pkg-5,2026-07-01,0.03934032,0,LOW_PREDICTIVE_SIGNAL
619039,619039,"Balance Works of Rehabilitation and Up gradation of NH-43 New NH-30 from Krn 162120 to Krn 173500 Length 11.380 Km. Keshkal Bypass 4-Lane with Paved shoulder in the State Of Chhattisgarh under NHDP-IV through Engineering, Procurement & Construction EPC Basis",2026-07-01,0.029939342,0,LOW_PREDICTIVE_SIGNAL
619042,619042,"Construction of six lane Flyover at Katraj junction at Km, 3/880 of NH 548-DD Vadgaon - Katraj - Kondhwa - Mantarwadi Chowk - Loni Kalbhor - Theur Phata - Lonikand Road in Pune Dist of the State of Maharashtra. On Engineering Procurement and construction EPC Basis mode L.1.326 Km,",2026-07-01,0.14071713,0,LOW_PREDICTIVE_SIGNAL
619043,619043,Capacity Augmentation in the stretch of DhulePimpalgaon section of NH60 Km. 261.720 to Km. 380.000 by Construction of Slip/Service Road on either side at various locations total length 30.30 Km LHSRHS and Flyover 2 x 30m at Sawadgaon Phata Km. 310.415,2026-07-01,0.19615796,0,LOW_PREDICTIVE_SIGNAL
619045,619045,Construction of New Double Tier 4L Elevated Corridor from Chennai Port to Maduravoyal in Chennai District from km -0.342 to Km 20.593 and Package IV from Km 14.185 to Km 20.593,2026-07-01,0.2609435,0,LOW_PREDICTIVE_SIGNAL
619049,619049,Khavda IVA Power Transmission Limited,2026-07-01,0.03263263,0,LOW_PREDICTIVE_SIGNAL
619051,619051,"Nabinagar Super Thermal Power Project, Stage-II [3x800 MW]",2026-07-01,0.043704987,0,LOW_PREDICTIVE_SIGNAL
619052,619052,LUCKNOW METRO RAIL PROJECT PHASE-1B EAST WEST CORRIDOR,2026-07-01,0.07323773,0,LOW_PREDICTIVE_SIGNAL
619053,619053,RPR FOR RAMPUR BATURA OCP,2026-07-01,0.2305656,0,LOW_PREDICTIVE_SIGNAL
619054,619054,Development of Keshod Airport.,2026-07-01,0.47129923,0,WATCH
619055,619055,SAONER-III EXPN UG MINE 1.54,2026-07-01,0.080184124,0,LOW_PREDICTIVE_SIGNAL
619056,619056,"Darlipali Super Thermal Power Project, Stage-II [1x800 MW]",2026-07-01,0.12684356,0,LOW_PREDICTIVE_SIGNAL
619057,619057,Construction of 4-Lane Badarpur Bypass from Design Chainage km 27300 at crossing with NH-6 Old NH-44 Near Siddeswar Pt.-I Village to Design Chainage km 38600 on NH-37 Old NH-44 at Kandigram Chaita Village on Silchar - Churaibari stretch in the State of Assam on EPC Mode under Bharatmala Pariyojana in Economic Corridors Silchar- Churaibari Pkg-3,2026-07-01,0.2489632,0,LOW_PREDICTIVE_SIGNAL
619059,619059,Construction of 2-Lane with hard shoulders of Merangkong-Tamlu-Mon Road on EPC Basis from existing road Km. 76.640 to Km 98.065 Design chainage Km. 63.800 to Km. 86.835 Design Length-23.035 Km in the state of Nagaland under SARDP-NE PKG-IV Balance work,2026-07-01,0.3695562,0,WATCH
619060,619060,"Construction of Balance Work of 4-Laning of the Section from Jhanji to Demow of NH-37 Old from Km 514.800 to Km 534.800 20.000 Km, under SARDP- NE under EPC Mode in the state of Assam Pkg-III Road Works",2026-07-01,0.11572326,0,LOW_PREDICTIVE_SIGNAL
619061,619061,Construction of 4 lane with PS Idar-Badoli bypass section from design km 81/300 to km 95/500 of NH 168G in the State of Gujarat,2026-07-01,0.09524208,0,LOW_PREDICTIVE_SIGNAL
619063,619063,,2026-05-01,0.5401141,1,ELEVATED
619064,619064,Vadodara Mumbai Expressway Talsari to Karvad Phase IB - Pkg X [Km 103.400 to Km 128.000],2026-07-01,0.47456896,0,WATCH
619065,619065,4L Expressway from Km 26.400 to km 53.500 of Malur to Bangarpet section of Bangalore-Chennai Expressway Phase-I Package-II,2026-07-01,0.014864592,0,LOW_PREDICTIVE_SIGNAL
619066,619066,Delhi-Amritsar-Katra Expressway Phase-II Pkg-XIV from Junction with Pathankot-Gurdaspur road NH-54 near Balsua to Junction with Hiranagar Road near village Gurha Baildaran km 423500 to km 468100,2026-07-01,0.2343227,0,LOW_PREDICTIVE_SIGNAL
619067,619067,,2026-05-01,0.25503162,0,LOW_PREDICTIVE_SIGNAL
619068,619068,Construction of Greenfield Connectivity to Jewar International Airport from DND-Faridabad-Ballabhgarh Bypass KMP Link - Spur to Delhi Mumbai Expressway,2026-07-01,0.08124126,0,LOW_PREDICTIVE_SIGNAL
619069,619069,Satara Km 725.000 to Pune Km 865.350 of NH - 4 New NH - 48 in Maharashtra,2026-07-01,0.12877536,0,LOW_PREDICTIVE_SIGNAL
619070,619070,,2026-04-01,0.13392937,0,LOW_PREDICTIVE_SIGNAL
619071,619071,Tumkur - Nelamangala 6L,2026-07-01,0.21152516,0,LOW_PREDICTIVE_SIGNAL
619072,619072,Bangalore/TN border to Hoskote,2026-07-01,0.124638855,0,LOW_PREDICTIVE_SIGNAL
619073,619073,4L of 42.000 to km 80.00 of Dodaballapur Bypass to Hoskote section of NH-648 Old NH-207 [Bangalore Ring Road Pkg 2],2026-07-01,0.2777809,0,LOW_PREDICTIVE_SIGNAL
619074,619074,6-laning of Krishnagiri Km.0.000 to Walajahpet Km.148.300 section on NH-46 under NHDP-V,2026-07-01,0.17923102,0,LOW_PREDICTIVE_SIGNAL
619075,619075,,2026-05-01,0.2570121,0,LOW_PREDICTIVE_SIGNAL
619076,619076,Six Laning of Vijayawada Bypass from Chinna Avutapalli to Gollapudi in Vijayawada - Gundugolanu Section from km. 0.00 to km. 30.00 Pkg-III,2026-07-01,0.09794145,0,LOW_PREDICTIVE_SIGNAL
619077,619077,6 laning of Balance Work of Chennai - Tada from km. 21.40 to km. 54.40,2026-07-01,0.17943995,0,LOW_PREDICTIVE_SIGNAL
619078,619078,Six Laning of Bihar - Jharkhand Border Chordaha - Gorhar section of NH-2 from km 249.525 to km 320.810,2026-07-01,0.29094544,0,LOW_PREDICTIVE_SIGNAL
619080,619080,4L PS of Ambala Ring Road of New NH-44,2026-07-01,0.09672331,0,LOW_PREDICTIVE_SIGNAL
619083,619083,,2026-05-01,0.24147618,0,LOW_PREDICTIVE_SIGNAL
619084,619084,,2026-05-01,0.16778612,0,LOW_PREDICTIVE_SIGNAL
619086,619086,Chengapalli km 102.035 to Neelambur Km144.680 and Madukkarai Km 170.880 to Walayar K183.010 Package No. NS-2/BOT/TN-08,2026-07-01,0.24255092,0,LOW_PREDICTIVE_SIGNAL
619087,619087,Widening to 6L of Existing 4L Jetpur - Gondal - Rajkot Section from Km. 117.600 to Km. 185.00 on NH-27,2026-07-01,0.24958982,0,LOW_PREDICTIVE_SIGNAL
619089,619089,Balance work of 4L of NarimbangloJatinga Junction- Harangajoroad section from Km 0.000 to Km 49.230 of NH-27,2026-07-01,0.06972074,0,LOW_PREDICTIVE_SIGNAL
619090,619090,8L of Dwarka Expressway Pkg-II RuB near Dwarka Sector 21-DL/HR Border from 5.300 Km.to 9.500 Km. of NH-248BB,2026-07-01,0.2909569,0,LOW_PREDICTIVE_SIGNAL
619092,619092,4L of Jind-Gohana road Package-1 from km. 0.00 to km. 40.601 of NH-352 A under NHO,2026-07-01,0.10069046,0,LOW_PREDICTIVE_SIGNAL
619093,619093,4L Ismailabad to Ambala Section of NH-152 Lot-4/Package-1,2026-07-01,0.032419506,0,LOW_PREDICTIVE_SIGNAL
619094,619094,Thorapalli - Agraharam - Jittandahalli Section from km 23.350 to km 60.100 [Hosur to Dhamrapuri Pkg-2],2026-07-01,0.5257856,1,ELEVATED
619095,619095,Balance works of 4L Panvel Indapur section of NH66 old NH17 from km 42.300 kasu to km 84.600 Indapur,2026-07-01,0.11324687,0,LOW_PREDICTIVE_SIGNAL
619096,619096,Goa / Karnataka Km.93.700 to Kundapur Km.283.30,2026-07-01,0.09954832,0,LOW_PREDICTIVE_SIGNAL
619097,619097,Thalassery Mahe Bypass Km 170.600 to Km 189.200 of NH-17New NH-66 in Kerala,2026-07-01,0.04869256,0,LOW_PREDICTIVE_SIGNAL
619098,619098,Kozhikode Bypass Calicut Bypass Vengalam Jn. to Ramanattukara Jn.,2026-07-01,0.09968793,0,LOW_PREDICTIVE_SIGNAL
619099,619099,6L Amritsar-Bathinda Greenfield section from Jn. with Moga Jalandhar road NH-703 near Dharamkot to Jn. with Bhagta Bhai Ka-Bhadaur Road near Dyalpura Bhai Ka from km 39.000 to km 93.000 of NH-754A Pkg-2,2026-07-01,0.32953456,0,WATCH
619100,619100,Dhangaon - Borgaon section km 81.000 to km 139.000 [Indore - Edlabad Pkg IV],2026-07-01,0.051409695,0,LOW_PREDICTIVE_SIGNAL
619101,619101,4L Shahpur to Muktainagar from Km. 186.000 to km 216.278 of NH 753L Pkg II of Boregaon Buzurg to Muktainagar,2026-07-01,0.35874352,0,WATCH
619102,619102,4 L of China Orampadu-Renigunta section of NH-716 Package-II of Kadapa-Renigunta section,2026-07-01,0.07361028,0,LOW_PREDICTIVE_SIGNAL
619103,619103,4/6 Laning of Raipur-Simga Pkg-I from km. 0.00 to km. 48.58,2026-07-01,0.08554717,0,LOW_PREDICTIVE_SIGNAL
619104,619104,,2026-05-01,0.08326101,0,LOW_PREDICTIVE_SIGNAL
619105,619105,6L Access Controlled Ludhiana-Bathinda Greenfield highway from Jn. with Moga-Barnala Road NH-703 near village Tallewal to Jn. with Delhi-Katra Expressway NE-5 near Ludhiana village Ballowal from Km 30.300 to Km 75.543 of NH-754AD Pkg-2,2026-07-01,0.37746993,0,WATCH
619106,619106,4 Lane with PS from Des. Ch 182.300 to Des. Ch. 228.500 of Belgaum-Hungund-Raichur Section of NH 748 A Package-5,2026-07-01,0.38209108,0,WATCH
619107,619107,4 Lane with PS from Des. Ch 136.100 to Des. Ch. 182.300 of Belgaum-Hungund-Raichur Section of NH-748A Package-4,2026-07-01,0.17045705,0,LOW_PREDICTIVE_SIGNAL
619108,619108,4 Lane with PS from Des. Ch 0.000 to Des. Ch. 43.800 of Belgaum-Hungund-Raichur Section of NH-748A Package-1,2026-07-01,0.28657377,0,LOW_PREDICTIVE_SIGNAL
619109,619109,6L of Badakumari - Karki Section from Km 179.000 to km 226.500 of NH-130-CD Package OD-3,2026-07-01,0.040368948,0,LOW_PREDICTIVE_SIGNAL
619111,619111,6L Jakkuva Korlam Section of NH-130CD Road from km 396.800 to km 421.100 Pkg 2,2026-07-01,0.042517785,0,LOW_PREDICTIVE_SIGNAL
619112,619112,6L Kantakapalle Sabbavaram Section of NH-130CD Road from Km 445.100 to Km 464.662 Pkg-4,2026-07-01,0.5852389,1,ELEVATED
619113,619113,,2026-06-01,0.12681854,0,LOW_PREDICTIVE_SIGNAL
619114,619114,Indore - Harda Pkg-II [Raghavgarh to Nanasa from km. 29.30 to km. 92.30],2026-07-01,0.52159315,1,ELEVATED
619115,619115,,2026-02-01,0.12681854,0,LOW_PREDICTIVE_SIGNAL
619117,619117,Hassan km 184.912 to Maranahally km 230.060 of NH - 75 in Karnataka,2026-07-01,0.17917134,0,LOW_PREDICTIVE_SIGNAL
619118,619118,Four Laning of Angul to Sambalpur from Km.112.000 to Km.265.000,2026-07-01,0.113228984,0,LOW_PREDICTIVE_SIGNAL
619119,619119,Cuttack-Angul Section of NH-42 New NH-55 from km 0.400 to km 60.200 Pkg-I in the State of Odisha,2026-07-01,0.10323423,0,LOW_PREDICTIVE_SIGNAL
619120,619120,Nidagatta-Mysore Pkg II,2026-07-01,0.116282806,0,LOW_PREDICTIVE_SIGNAL
619121,619121,,2026-05-01,0.20351215,0,LOW_PREDICTIVE_SIGNAL
619122,619122,,2026-05-01,0.23214228,0,LOW_PREDICTIVE_SIGNAL
619123,619123,6L Access Controlled Greenfield Highway from Narayanmpet Ch. 203500 to Chandrasekharpuram Ch. 228000Package-10,2026-07-01,0.23886722,0,LOW_PREDICTIVE_SIGNAL
619124,619124,6L Access Controlled Greenfield Highway from Polavaram Ch. 260000 to Marripudi Ch. 285500 of [NH-544G]Package-12,2026-07-01,0.45397478,0,WATCH
619125,619125,6L Access Controlled Greenfield Highway from Somavarappadu Ch.314.600 to Muppavaram Ch.343240 of [NH-544G] Package-14,2026-07-01,0.65211624,1,ELEVATED
619126,619126,6L Access Controlled Greenfield Highway from Marripudi Ch. 285500 to Somavarappadu Ch. 314600 of [NH-544G] Package-13,2026-07-01,0.7374403,1,HIGH_PREDICTIVE_SIGNAL
619127,619127,4L of Greenfield Alignment from Km. 47.000 to Km. 89.210 of Balbhadarpur to Bela Nawda Section of NH-119D,2026-07-01,0.16400065,0,LOW_PREDICTIVE_SIGNAL
619128,619128,Khammam-Devarapalle Pkg II [4L Access Controlled Greenfield from Somavaram village to Chintagudem village Design Chainage 33604 to 63117],2026-07-01,0.17492199,0,LOW_PREDICTIVE_SIGNAL
619129,619129,Mahabalipuram - Pondicherry Pkg-I [Mamallapuram to Mugaiyur],2026-07-01,0.34872964,0,WATCH
619130,619130,Mahabalipuram - Pondicherry Pkg-II [Mugaiyur to Marakkanam],2026-07-01,0.4213433,0,WATCH
619131,619131,Four Laning of Chettikulam to Natham section of NH-785,2026-07-01,0.10254344,0,LOW_PREDICTIVE_SIGNAL
619132,619132,4/6L of Gurgaon - Pataudi - Rewari from km. 0.00 to km.43.87 of NH-352W,2026-07-01,0.07295888,0,LOW_PREDICTIVE_SIGNAL
619134,619134,6L of Ambala-Chandigarh greenfield section from Km. 0.000 to Km. 25.000 with 4L spur to Lalru from Km. 0.000 to Km. 5.828 & spur to PR-7 road from Km. 0.000 to Km. 11.157,2026-07-01,0.26182953,0,LOW_PREDICTIVE_SIGNAL
619136,619136,Rehabilitation and Upgradation of Chorma - Bairgania Section of National Highway No 227F to 2 lane with paved shoulders from Design Ch.0.000 to Ch. 34.566,2026-07-01,0.027908143,0,LOW_PREDICTIVE_SIGNAL
619137,619137,,2026-04-01,0.25609282,0,LOW_PREDICTIVE_SIGNAL
619138,619138,Yekkambi-Haveri,2026-07-01,0.4924041,0,WATCH
619139,619139,Construction of New Double Tier 4L Elevated Corridor from Chennai Port to Maduravoyal in Chennai District from km -0.342 to Km 20.593 and Package III from Km 9.700 to Km 14.185,2026-07-01,0.61755913,1,ELEVATED
619140,619140,6L of Naidupeta Junction - Turpukanupur Section from km 57.046 to km 91.927,2026-07-01,0.2647179,0,LOW_PREDICTIVE_SIGNAL
619141,619141,Construction of four lane access controlled highway from Chillakuru cross road to Turpu KanupurPart 1 of Package - II km 0.000 131.500 of NH - 16 to km 23.770 on New NH-516W including six lane flyover and approaches on NH-16 length km 1.050 and six lane access controlled from Turpu Kanupur to Port South Gate Part 2 of Package - II km 23.770 to km 35.015 on New NH-516W in the state of Andhra Pradesh on HAM Mode under Bharatmala Pariyojana Phase I,2026-07-01,0.409664,0,WATCH
619142,619142,Construction of 4-lane connectivity to Banbasa ICP at India Nepal border from NH-09 old NH-125 Sitarganj-Tanakpur at Km 40.00 near Jagbuda bridge under Bharatmala Priyojana of NH-109D on EPC mode in the State of Uttarakhand,2026-07-01,0.33322567,0,WATCH
619143,619143,4L Access Controlled Greenfield Highway section on NH-163G Khammam Vijayawada from BrahmanapalliK village at Design Ch. 250.400 Km to Remidicherla village at Design Ch. 280.200 KmPackage-II,2026-07-01,0.5104721,1,ELEVATED
619144,619144,,2026-05-01,0.14153835,0,LOW_PREDICTIVE_SIGNAL
619145,619145,Four Laning of Una to Kodinar from km. 180.478 to km. 221.610 Package-V,2026-07-01,0.071158655,0,LOW_PREDICTIVE_SIGNAL
619146,619146,,2026-06-01,0.15142377,0,LOW_PREDICTIVE_SIGNAL
619147,619147,,2026-05-01,0.1769796,0,LOW_PREDICTIVE_SIGNAL
619148,619148,,2026-05-01,0.13159071,0,LOW_PREDICTIVE_SIGNAL
619149,619149,4L of Ratnagiri - Kolhapur section of NH-166 from km 0.000 to km 19.769 and km 31.000 to km 67.140 Pkg I,2026-07-01,0.20303096,0,LOW_PREDICTIVE_SIGNAL
619150,619150,BRT Tiger Reserve Boundary Km.287.500 to Bangalore Section Km.458.420 of NH-209 in Karnataka,2026-07-01,0.08983518,0,LOW_PREDICTIVE_SIGNAL
619152,619152,Bakhtiyarpur Km 153.300 to Mokama Km 197.900,2026-07-01,0.0643299,0,LOW_PREDICTIVE_SIGNAL
619153,619153,4L of HP/Punjab Border - Mo from km. 11.00 to km. 42.00 of Old NH-20 New NH-154 Package-IA,2026-07-01,0.14592038,0,LOW_PREDICTIVE_SIGNAL
619154,619154,Construction of Four Lane Highway from Ghazipur- Ballia-UP/Bihar State Border Greenfield section of NH-31 Package III [from Pindari km 78.150 to Rawalganj Bypass Km 117.120] on EPC Mode in the state of Uttar Pradesh.,2026-07-01,0.38957223,0,WATCH
619155,619155,Upgradation and 4L of Haridwar Bypass from Km 0.000 Km 188.100 of NH-58 to Km. 15.100 Km 5.100 of NH 74 PKg-1,2026-07-01,0.2861284,0,LOW_PREDICTIVE_SIGNAL
619156,619156,4 Laning of Paramakudi to Ramanathapuram Section of NH-87 Old NH-49,2026-07-01,0.011988533,0,LOW_PREDICTIVE_SIGNAL
619157,619157,4 Laning of Talcher to end of Kamakhyanagar Bypass km 8.844 - km 15.725 of NH-149 and km 301.875 - km 335.946 of NH-53 Pkg-I,2026-07-01,0.21372777,0,LOW_PREDICTIVE_SIGNAL
619158,619158,4 Laning of Duburi Chandikhole from km 388.376 to km 428.074 Pkg-III,2026-07-01,0.28054497,0,LOW_PREDICTIVE_SIGNAL
619160,619160,Balance works in AP Portion and punch list items in TN & AP portion of NH-205,2026-07-01,0.12649308,0,LOW_PREDICTIVE_SIGNAL
619161,619161,Access Controlled Highway of 4 Lane with Paved Shoulders from Tiruvallur Design Chainage Km 1756 to TN/AP Broder Design Chainage Km 6151 of NH-716 Chennai-Tirupati Package-1,2026-07-01,0.2437641,0,LOW_PREDICTIVE_SIGNAL
619162,619162,4L of Najibabad Bypass from Km. 105.423 to Km. 118.373 excluding 2.45 Km. of NH-74 Bypass of NH-119,2026-07-01,0.07013418,0,LOW_PREDICTIVE_SIGNAL
619163,619163,4L of Baramati to Indapur Pkg-II from km. 41.400 to km. 84.550 of NH-965G Saint Tukaram Marg,2026-07-01,0.37528557,0,WATCH
619164,619164,Belgaum-Khanapur Pkg I Km 0.000-Km 30.800 of NH-4A,2026-07-01,0.31563184,0,WATCH
619165,619165,Thanamcherla-Jamandlapally 2LPS,2026-07-01,0.24616529,0,LOW_PREDICTIVE_SIGNAL
619166,619166,Umagaon-Saharsa Package-V Bakaur-Parsarma-Bangaon-Bariyahi & Spur to Mahishi,2026-07-01,0.068299614,0,LOW_PREDICTIVE_SIGNAL
619167,619167,4 Laning with PS of Pathrapalli-Katghora km 53.3 to km 92.6 Pkg-II of Bilaspur Kathghora,2026-07-01,0.24115247,0,LOW_PREDICTIVE_SIGNAL
619168,619168,6L access controlled Greenfield highway of Junction of EPE Vill.-Mavikalan to Vill.-Lohadda from Km. 0.000 to Km. 27.000 Pkg-1,2026-07-01,0.12488468,0,LOW_PREDICTIVE_SIGNAL
619171,619171,RPR FOR DURGAPUR OCP 10 MTY,2026-07-01,0.040981382,0,LOW_PREDICTIVE_SIGNAL
619172,619172,MADANNAGAR OCP 12 MTY - MDO,2026-07-01,0.080184124,0,LOW_PREDICTIVE_SIGNAL
619181,619181,Rehabilitation and Up gradation from 4 to 8 laning of Chandikhole Paradip Section of NH-53 Old NH 5A from Km.60.000 to Km.76.646 Package-4,2026-07-01,0.46523088,0,WATCH
619183,619183,Widening of Existing Road from Intermediate Lane 2-lane to 4-lane Between Km 19.994 to Km 35.180 of NH-848A Rakholi-Khadoli-Velugam Section in U.T. of Dadra and Nagar Haveli and Daman and Diu,2026-07-01,0.09312524,0,LOW_PREDICTIVE_SIGNAL
619184,619184,"Rehabilitation and up-gradation and completion of balance works of the section from Km 107.760 km to 129.445 km After Middle strait to Humphrey, Km 130.600 to 138.300 After Humphrey to Kadamtala of NH-4 Intermediate/2-Lane with hard shoulder in the Union Territory of Andaman & Nicobar Islands on EPC basis Package-IIIA",2026-07-01,0.7027605,1,HIGH_PREDICTIVE_SIGNAL
619185,619185,Rehabilitation and up-gradation and completion of balance work of section from Km 155.00 to Km 181.00 End of Jarwa to Rangat of NH -4 Total length 26 Km to Intermediate Lane/2-lane with hard shoulders in the UT of A&N Islands on EPC basis - Package-III.B Balance work,2026-07-01,0.08422815,0,LOW_PREDICTIVE_SIGNAL
619186,619186,Construction of Balance works of Major Bridge over Middle Strait Creek between Km.106.590 to km108.553 of NH-04 connecting South Andaman & Baratang Island in the Union Territory of Andaman & Nicobar Islands on EPC basis,2026-07-01,0.33171913,0,WATCH
619187,619187,"Slope protection and landslide mitigation at 4 vulnerable locations km 1.950 to Km 2.100, km 11.100 to 11.450, km 22.435 to km 22.485 and km 22.610 to km 22.680 within Sevoke-Rangpo section of NH-10 old NH-31A in Darjeeling & Kalimpong district in the State of West Bengal on EPC mode",2026-07-01,0.15591969,0,LOW_PREDICTIVE_SIGNAL
619191,619191,Kanpur LPG Bottling Plant,2026-07-01,0.45442778,0,WATCH
619193,619193,Rehabilitation and upgradation of NH-221 from km 121/0 to 165/0 Rudrampur to Bhadrachalam section to two lane with paved shoulder under NHDPIV in the state of Telangana through EPC mode,2026-07-01,0.3508696,0,WATCH
619194,619194,"Construction of Four Lane Gola Flyover at Km 99.850 of NH 730 Major Junction with State Highways -93 of Engineering, Procurement and Construction EPC mode in the State of Uttar Pradesh.",2026-07-01,0.2951194,0,LOW_PREDICTIVE_SIGNAL
619196,619196,Change of service of existing Mundra-Panipat Pipeline [Panipat - Churwa section] from Crude oil to Product,2026-07-01,0.16430013,0,LOW_PREDICTIVE_SIGNAL
619197,619197,Delhi-Vadodara Greenfield Alignment NH-148N Pkg-27 Ch.729.700 to Ch.756.052,2026-07-01,0.4267802,0,WATCH
619198,619198,Vadodara Mumbai Expressway Phase II - Pkg XII [Km. 50.700 to Km. 77.000] Masvan - Ganjad,2026-07-01,0.06295545,0,LOW_PREDICTIVE_SIGNAL
619199,619199,Bangalore Chennai Expressway Phase-II Pkg-I from km.71.000 to Km 96.000 Bethamangala in the state of Karnataka to Byreddypalli,2026-07-01,0.045168266,0,LOW_PREDICTIVE_SIGNAL
619200,619200,Delhi-Amritsar-Katra Expressway Phase-I Spur-III from Junction with Amritsar-Jalandhar road NH-3 near Bhishambarpura to Junction with Amritsar-Anjala road NH-354 near Amritsar Airport [Km 71000 to Km 99000 of Amritsar connectivity],2026-07-01,0.52975875,1,ELEVATED
619201,619201,Karnal ring road Lot-4/Pkg-1,2026-07-01,0.030680524,0,LOW_PREDICTIVE_SIGNAL
619202,619202,Dwarka Expressway from Km -0.600 to Km 5.300 - Pkg-I Shivmurti Chowk-RuB near Dwarka Sector 21,2026-07-01,0.2165832,0,LOW_PREDICTIVE_SIGNAL
619203,619203,Vadape to Thane from km 539.202 to km 563.000 section of NH-3 new NH-848,2026-07-01,0.043601695,0,LOW_PREDICTIVE_SIGNAL
619204,619204,"Capacity Augmentation in the stretch of Pimpri Sado Vadape section of NH848 Km. 460900 to Km. 537000 by Construction of Slip/Service Road on either side at various locations total length 25.140 Km LHSRHS, Flyover 2 x 25m at Borivali Junction Km. 528550 & LVUP 1 x 15m at Sherekarpada Km. 528800",2026-07-01,0.035603702,0,LOW_PREDICTIVE_SIGNAL
619205,619205,Six Laning of KT/KL Border Thalapaddy -Chengala from Km. 17.200 to Km. 57.20,2026-07-01,0.020934178,0,LOW_PREDICTIVE_SIGNAL
619206,619206,6L of Perole Nileshwar town to Taliparamba from Km 94.248 to Km 134.650 of NH-66,2026-07-01,0.26489648,0,LOW_PREDICTIVE_SIGNAL
619207,619207,Start of Kollam Bypass - Kadambattukonam,2026-07-01,0.28426638,0,LOW_PREDICTIVE_SIGNAL
619208,619208,Kadambattukonam-Kazhakuttom,2026-07-01,0.23400475,0,LOW_PREDICTIVE_SIGNAL
619209,619209,,2026-05-01,0.18199104,0,LOW_PREDICTIVE_SIGNAL
619210,619210,Dharampuri-Lonand from km. 117.00 to 166.40 Pkg-IV on Mohol-Alandi Section,2026-07-01,0.08887186,0,LOW_PREDICTIVE_SIGNAL
619211,619211,6L of MH/KN Border Nimbal Village to KN/TS Border Singnodi Village from Km. 97.000 to Km. 162.500 in Yadgir of NH-150C Pkg-III,2026-07-01,0.60013247,1,ELEVATED
619212,619212,6L Access Controlled Greenfield Highway of Julekal village to Dinnedevarapadu village from Km 242.200 to Km 280.400 Pkg-2,2026-07-01,0.24405926,0,LOW_PREDICTIVE_SIGNAL
619213,619213,6L of Hatibena - Badakumari Section from Km 146.50 to km 179.00 of NH-130-CD Package OD-2,2026-07-01,0.040873542,0,LOW_PREDICTIVE_SIGNAL
619214,619214,4L of Channarayapatna Bypass and Hassan Bypass with structures in Devihalli - Hassan section,2026-07-01,0.14882055,0,LOW_PREDICTIVE_SIGNAL
619215,619215,Cuttack-Angul Section of NH-42 New NH-55 from Km.60.200 to Km. 112.000 Pkg-II in the State of Odisha,2026-07-01,0.053365428,0,LOW_PREDICTIVE_SIGNAL
619216,619216,6L access Controlled Greenfield Highway from Adhoya Musalmana to Sadopur section of Shamli -Ambala Package-III Design Ch. Form km 84.400 to km 121.786,2026-07-01,0.26775673,0,LOW_PREDICTIVE_SIGNAL
619217,619217,4L of Haridwar-Nagina section from km. 0.00 to km. 71.614 of NH-74,2026-07-01,0.08138058,0,LOW_PREDICTIVE_SIGNAL
619218,619218,4L Tumkur-Shimoga Pkg-I from Mallasandra to Karadi village of NH-206 from Km. 12.300 to Km. 65.195,2026-07-01,0.08030248,0,LOW_PREDICTIVE_SIGNAL
619219,619219,4L of Tumkur-Shimoga Pkg-II from Km 65.195 Karadi to Km 121.900 Banawara of NH-206,2026-07-01,0.077094264,0,LOW_PREDICTIVE_SIGNAL
619220,619220,Tumkur-Shimoga Pkg-III from Km 121.900 Banawara to Km 170.415 Bettadahalli of Old NH-206,2026-07-01,0.062402207,0,LOW_PREDICTIVE_SIGNAL
619221,619221,Realignment of Rudrapur-Kathgodam Section of NH-87 New NH-109 From Design Chainage 000 Existing Chainage Km.54050 To Design Chainage 7875 Existing Chainage Km.61550 Due To Proposed Expansion Of Pantnagar Airport in the state of Uttarakhand.,2026-07-01,0.019631445,0,LOW_PREDICTIVE_SIGNAL
619222,619222,"Balance works of four lane from km 43.950 Thiruvallur Bypass to km 61.470 Veppampattu Bypass passing through Thannerkulam, Thozur and Sevapet Bypass 17.520 kms of Tirupathi- Tiruttani- Chennai section of NH 205",2026-07-01,0.26456848,0,LOW_PREDICTIVE_SIGNAL
619223,619223,Petro Resid Fluidized Catalytic Cracking [PRFCC] Unit and its associated facilities at Mumbai Refinery,2026-07-01,0.0688841,0,LOW_PREDICTIVE_SIGNAL
619224,619224,Augmentation of DUPL-DPPL Pipeline,2026-07-01,0.47517067,0,WATCH
619225,619225,Installation of Compression facility at GAIL Usar,2026-07-01,0.080184124,0,LOW_PREDICTIVE_SIGNAL
619226,619226,Provision of four bitumen tanks with capacity of 5 TMT each at Visakh Refinery,2026-07-01,0.38194463,0,WATCH
619227,619227,Network Expansion Scheme in Maharashtra for removal of Transmission constraints in Pune Region-I [765/400kV AIS Pune East],2026-07-01,0.035988905,0,LOW_PREDICTIVE_SIGNAL
619228,619228,Transmission System Strengthening for integration of additional RE Potential at Davanagere [0.25 GW] and Bellary [2.75 GW],2026-07-01,0.071662225,0,LOW_PREDICTIVE_SIGNAL
619229,619229,,2026-06-01,0.050827503,0,LOW_PREDICTIVE_SIGNAL
619248,619248,"lmprovement and Widening to 2-lane with Paved Shoulder of NH-13 & 15 Old NH-52 from Existing Km 745.60 Design Km 0.000 to Existing km 770.600 Design Km 24.819 Brahmakund T-junction to Kamlang T-Junction, Existing Length 25.00 Km, Design Length 24.819 Km in the state of Arunachal Pradesh on EPC mode Pkg-1",2026-07-01,0.088980734,0,LOW_PREDICTIVE_SIGNAL
619251,619251,Construction of two lane with paved shoulder of Ghatol Bypass from km 133.250 to km 140.950 of NH-56 old NH No. 113 on EPC mode in the State of Rajasthan.,2026-07-01,0.18169802,0,LOW_PREDICTIVE_SIGNAL
619253,619253,Construction of 4 lane Bypass to Nalgonda Town lrorn Km 000 Existing Ch. 181590 to Km 14.00 Existing Ch. 28/685 ol Nakrekal to Nagarjunsagar Section of NH -565 in the State of Telangara on EPC under Annual Plan 2024 -25,2026-07-01,0.2136951,0,LOW_PREDICTIVE_SIGNAL
619265,619265,Rehabilitation & Upgradation of Thorrur to Nehru Nagar section to Two Lane with Paved shoulders from Km 109/420 to Km 178/500 of NH 930P in the state of Telangana on EPC mode under Annual Plan 2022-2023,2026-07-01,0.019631445,0,LOW_PREDICTIVE_SIGNAL
619270,619270,"Upgradation of 6 laned Jaipur- Kishangarh section of NH-48 from km 274100 to 363885 involving construction of flyovers and Service road in Rajasthan On Engineering, Procurement & Construction EPC Mode",2026-07-01,0.029939342,0,LOW_PREDICTIVE_SIGNAL
619271,619271,Construction of Elevated Corridor at Kherwara Town on Udaipur Ratanpur Shamlaji Section of NH-48 in Udaipur District in the State of Rajasthan on EPC mode,2026-07-01,0.029939342,0,LOW_PREDICTIVE_SIGNAL
619289,619289,4L of Munger Mirzachauki section from Munger to Kharia village junction from Km 69520 to Km 95580 Pkg-1,2026-07-01,0.1721438,0,LOW_PREDICTIVE_SIGNAL
619291,619291,,2026-06-01,0.6212916,1,ELEVATED
619292,619292,4L Medinipur to Ballupur from Km. 458.65 to Km. 487.65 of NH-07Pkg-2,2026-07-01,0.3018015,0,WATCH
619293,619293,Construction of 4 Lane Access Controlled Bypass for Dehradun on NH307 from Design Chainage km 0050 Jhajra on NH-07 to Design Chainage km 12220 Asharori on EPC Mode in the State of Uttarakhand under NHO,2026-07-01,0.16752163,0,LOW_PREDICTIVE_SIGNAL
619294,619294,Road Safety Improvement of existing four lane section of Dehradun-Lal Tappar-Nepali Farm Section of NH-7 and Nepali Farm-Motichur NH-34 on EPC Mode in Uttarakhand under NHO.,2026-07-01,0.022209615,0,LOW_PREDICTIVE_SIGNAL
619295,619295,Four/Six laning of Bhaniyawala-Jollygrant-Rishikesh spur section of NH-07 from Km. 0.000 to Km 19.780,2026-07-01,0.030290568,0,LOW_PREDICTIVE_SIGNAL
619297,619297,Upgradation of Existing Two Lane Carriageway to Two Lane Carriageway with Paved Shoulder from Ch. 665686 Existing Km. 665.686 in Khanpur Village in Vansda Taluka to Ch. 710470 Existing Km. 710.483 in Karvad Village in Vapi Taluka Length 44.784 Km Section of NH-56 in the State of Gujarat on EPC Mode,2026-07-01,0.04017684,0,LOW_PREDICTIVE_SIGNAL
619298,619298,Construction of 6 Lane Elevated corridor from KM 612582 to KM 617540 including construction of Service Roads in Kolhapur City on NH -48 in the State of Maharashtra on EPC mode under NHO,2026-07-01,0.022161674,0,LOW_PREDICTIVE_SIGNAL
619299,619299,Construction of a 6-Lane Elevated Corridor from Km 593766 to Km 596620 Including Construction of Service Roads in Kagal City on NH-48 in the State of Maharashtra on EPC Mode.,2026-07-01,0.022161674,0,LOW_PREDICTIVE_SIGNAL
619300,619300,Construction of Four Lane Nagpur-Katol section of NH-353J including Mitigation Structures from Design Ch. 37000 to Ch. 45990 Tiger Corridor-I Mitigation Structures from Design Ch. 37000 to Ch. 45990 Tiger Corridor-I in the State of Maharashtra on EPC Mode,2026-07-01,0.029939342,0,LOW_PREDICTIVE_SIGNAL
619301,619301,Construction of Approach Road to Rail-cum- Road Bridge across river Ganga at Munger Ghat NH-333 B,2026-07-01,0.059989106,0,LOW_PREDICTIVE_SIGNAL
619305,619305,4L of Munger Mirzachauki section from start of existing Bhagalpur bypass to Rasulpur from Km 125000 to Km 157350 Pkg-3,2026-07-01,0.24762669,0,LOW_PREDICTIVE_SIGNAL
619306,619306,4L of Munger Mirzachauki section from Km 95580 to Km 125000 Pkg-2,2026-07-01,0.05172079,0,LOW_PREDICTIVE_SIGNAL
619307,619307,4L of Munger Mirzachauki section from Km 157350 to Km 193931 Pkg-4,2026-07-01,0.09699887,0,LOW_PREDICTIVE_SIGNAL
619308,619308,6L access-controlled highway from Ganeshpur tonear Mohand of Ganeshpur Dehradun section from Km.0 to Km.8.3 of NH-72A Package-1,2026-07-01,0.108013816,0,LOW_PREDICTIVE_SIGNAL
619311,619311,Kalai-II Hydro Electric Project [1200 MW],2026-07-01,0.051299643,0,LOW_PREDICTIVE_SIGNAL
619312,619312,Bulk Loading Hub- Kanpur,2026-07-01,0.39121446,0,WATCH
619313,619313,Setting up of 50 MW [plus/minus 5 percent] Wind Power Plant for Captive Consumption at MR,2026-07-01,0.11070582,0,LOW_PREDICTIVE_SIGNAL
619314,619314,Pipeline Replacement Project- PRP-IX,2026-07-01,0.049608354,0,LOW_PREDICTIVE_SIGNAL
619316,619316,"Group Gathering Station, Lakwagaon",2026-07-01,0.27866238,0,LOW_PREDICTIVE_SIGNAL
619317,619317,4L of Hajipur-Muzaffarpur Section of the existing NH-77 from Km. 0000 Ramashish Chowk to Km. 46300 and new bypass starting at Km. 46300 and connecting NH-28 of E-W Corridor at Km. 515045,2026-07-01,0.16015986,0,LOW_PREDICTIVE_SIGNAL
619318,619318,4/6L Greenfield Ludhiana Rupnagar highway from Jn. with NE-5 village near to ManewalLudhiana to Jn. with NH-205 near Bheora Village Rupnagar from Km. 0.00 to Km. 37.7 including spur to Kharar with Ludhiana bypass of NH-205K Pkg-1,2026-07-01,0.7524517,1,HIGH_PREDICTIVE_SIGNAL
619320,619320,,2026-05-01,0.10260644,0,LOW_PREDICTIVE_SIGNAL
619321,619321,Balance work of widening to two laning/re-alignment and geometric improvement from Km. 11000 to Km. 114618 with rectification of damaged stretches and provision of protection works in vulnerable location of NH-44 in the State of Mizoram.,2026-07-01,0.04338388,0,LOW_PREDICTIVE_SIGNAL
619326,619326,,2026-06-01,0.050827503,0,LOW_PREDICTIVE_SIGNAL
619328,619328,ONGC-BP Redevelopment Phase-1 Scheme of Mumbai High Field,2026-07-01,0.19983582,0,LOW_PREDICTIVE_SIGNAL
619341,619341,"Telangana Super Thermal Power Project , Stage-II [3 x 800 MW]",2026-07-01,0.042375877,0,LOW_PREDICTIVE_SIGNAL
619347,619347,Balance Work Estimate of Rehabilitation and Up-gradation of NH- 43 from Km. 468.600 to Km. 531.250 Pathalgaon to kunkuri Section to two-lane with paved shoulder in the State of Chhattisgarh on SBD mode under NHO under Annual plan 2025-26,2026-07-01,0.029939342,0,LOW_PREDICTIVE_SIGNAL
635651,635651,"New Product Testing Laboratory for NPM, SPP & NHSM at RSP",2026-07-01,0.22493818,0,LOW_PREDICTIVE_SIGNAL
660056,660056,Amended BharatNet Program - KL,2026-07-01,0.07176242,0,LOW_PREDICTIVE_SIGNAL
665021,665021,Amended BharatNet Program - UKD,2026-07-01,0.3715619,0,WATCH
701101,701101,"Construction of New Domestic Terminal Building [Phase-I and II] and other allied structures at JPNI Airport, Patna",2026-07-01,0.036602434,0,LOW_PREDICTIVE_SIGNAL
701105,701105,,2026-05-01,0.10385029,0,LOW_PREDICTIVE_SIGNAL
701107,701107,Construction of New Integrated Terminal Building and associated works including apron to park 3 code E type of aircraft or 6 code C type of aircraft at Vijayawada Airport.,2026-07-01,0.5239685,1,ELEVATED
701113,701113,"Development of Lal Bahadur Shastri International airport, Varanasi including C/o New Terminal Building, Apron Extension, Runway Extension, PTT and allied works.",2026-07-01,0.2911372,0,LOW_PREDICTIVE_SIGNAL
701121,701121,Construction of New Domestic Terminal Building at Rajahmundry Airport.,2026-07-01,0.053471945,0,LOW_PREDICTIVE_SIGNAL
701122,701122,Development of New Integrated Civil Enclave at Agra Airport,2026-07-01,0.3059981,0,WATCH
701126,701126,"Development of Dholera International Greenfield Airport , Gujarat",2026-07-01,0.06309878,0,LOW_PREDICTIVE_SIGNAL
701127,701127,Construction of New Passenger Terminal Building for Domestic Operations at Jodhpur Airport.,2026-07-01,0.09918789,0,LOW_PREDICTIVE_SIGNAL
701128,701128,Construction of New Integrated Passenger Terminal Building at Udaipur Airport,2026-07-01,0.16858819,0,LOW_PREDICTIVE_SIGNAL
701167,701167,AIIMS Kashmir at Awantipora Jammu & Kashmir,2026-07-01,0.37129465,0,WATCH
701168,701168,ALL India Institute of Medical Sciences-AIIMS Madurai,2026-07-01,0.5351252,1,ELEVATED
701170,701170,AIIMS Rajkot,2026-07-01,0.1519384,0,LOW_PREDICTIVE_SIGNAL
701171,701171,AIIMS Bibinagar,2026-07-01,0.31001544,0,WATCH
701172,701172,AIIMS Darbhanga,2026-07-01,0.19703946,0,LOW_PREDICTIVE_SIGNAL
701173,701173,AIIMS Majra Rewari Haryana,2026-07-01,0.23034818,0,LOW_PREDICTIVE_SIGNAL
701228,701228,Kochi - Koottanad - Bangalore - Mangalore Pipeline Phase-II,2026-07-01,0.45877323,0,WATCH
701263,701263,,2026-05-01,0.10294433,0,LOW_PREDICTIVE_SIGNAL
701289,701289,Capacity Expansion of Panipat Refinery from 15 to 25 MMTPA,2026-07-01,0.09858246,0,LOW_PREDICTIVE_SIGNAL
701324,701324,Barauni Refinery Capacity Expansion from 6.0 to 9.0 MMTPA,2026-07-01,0.13901348,0,LOW_PREDICTIVE_SIGNAL
701329,701329,Petrochemical and Lube Integration Project at Gujarat Refinery,2026-07-01,0.16187929,0,LOW_PREDICTIVE_SIGNAL
701330,701330,Mehsana-Bhatinda & Bhatinda-Jammu Natural Gas Pipeline,2026-07-01,0.18504007,0,LOW_PREDICTIVE_SIGNAL
701338,701338,City Gas Distribution Maharashtra Natural Gas Limited,2026-07-01,0.652584,1,ELEVATED
701343,701343,,2026-06-01,0.14051244,0,LOW_PREDICTIVE_SIGNAL
701344,701344,Dhamra Haldia Pipeline Project,2026-07-01,0.04801245,0,LOW_PREDICTIVE_SIGNAL
701346,701346,North East Gas Grid,2026-07-01,0.07756237,0,LOW_PREDICTIVE_SIGNAL
701349,701349,Paradip-Numaligarh Crude Oil Pipeline [PNCPL] & Crude Oil Import Terminal [COIT] at Paradip,2026-07-01,0.0401377,0,LOW_PREDICTIVE_SIGNAL
701350,701350,,2026-02-01,0.15330161,0,LOW_PREDICTIVE_SIGNAL
701354,701354,,2026-04-01,0.15963924,0,LOW_PREDICTIVE_SIGNAL
701370,701370,Borolia Irrigation Project,2026-07-01,0.6943543,1,ELEVATED
701372,701372,Sardar Sarovar Project,2026-07-01,0.4478504,0,WATCH
701376,701376,"Subernarekha Multipurpose Project, Jharkhand",2026-07-01,0.23556857,0,LOW_PREDICTIVE_SIGNAL
701377,701377,Upper Tunga Irrigation Project,2026-07-01,0.21008849,0,LOW_PREDICTIVE_SIGNAL
701383,701383,Waghur Project,2026-07-01,0.41071218,0,WATCH
701386,701386,Gosikhurd Project,2026-07-01,0.7999131,1,HIGH_PREDICTIVE_SIGNAL
701391,701391,Aruna Medium Irrigation Project,2026-07-01,0.02265841,0,LOW_PREDICTIVE_SIGNAL
701395,701395,,2026-06-01,0.67766285,1,ELEVATED
701396,701396,Lower Pedhi Project,2026-07-01,0.2558808,0,LOW_PREDICTIVE_SIGNAL
701398,701398,Nardave Medium Irrigation Project,2026-07-01,0.34072578,0,WATCH
701399,701399,Kudali Irrigation Project,2026-07-01,0.26657432,0,LOW_PREDICTIVE_SIGNAL
701400,701400,Thoubal Multipurpose Project,2026-07-01,0.056272674,0,LOW_PREDICTIVE_SIGNAL
701402,701402,"Subernarekha Project, Odisha",2026-07-01,0.4004131,0,WATCH
701404,701404,Kanupur Irrigation Project,2026-07-01,0.45941016,0,WATCH
701405,701405,J. Chokka Rao Devadula Lift Irrigation Scheme,2026-07-01,0.38664457,0,WATCH
701406,701406,,2026-06-01,0.13159071,0,LOW_PREDICTIVE_SIGNAL
701408,701408,Madhya Ganga canal Phase-II,2026-07-01,0.2825959,0,LOW_PREDICTIVE_SIGNAL
701410,701410,Relining of Rajasthan feeder and Sirhind Feeder canal,2026-07-01,0.11444391,0,LOW_PREDICTIVE_SIGNAL
701411,701411,Shahpur Kandi Dam Project,2026-07-01,0.26374903,0,LOW_PREDICTIVE_SIGNAL
701412,701412,North Koel Reservoir Project,2026-07-01,0.039035276,0,LOW_PREDICTIVE_SIGNAL
701415,701415,Polavaram Irrigation Project,2026-07-01,0.010636401,0,LOW_PREDICTIVE_SIGNAL
701530,701530,Ken-Betwa Linking Development Project,2026-07-01,0.16444221,0,LOW_PREDICTIVE_SIGNAL
701565,701565,Jal Marg Vikas Project,2026-07-01,0.16234328,0,LOW_PREDICTIVE_SIGNAL
701568,701568,,2026-02-01,0.27956283,0,LOW_PREDICTIVE_SIGNAL
701570,701570,"Replacement and revamping of pipeline projects in oil jetty area, Kandla",2026-07-01,0.189354,0,LOW_PREDICTIVE_SIGNAL
701574,701574,Deepening and Optimization of Inner Harbour facilities including development of Western Dock on BOT basis to handle Cape size vessels,2026-07-01,0.13096023,0,LOW_PREDICTIVE_SIGNAL
701576,701576,,2026-02-01,0.10260644,0,LOW_PREDICTIVE_SIGNAL
701577,701577,,2026-03-01,0.093885526,0,LOW_PREDICTIVE_SIGNAL
701586,701586,,2026-03-01,0.050827503,0,LOW_PREDICTIVE_SIGNAL
701593,701593,4G Services by BSNL,2026-07-01,0.21442318,0,LOW_PREDICTIVE_SIGNAL
701597,701597,Provision of 4G Mobile Services in Uncovered Villages of Arunachal Pradesh and 2 Districts of Assam,2026-07-01,0.07039045,0,LOW_PREDICTIVE_SIGNAL
701598,701598,Provision of 4G based Mobile Services in Uncovered Villages and National Highways of Meghalaya,2026-07-01,0.13324277,0,LOW_PREDICTIVE_SIGNAL
701599,701599,Mobile connectivity in Left Wing Extremism [LWE] affected areas-Phase2,2026-07-01,0.28301057,0,LOW_PREDICTIVE_SIGNAL
701600,701600,,2026-02-01,0.4125749,0,WATCH
701602,701602,"Provision of 4G based mobile services in 7,287 uncovered villages of 44 Aspirational District across 5 states of Andhra Pradesh, Chhattisgarh, Jharkhand, Maharashtra & Odisha",2026-07-01,0.48905215,0,WATCH
701657,701657,Tumakuru Node - Phase 1 - Roads and Services Development,2026-07-01,0.40129665,0,WATCH
701658,701658,Krishnapatnam Node - Phase 1 - Roads and Services Development,2026-07-01,0.24524555,0,LOW_PREDICTIVE_SIGNAL
701661,701661,Development of IMC Khurpia Farms under AKIC Project,2026-07-01,0.029535059,0,LOW_PREDICTIVE_SIGNAL
701662,701662,IMC Rajpura - Patiala Development Project,2026-07-01,0.09503628,0,LOW_PREDICTIVE_SIGNAL
701668,701668,Development of Palakkad Node under extension of CBIC to Kochi,2026-07-01,0.058806784,0,LOW_PREDICTIVE_SIGNAL
701719,701719,Rehablitation in Junavadaj Area Smart City Project,2026-07-01,0.12460678,0,LOW_PREDICTIVE_SIGNAL
701745,701745,New Suburba Station Development Project,2026-07-01,0.057206754,0,LOW_PREDICTIVE_SIGNAL
701766,701766,Green Building Development Project,2026-07-01,0.4955517,0,WATCH
701991,701991,Kalyan Station Precinct Imporvement Project,2026-07-01,0.4092477,0,WATCH
702355,702355,,2026-04-01,0.68168354,1,ELEVATED
702625,702625,Bhopal Metro Rail Project,2026-07-01,0.1397136,0,LOW_PREDICTIVE_SIGNAL
702626,702626,Indore Metro Rail Project,2026-07-01,0.34983435,0,WATCH
702627,702627,Patna Metro Rail Project,2026-07-01,0.45556855,0,WATCH
702628,702628,Kanpur Metro Rail Project,2026-07-01,0.18705696,0,LOW_PREDICTIVE_SIGNAL
702629,702629,Agra Metro Rail Project,2026-07-01,0.18113269,0,LOW_PREDICTIVE_SIGNAL
702630,702630,Surat Metro Rail Project,2026-07-01,0.116492264,0,LOW_PREDICTIVE_SIGNAL
702631,702631,,2026-02-01,0.40980226,0,WATCH
702632,702632,DMRTS Phase - IV [3 Priority Corridors],2026-07-01,0.261362,0,LOW_PREDICTIVE_SIGNAL
702633,702633,,2026-02-01,0.101462215,0,LOW_PREDICTIVE_SIGNAL
702635,702635,Construction of Bangalore Metro Rail Project Phase 2.,2026-07-01,0.11601384,0,LOW_PREDICTIVE_SIGNAL
702637,702637,Mumbai Metro Line 3,2026-07-01,0.09925497,0,LOW_PREDICTIVE_SIGNAL
702639,702639,,2026-04-01,0.11363688,0,LOW_PREDICTIVE_SIGNAL
702658,702658,Nagpur Metro Rail Phase II Development Project,2026-07-01,0.14293553,0,LOW_PREDICTIVE_SIGNAL
702664,702664,Kochi Metro Rail Phase 2 Development Project,2026-07-01,0.45880765,0,WATCH
702665,702665,Construction Bangalore Metro Rail Project Phase-2A & 2B,2026-07-01,0.34253263,0,WATCH
702668,702668,Chennai Metro Rail Phase-II Development Project,2026-07-01,0.12042476,0,LOW_PREDICTIVE_SIGNAL
702674,702674,"ESR - 8 nos., distribution system - 216 Km, new house service connections - 38760 nos. upgrading of feeder mains, pumping station etc. - Phase II",2026-07-01,0.42714638,0,WATCH
702699,702699,Muzaffarpur Storm Water Drainage Phase-I Project,2026-07-01,0.25349155,0,LOW_PREDICTIVE_SIGNAL
702734,702734,Sewerage Management Scheme Part-3 Implementation,2026-07-01,0.31612945,0,WATCH
702735,702735,,2026-03-01,0.27338082,0,LOW_PREDICTIVE_SIGNAL
702741,702741,Dhanbad Water Supply Infrastructure Project,2026-07-01,0.3384486,0,WATCH
702742,702742,SAAP-3 Water Supply Infrastructure SAAP-3 Project,2026-07-01,0.40005356,0,WATCH
702746,702746,Augmentation and Strenghthning of Urban Water Supply Phase 1 - SAAP 3,2026-07-01,0.3462461,0,WATCH
702760,702760,Belgavi Improvement in Sewerage System Project,2026-07-01,0.50560766,1,ELEVATED
702764,702764,,2026-03-01,0.45513353,0,WATCH
702793,702793,Indore Water Supply Infrastructure Project,2026-07-01,0.1478925,0,LOW_PREDICTIVE_SIGNAL
702798,702798,,2026-03-01,0.34577942,0,WATCH
702808,702808,Satna Sewerage Management and Treatment Infrastructure Project,2026-07-01,0.14252397,0,LOW_PREDICTIVE_SIGNAL
702810,702810,Singrauli Sewerage Management and Treatment Infrastructure Project,2026-07-01,0.13819419,0,LOW_PREDICTIVE_SIGNAL
702833,702833,Kalyan-Dombivali Water Supply Infrastructure Project,2026-07-01,0.66385484,1,ELEVATED
702840,702840,,2026-04-01,0.25992796,0,LOW_PREDICTIVE_SIGNAL
702851,702851,,2026-06-01,0.20222081,0,LOW_PREDICTIVE_SIGNAL
702854,702854,,2026-04-01,0.24923894,0,LOW_PREDICTIVE_SIGNAL
702948,702948,,2026-01-01,0.1002407,0,LOW_PREDICTIVE_SIGNAL
702949,702949,Jhansi Water Supply Infrastructure Phase-II Project,2026-07-01,0.1146766,0,LOW_PREDICTIVE_SIGNAL
702958,702958,Lucknow Sewerage Management Infrastructure Project,2026-07-01,0.1565912,0,LOW_PREDICTIVE_SIGNAL
703021,703021,Jalandhar Water Supply Infrastructure Project,2026-07-01,0.03493835,0,LOW_PREDICTIVE_SIGNAL
703057,703057,Patiala Water Supply Infrastructure Part-2 Project,2026-07-01,0.19832161,0,LOW_PREDICTIVE_SIGNAL
703585,703585,,2026-06-01,0.5529954,1,ELEVATED
703586,703586,Baiyyappanahalli-Hosur 48 km,2026-07-01,0.49414945,0,WATCH
704495,704495,"502 Aspirational District Scheme in Four states - Bihar, Madhya Pradesh, Rajastha and Uttar Pradesh",2026-07-01,0.34711868,0,WATCH
705237,705237,Western Dedicated Freight Corridor,2026-07-01,0.118728995,0,LOW_PREDICTIVE_SIGNAL
705244,705244,Coach Production Factory Upgradation Project,2026-07-01,0.17656846,0,LOW_PREDICTIVE_SIGNAL
705252,705252,,2026-06-01,0.13229892,0,LOW_PREDICTIVE_SIGNAL
705253,705253,Kurnool Coach Midlife Rehabilitation Project,2026-07-01,0.15084939,0,LOW_PREDICTIVE_SIGNAL
705298,705298,North Region Video Surveillance Project,2026-07-01,0.46492422,0,WATCH
705356,705356,Ahmednagar - Beed - Parli - Vaijnath New Broad Gauge Line Railway Project [261.3 km],2026-07-01,0.5060233,1,ELEVATED
705357,705357,Baramati - Lonand 54 km,2026-07-01,0.2078849,0,LOW_PREDICTIVE_SIGNAL
705358,705358,Khurda Road-Bolangir 301 km,2026-07-01,0.32811955,0,WATCH
705359,705359,Talcher-Bimlagarh 154 km,2026-07-01,0.45264435,0,WATCH
705362,705362,,2026-06-01,0.6305838,1,ELEVATED
705364,705364,,2026-06-01,0.7003929,1,HIGH_PREDICTIVE_SIGNAL
705366,705366,Hajipur-Sagauli via Vaishali 148.3 km,2026-07-01,0.32272556,0,WATCH
705368,705368,Araria-Supaul 92 km,2026-07-01,0.38932258,0,WATCH
705373,705373,Fatuah-Islampur incl. material modification for extension of new line from Neora to Daniawan Daniawan to Biharsharif Biharsharif to Barbigha Barbigha to Sheikhpura,2026-07-01,0.11141181,0,LOW_PREDICTIVE_SIGNAL
705375,705375,Koderma-Tilaiya 68 km,2026-07-01,0.36790127,0,WATCH
705385,705385,Pirpainti - Jasidih 97 km,2026-07-01,0.1827596,0,LOW_PREDICTIVE_SIGNAL
705391,705391,Jiribam-Imphal 110 km,2026-07-01,0.29291,0,LOW_PREDICTIVE_SIGNAL
705392,705392,Dimapur-Kohima 88 km,2026-07-01,0.60383224,1,ELEVATED
705394,705394,Teteliya-Byrnihat 21.5 km,2026-07-01,0.11144408,0,LOW_PREDICTIVE_SIGNAL
705396,705396,,2026-06-01,0.10132628,0,LOW_PREDICTIVE_SIGNAL
705401,705401,Murkongselek-Pasighat 26.15 km,2026-07-01,0.21157499,0,LOW_PREDICTIVE_SIGNAL
705410,705410,Nangal Dam-Talwara 83.74 km - New broad gauge line & taking over siding Mukerian-Talwara 29.16 km,2026-07-01,0.3137378,0,WATCH
705419,705419,Gwalior-Sheorpurkalan with extension to Kota 284 km,2026-07-01,0.1480936,0,LOW_PREDICTIVE_SIGNAL
705424,705424,Chandigarh-Baddi 33.23 km,2026-07-01,0.101001196,0,LOW_PREDICTIVE_SIGNAL
705428,705428,,2026-06-01,0.4780701,0,WATCH
705429,705429,,2026-06-01,0.29120958,0,LOW_PREDICTIVE_SIGNAL
705432,705432,Sivok-Rangpo New Rail Line,2026-07-01,0.42306086,0,WATCH
705433,705433,Dallirajhra- Rowghat New Railway Line - Phase I [95 km],2026-07-01,0.31858802,0,WATCH
705434,705434,,2026-06-01,0.5006121,1,ELEVATED
705436,705436,,2026-06-01,0.66043556,1,ELEVATED
705437,705437,,2026-06-01,0.77251583,1,HIGH_PREDICTIVE_SIGNAL
705444,705444,Gevra Road-Pendra Road New Railway Line [135 km],2026-07-01,0.48964095,0,WATCH
705450,705450,Jogbani-Biratnagar New Rail Line project,2026-07-01,0.2473198,0,LOW_PREDICTIVE_SIGNAL
705453,705453,"Dahod-Indore via Sardarpur, Jhabua & Dhar 200.97 km incl. material modification for change in alignment via Amjhera 4.82 km",2026-07-01,0.11301298,0,LOW_PREDICTIVE_SIGNAL
705454,705454,Chhota Udepur-Dhar 157 km,2026-07-01,0.54269725,1,ELEVATED
705457,705457,Ratlam-Mhow-Khandwa-Akola 472.64 km including material modification for Fatehabad-Chandrawati Ganj-Ujjain 22.96 km and Rau-DADN doubling 9.40 km,2026-07-01,0.04247061,0,LOW_PREDICTIVE_SIGNAL
705458,705458,Miyagam-Karjan-Dabhoi-Samlaya 96.46 km- Gauge conversion with electrification,2026-07-01,0.6081039,1,ELEVATED
705464,705464,,2026-06-01,0.050827503,0,LOW_PREDICTIVE_SIGNAL
705479,705479,Wadsa-Gadchiroli 49.5 km,2026-07-01,0.11162816,0,LOW_PREDICTIVE_SIGNAL
705480,705480,"Lalitpur-Satna, Rewa-Singrauli & Mahoba-Khajuraho 541 km",2026-07-01,0.40755183,0,WATCH
705481,705481,Ramganj Mandi-Bhopal 262 km,2026-07-01,0.18278849,0,LOW_PREDICTIVE_SIGNAL
705482,705482,,2026-06-01,0.6368567,1,ELEVATED
705489,705489,Madurai-Tuticorin via Aruppukkottai 143.5 km,2026-07-01,0.2837497,0,LOW_PREDICTIVE_SIGNAL
705490,705490,Gadag - Wadi 252 km,2026-07-01,0.14639112,0,LOW_PREDICTIVE_SIGNAL
705491,705491,Marikuppam-Kuppam 23.7 km,2026-07-01,0.7638011,1,HIGH_PREDICTIVE_SIGNAL
705492,705492,Kadur-Chickmagalur-Sakleshpur 93 km,2026-07-01,0.17808072,0,LOW_PREDICTIVE_SIGNAL
705493,705493,Hubli-Ankola 167 km,2026-07-01,0.10315012,0,LOW_PREDICTIVE_SIGNAL
705494,705494,Rayadurg-Tumkur via Kalyandurg 213 km,2026-07-01,0.7633195,1,HIGH_PREDICTIVE_SIGNAL
705495,705495,Bagalkot-Kudachi 142 km,2026-07-01,0.58391523,1,ELEVATED
705496,705496,Tumkur-Chitradurg-Davangere 199.7 km,2026-07-01,0.1410121,0,LOW_PREDICTIVE_SIGNAL
705497,705497,Wardha - Yavatmal Nanded Railway Line Project,2026-07-01,0.49712297,0,WATCH
705498,705498,Kalyan-Kasara - 3rd line 67.62 km,2026-07-01,0.74548495,1,HIGH_PREDICTIVE_SIGNAL
705500,705500,Wardha Sevagram-Nagpur - 3rd line 76.3 km,2026-07-01,0.22723354,0,LOW_PREDICTIVE_SIGNAL
705502,705502,Wardha-Balharshah - 3rd line 132 km,2026-07-01,0.81348306,1,HIGH_PREDICTIVE_SIGNAL
705503,705503,,2026-03-01,0.413061,0,WATCH
705504,705504,Daund - Manmad 247.50 km,2026-07-01,0.43981382,0,WATCH
705505,705505,Wardha-Nagpur - 4th line 78.70 km,2026-07-01,0.41729417,0,WATCH
705506,705506,3rd Line Manmad - Jalgaon [160 Kilometres],2026-07-01,0.0636429,0,LOW_PREDICTIVE_SIGNAL
705507,705507,Itarsi-Nagpur bal. 280 km,2026-07-01,0.59633553,1,ELEVATED
705510,705510,Bhadrak-Nergundi - 3rd line 80 km,2026-07-01,0.36812064,0,WATCH
705511,705511,Jagdalpur-Koraput 110.22 km,2026-07-01,0.2021149,0,LOW_PREDICTIVE_SIGNAL
705512,705512,Kottavalasa-Koraput 189.278 km,2026-07-01,0.20222624,0,LOW_PREDICTIVE_SIGNAL
705513,705513,Koraput-Singapur Road 164.56 km,2026-07-01,0.8050636,1,HIGH_PREDICTIVE_SIGNAL
705514,705514,Jarapaada-Budhapank with flyover at Talcher Road - 3rd & 4th line 47 44 km,2026-07-01,0.17248164,0,LOW_PREDICTIVE_SIGNAL
705515,705515,Budhapank-Salegaon via Rajatgarh - 3rd & 4th line 85 85 km,2026-07-01,0.4736372,0,WATCH
705526,705526,Samastipur-Darbhanga 38 km,2026-07-01,0.25629303,0,LOW_PREDICTIVE_SIGNAL
705527,705527,Sagauli - Valmikinagar 109.7 km,2026-07-01,0.19202764,0,LOW_PREDICTIVE_SIGNAL
705528,705528,Muzaffarpur - Sagauli 100.6 km,2026-07-01,0.4747891,0,WATCH
705562,705562,Chhapra-Ballia - Patch doubling 65 km,2026-07-01,0.2591282,0,LOW_PREDICTIVE_SIGNAL
705567,705567,Burhwal - Gonda - 3rd line 61.72 km,2026-07-01,0.022831181,0,LOW_PREDICTIVE_SIGNAL
705572,705572,New Bongaigaon - Goalpara - Guwahati Kamakhya 176 km,2026-07-01,0.17528805,0,LOW_PREDICTIVE_SIGNAL
705583,705583,Anand Vihar-Tilak Bridge - 3rd & 4th line 9.77 km,2026-07-01,0.6732573,1,ELEVATED
705588,705588,Janghai - Pratapgarh - Amethi 87 km,2026-07-01,0.70855975,1,HIGH_PREDICTIVE_SIGNAL
705598,705598,Jhansi-Bina - 3rd line 152.57 km,2026-07-01,0.044241786,0,LOW_PREDICTIVE_SIGNAL
705608,705608,Jhansi-Khairar-Manikpur & Khirar-Bhimsen,2026-07-01,0.32772583,0,WATCH
705610,705610,"Renigunta 9.60 km, Wadi 7.60 km & Gooty 3.8 km - Bypass",2026-07-01,0.29327035,0,LOW_PREDICTIVE_SIGNAL
705612,705612,,2026-06-01,0.5337257,1,ELEVATED
705613,705613,,2026-06-01,0.45384267,0,WATCH
705616,705616,Jharsuguda - Bilaspur - 4th line 206 km,2026-07-01,0.12317777,0,LOW_PREDICTIVE_SIGNAL
705617,705617,Rajnandgaon-Nagpur - 3rd line 228 km,2026-07-01,0.18597949,0,LOW_PREDICTIVE_SIGNAL
705628,705628,Bondamunda - Ranchi 158.50 km,2026-07-01,0.2660674,0,LOW_PREDICTIVE_SIGNAL
705629,705629,Narayangarh - Bhadrak - 3rd line 155 km,2026-07-01,0.1496281,0,LOW_PREDICTIVE_SIGNAL
705632,705632,Vijayawada19.50 km & Kazipet10.65 km -Byepass line,2026-07-01,0.29782027,0,LOW_PREDICTIVE_SIGNAL
705633,705633,,2026-06-01,0.5746246,1,ELEVATED
705635,705635,Trivandrum- Kanyakumari,2026-07-01,0.5826123,1,ELEVATED
705638,705638,Kumbalam-Turavur - Patch doubling 15.59 km,2026-07-01,0.16670942,0,LOW_PREDICTIVE_SIGNAL
705639,705639,Ernakulam-Kumbalam - Patch doubling 7.71 km,2026-07-01,0.587673,1,ELEVATED
705648,705648,,2026-06-01,0.3716991,0,WATCH
705650,705650,,2026-06-01,0.24044427,0,LOW_PREDICTIVE_SIGNAL
705651,705651,,2026-02-01,0.23424833,0,LOW_PREDICTIVE_SIGNAL
705659,705659,Satna - Rewa 50 km,2026-07-01,0.22032143,0,LOW_PREDICTIVE_SIGNAL
705660,705660,,2026-06-01,0.68090767,1,ELEVATED
705661,705661,Katni - Grade separator / bypass 21.50 km,2026-07-01,0.42371613,0,WATCH
705662,705662,,2026-02-01,0.3136868,0,WATCH
705663,705663,Bangalore-Whitefield-Bangalore City-Krishnarajapuram 23.08 km - Quadrupling,2026-07-01,0.1365323,0,LOW_PREDICTIVE_SIGNAL
705667,705667,Mathura-Jhansi - 3rd line 273.80 km,2026-07-01,0.07486332,0,LOW_PREDICTIVE_SIGNAL
705668,705668,Kharagpur-Adityapur - 3rd line 132 km,2026-07-01,0.06434115,0,LOW_PREDICTIVE_SIGNAL
705728,705728,Mumbai-Ahmedabad High Speed Rail Project- 508 km,2026-07-01,0.8492924,1,HIGH_PREDICTIVE_SIGNAL
705730,705730,,2026-06-01,0.34999093,0,WATCH
705735,705735,Solapur-Osmanabad - New line via Tuljapur 84.44 km umbrella work PB23/2018-19/NR,2026-07-01,0.6825391,1,ELEVATED
705741,705741,Jeypore - Navarangpur 38 km,2026-07-01,0.2988228,0,LOW_PREDICTIVE_SIGNAL
705742,705742,Jeypore - Malkangiri 130 km,2026-07-01,0.19384806,0,LOW_PREDICTIVE_SIGNAL
705747,705747,,2026-06-01,0.050827503,0,LOW_PREDICTIVE_SIGNAL
705752,705752,Gudha-Thathana Mithri - Construction of dedicated test track for testing and trial of rolling stocks and infrastructure components umbrella work PB23/2018-19/NR,2026-07-01,0.25983277,0,LOW_PREDICTIVE_SIGNAL
705761,705761,Shimoga-Shikaripura-Ranebennur 103 km umbrella work PB23/2018-19/NR,2026-07-01,0.2202675,0,LOW_PREDICTIVE_SIGNAL
705762,705762,,2026-06-01,0.030992052,0,LOW_PREDICTIVE_SIGNAL
705763,705763,,2026-06-01,0.15410008,0,LOW_PREDICTIVE_SIGNAL
705764,705764,Nimach-Badi Sadri NL Project 48 km,2026-07-01,0.18603717,0,LOW_PREDICTIVE_SIGNAL
705765,705765,Gomoh - Flyover for down trains 20 km,2026-07-01,0.6354257,1,ELEVATED
705766,705766,Lalitpur - Birari with flyover at Lalitpur 15.80 km,2026-07-01,0.124341354,0,LOW_PREDICTIVE_SIGNAL
705771,705771,,2026-06-01,0.46432808,0,WATCH
705772,705772,Mughalsarai - Allahabad - 3rd line 150 km,2026-07-01,0.24460123,0,LOW_PREDICTIVE_SIGNAL
705774,705774,Aligarh-Daud Khan - 3rd line 6.9 km & construction of flyover at Daud Khan,2026-07-01,0.17319365,0,LOW_PREDICTIVE_SIGNAL
705777,705777,Bhandai - Flyover for Etawah bound down trains 10 km,2026-07-01,0.5000871,1,ELEVATED
705780,705780,Bhatni - Aunrihar with electrification 125 km excl Indara - Mau 116.95 km,2026-07-01,0.1726544,0,LOW_PREDICTIVE_SIGNAL
705782,705782,Barabanki-Malhaur - 3rd & 4th Line 32.84 km,2026-07-01,0.34196582,0,WATCH
705783,705783,Ludhiana-Kila Raipur 19 km with freight line at Gill station,2026-07-01,0.30338067,0,WATCH
705785,705785,Lodhma-Piska - Link line bypassing Hatia / Ranchi with Y connection 17.2 km,2026-07-01,0.7933335,1,HIGH_PREDICTIVE_SIGNAL
705789,705789,,2026-01-01,0.2121815,0,LOW_PREDICTIVE_SIGNAL
705793,705793,Raising of speed to 160 kmph/200 kmph on existing New Delhi-Mumbai route incl. Vadodara-Ahmedabad,2026-07-01,0.3923145,0,WATCH
705794,705794,,2026-06-01,0.13229892,0,LOW_PREDICTIVE_SIGNAL
705799,705799,,2026-06-01,0.5915696,1,ELEVATED
705912,705912,,2026-06-01,0.15535194,0,LOW_PREDICTIVE_SIGNAL
705918,705918,,2026-06-01,0.17141263,0,LOW_PREDICTIVE_SIGNAL
705919,705919,Agra Fort-Bandikui Doubling Line Project,2026-07-01,0.6285132,1,ELEVATED
705933,705933,Nimach-Ratlam 133 km,2026-07-01,0.055355914,0,LOW_PREDICTIVE_SIGNAL
705941,705941,Bangalore Suburban Railway Project,2026-07-01,0.79456764,1,HIGH_PREDICTIVE_SIGNAL
706718,706718,C/o NITB Imphal Airport,2026-07-01,0.5835877,1,ELEVATED
706724,706724,Guwahati Airport New Integrated Terminal Building Construction Project,2026-07-01,0.08856484,0,LOW_PREDICTIVE_SIGNAL
706757,706757,,2026-06-01,0.68196666,1,ELEVATED
706759,706759,Rampur Dumra-Tal-Rajendrapul - Addl bridge and doubling 14 km,2026-07-01,0.15546595,0,LOW_PREDICTIVE_SIGNAL
706763,706763,Rajkot-Kanalus 111.20 km,2026-07-01,0.097810894,0,LOW_PREDICTIVE_SIGNAL
706775,706775,BharatNet,2026-07-01,0.021727877,0,LOW_PREDICTIVE_SIGNAL
706776,706776,,2026-06-01,0.7797537,1,HIGH_PREDICTIVE_SIGNAL
706777,706777,,2026-06-01,0.6727108,1,ELEVATED
706779,706779,,2026-06-01,0.5900919,1,ELEVATED
706780,706780,,2026-06-01,0.19618954,0,LOW_PREDICTIVE_SIGNAL
706781,706781,,2026-06-01,0.29074624,0,LOW_PREDICTIVE_SIGNAL
706811,706811,NMDC Slurry Pipeline Project Phase-1,2026-07-01,0.23583767,0,LOW_PREDICTIVE_SIGNAL
706835,706835,,2026-06-01,0.13229892,0,LOW_PREDICTIVE_SIGNAL
706836,706836,Dedicatedtest track for RDSO Phase-2 34 km Umbrella work PB22/2019-20/NR,2026-07-01,0.40631968,0,WATCH
706837,706837,Pradhan Kuntha Jn Line Doubling Project,2026-07-01,0.51785684,1,ELEVATED
706854,706854,Boridand-Ambikapur 118.81 km Umbrella work PB57/2019-20/NR,2026-07-01,0.061102893,0,LOW_PREDICTIVE_SIGNAL
706860,706860,Barauni-Bachwara 16 km - 3rd & 4th line incl Barauni yard remodelling 32 km Umbrella work PB57/2019-20/NR,2026-07-01,0.124795295,0,LOW_PREDICTIVE_SIGNAL
706865,706865,Chandorgaon-Cansaulim rail flyover 16 km Umbrella work PB57/2019-20/NR,2026-07-01,0.080184124,0,LOW_PREDICTIVE_SIGNAL
706866,706866,Sawaimadhopur - Bypass line 6.98 km Umbrella work PB57/2019-20/NR,2026-07-01,0.15050979,0,LOW_PREDICTIVE_SIGNAL
706898,706898,,2026-06-01,0.13229892,0,LOW_PREDICTIVE_SIGNAL
706922,706922,,2026-06-01,0.4530622,0,WATCH
706940,706940,,2026-06-01,0.13229892,0,LOW_PREDICTIVE_SIGNAL
706942,706942,,2026-06-01,0.13229892,0,LOW_PREDICTIVE_SIGNAL
706950,706950,,2026-06-01,0.15721129,0,LOW_PREDICTIVE_SIGNAL
706965,706965,Establishment of new GMC Saran [Chhapara],2026-07-01,0.030027775,0,LOW_PREDICTIVE_SIGNAL
706966,706966,Establishment of new GMC Samastipur,2026-07-01,0.030027775,0,LOW_PREDICTIVE_SIGNAL
706988,706988,Establishment of new GMC Gondia,2026-07-01,0.2867728,0,LOW_PREDICTIVE_SIGNAL
706989,706989,Establishment of new GMC West Garo Hills [Tura],2026-07-01,0.037067078,0,LOW_PREDICTIVE_SIGNAL
707016,707016,Establishment of new GMC Sitamarhi,2026-07-01,0.030027775,0,LOW_PREDICTIVE_SIGNAL
707017,707017,Establishment of new GMC Jhanjharpur,2026-07-01,0.030027775,0,LOW_PREDICTIVE_SIGNAL
707018,707018,Establishment of new GMC Siwan,2026-07-01,0.030027775,0,LOW_PREDICTIVE_SIGNAL
707019,707019,Establishment of new GMC Buxar,2026-07-01,0.030027775,0,LOW_PREDICTIVE_SIGNAL
707020,707020,Establishment of new GMC Jamui,2026-07-01,0.7325675,1,HIGH_PREDICTIVE_SIGNAL
707021,707021,Establishment of new GMC Koderma,2026-07-01,0.5698688,1,ELEVATED
707022,707022,Establishment of new GMC Chaibasa [Singhbhum],2026-07-01,0.76834387,1,HIGH_PREDICTIVE_SIGNAL
707039,707039,Establishment of new GMC Gangtok,2026-07-01,0.1505847,0,LOW_PREDICTIVE_SIGNAL
707044,707044,Establishment of new GMC Korba,2026-07-01,0.3653952,0,WATCH
707045,707045,Establishment of new GMC Mahasamund,2026-07-01,0.7604532,1,HIGH_PREDICTIVE_SIGNAL
707046,707046,Establishment of new GMC Kanker,2026-07-01,0.49383795,0,WATCH
707049,707049,Establishment of new GMC Panchmahal,2026-07-01,0.5155671,1,ELEVATED
707050,707050,Establishment of new GMC Porbandar,2026-07-01,0.29452392,0,LOW_PREDICTIVE_SIGNAL
707051,707051,Establishment of new GMc Udhampur,2026-07-01,0.17588262,0,LOW_PREDICTIVE_SIGNAL
707052,707052,Establishment of new GMC Handwara [Distt. Kupwara],2026-07-01,0.03327002,0,LOW_PREDICTIVE_SIGNAL
707057,707057,Establishment of new GMC Leh,2026-07-01,0.0944106,0,LOW_PREDICTIVE_SIGNAL
707058,707058,Establishment of new GMC Rajgarh,2026-07-01,0.14053288,0,LOW_PREDICTIVE_SIGNAL
707059,707059,Establishment of new GMC Mandla,2026-07-01,0.7491594,1,HIGH_PREDICTIVE_SIGNAL
707067,707067,Establishment of new GMC Mon,2026-07-01,0.06538015,0,LOW_PREDICTIVE_SIGNAL
707069,707069,Establishment of new GMC Kapurthala,2026-07-01,0.027454613,0,LOW_PREDICTIVE_SIGNAL
707070,707070,Establishment of new GMC Hoshiarpur,2026-07-01,0.2788337,0,LOW_PREDICTIVE_SIGNAL
707086,707086,Establishment of new GMC Rudrapur,2026-07-01,0.20129575,0,LOW_PREDICTIVE_SIGNAL
707087,707087,Establishment of new GMC Pithoragarh,2026-07-01,0.115438774,0,LOW_PREDICTIVE_SIGNAL
707215,707215,National Maritime Heritage Complex [NMHC] Phase-I,2026-07-01,0.5412729,1,ELEVATED
707229,707229,"Integrated Command control Center [ICCC] - Construction and Development of Integrated Command Control Center with Security, Surveillance, ITMS, Connecting Port, Ship Service, Smart Solid Waste Management, Smart Public Transport System",2026-07-01,0.0711328,0,LOW_PREDICTIVE_SIGNAL
707267,707267,,2026-03-01,0.5001386,1,ELEVATED
707410,707410,Integrated Multi Modal Logistics Hub at Nangal Chaudhary in Haryana - Other Trunk Infrastructure Development Phase 1,2026-07-01,0.6990927,1,ELEVATED
707414,707414,,2026-05-01,0.035119437,0,LOW_PREDICTIVE_SIGNAL
707419,707419,IMC at Prayagraj,2026-07-01,0.27151337,0,LOW_PREDICTIVE_SIGNAL
707420,707420,Gaya Integrated Manufacturing Cluster IMC in Bihar,2026-07-01,0.092679396,0,LOW_PREDICTIVE_SIGNAL
708662,708662,,2026-03-01,0.49066168,0,WATCH
708687,708687,Amended BharatNet Program - UP (West),2026-07-01,0.07299047,0,LOW_PREDICTIVE_SIGNAL
709747,709747,Bagodara Solar Power Project,2026-07-01,0.48941526,0,WATCH
709749,709749,,2026-02-01,0.41449928,0,WATCH
709750,709750,Laying of new 28 inch Desal Water Pipeline and 10 inch Reject Water Pipeline between CPCL Manali Refinery and CPCL Desalination plant at Ennore,2026-07-01,0.100382075,0,LOW_PREDICTIVE_SIGNAL
709752,709752,HP-COAT [Crude to Olefins and Aromatics Technology] demo unit at Visakh Refinery,2026-07-01,0.2991647,0,LOW_PREDICTIVE_SIGNAL
709753,709753,Haldia Panagarh Pipeline Project,2026-07-01,0.44726834,0,WATCH
709754,709754,"Construction of LPG Facilities at Kamardanga, Assam",2026-07-01,0.39463383,0,WATCH
709755,709755,"Setting up of new rail fed POL facility at Kamardanga, Assam",2026-07-01,0.09599532,0,LOW_PREDICTIVE_SIGNAL
709757,709757,,2026-04-01,0.70769775,1,HIGH_PREDICTIVE_SIGNAL
709758,709758,,2026-04-01,0.5812187,1,ELEVATED
709759,709759,"Petrochemical evacuation marketing terminal at Barmer, Rajasthan",2026-07-01,0.054423824,0,LOW_PREDICTIVE_SIGNAL
709760,709760,,2026-05-01,0.17331275,0,LOW_PREDICTIVE_SIGNAL
709766,709766,,2026-02-01,0.16785266,0,LOW_PREDICTIVE_SIGNAL
709770,709770,City Gas Distribution Project at Pathankot District,2026-07-01,0.31088266,0,WATCH
709771,709771,"City Gas Distribution Project at Beed, Jalgaon and Jalna Districts",2026-07-01,0.19399486,0,LOW_PREDICTIVE_SIGNAL
709772,709772,"City Gas Distribution Project at East Mednipore, West Mednipore & Jhargram Districts",2026-07-01,0.17902869,0,LOW_PREDICTIVE_SIGNAL
709773,709773,"City Gas Distribution Project at Jammu, Udhampur, Reasi, Samba and Kathua Districts",2026-07-01,0.42563245,0,WATCH
709774,709774,Revamping/ Augmentation of facilities at existing port terminal at Mangalore,2026-07-01,0.14471215,0,LOW_PREDICTIVE_SIGNAL
709776,709776,Augmentation/Revamping of Facilities at existing Guwahati Terminal at Betkuchi,2026-07-01,0.2326222,0,LOW_PREDICTIVE_SIGNAL
709777,709777,Installation of Bitumen Manufacturing Unit along with allied facilities at Barauni Refinery,2026-07-01,0.2986771,0,LOW_PREDICTIVE_SIGNAL
709778,709778,Installation of new Biturox Unit along with allied facilities at Gujarat Refinery,2026-07-01,0.17787473,0,LOW_PREDICTIVE_SIGNAL
709779,709779,Capacity Expansion of Digboi Refinery from 0.65 to 1.0 MMTPA,2026-07-01,0.17812787,0,LOW_PREDICTIVE_SIGNAL
709780,709780,Construction of Additional Tankages and Allied Facilities at JNPT Terminal,2026-07-01,0.48994127,0,WATCH
709781,709781,Revamping / Augmentation of Facilities at Mathura Bitumen Plant,2026-07-01,0.34497765,0,WATCH
709782,709782,,2026-05-01,0.14705852,0,LOW_PREDICTIVE_SIGNAL
709783,709783,"Installation of Multiple Effect Evaporator [MEE] for ETP-1, 2 & 4 of Panipat Refinery and Petrochemical Complex.",2026-07-01,0.13233934,0,LOW_PREDICTIVE_SIGNAL
709785,709785,Laying of Natural Gas Pipeline from Hazaribagh to Ranchi [HRPL],2026-07-01,0.415515,0,WATCH
709786,709786,"Augmentation/ Revamping of Dimapur Depot, Dimapur",2026-07-01,0.5349322,1,ELEVATED
709789,709789,,2026-01-01,0.16138317,0,LOW_PREDICTIVE_SIGNAL
709790,709790,,2026-01-01,0.18183294,0,LOW_PREDICTIVE_SIGNAL
709791,709791,City Gas Distribution Projects at Alipurduar and Cooch Behar,2026-07-01,0.52063346,1,ELEVATED
709792,709792,"City Gas Distribution Projects at Darbhanga, Madhubani, Supaul, Sitamarhi and Sheohar districts",2026-07-01,0.4687133,0,WATCH
709793,709793,"City Gas Distribution Projects at Gopalganj, Siwan, West Champaran, East Champaran and Deoria districts",2026-07-01,0.43097746,0,WATCH
709794,709794,"City Gas Distribution Projects at Fazilka [except area already authorized], Ganganagar and Hanumangarh districts",2026-07-01,0.4717964,0,WATCH
709795,709795,"City Gas Distribution Projects at Lakhimpur Kheri , Sitapur, Bahraich, Shravasti,Balrampur, Siddharth Nagar & Maharajganj districts",2026-07-01,0.27403829,0,LOW_PREDICTIVE_SIGNAL
709796,709796,City Gas Distribution Projects at the Nilgiris and Erode districts,2026-07-01,0.34566915,0,WATCH
709797,709797,POL & LOBS Installations with Receipt Pipelines at Rasayani,2026-07-01,0.029075725,0,LOW_PREDICTIVE_SIGNAL
709798,709798,Ethylene Cracker Project at Bina Refinery including downstream Petrochemical Plants and expansion of Refinery,2026-07-01,0.10469376,0,LOW_PREDICTIVE_SIGNAL
709799,709799,Setting up Polypropylene Unit at Kochi Refinery,2026-07-01,0.07875989,0,LOW_PREDICTIVE_SIGNAL
709800,709800,"CUF POL Depot at Sadashibpur [Meramundali], Odisha",2026-07-01,0.09072317,0,LOW_PREDICTIVE_SIGNAL
709811,709811,,2026-06-01,0.13092183,0,LOW_PREDICTIVE_SIGNAL
709812,709812,Nadiad-Petlad 37.26 km,2026-07-01,0.38326898,0,WATCH
709813,709813,New BG line intersection 5 nos between Geratpur-Sanand & Botad-Ahmedabad 16.51 km PB29/NR/2022-23,2026-07-01,0.3373233,0,WATCH
709815,709815,4th line - Bhatapara-Hathband 8.8 km PB72/NR/2022-23,2026-07-01,0.060266674,0,LOW_PREDICTIVE_SIGNAL
709816,709816,4th line - Bhilai-Bhilai nagar 8.8 km PB72/NR/2022-23,2026-07-01,0.14994988,0,LOW_PREDICTIVE_SIGNAL
709817,709817,4th line - Dadhapara-Belha 9.2 km PB72/NR/2022-23,2026-07-01,0.62693816,1,ELEVATED
709818,709818,4th line - Rajnandgaon-Dongarhgarh 31.2 km PB72/NR/2022-23,2026-07-01,0.3903405,0,WATCH
709819,709819,3rd & 4th line - Saragbundia & Madwarani 12.2 km PB72/NR/2022-23,2026-07-01,0.3147679,0,WATCH
709826,709826,SCREENING PLANT-III AT KIRANDUL,2026-07-01,0.22978987,0,LOW_PREDICTIVE_SIGNAL
709827,709827,,2026-02-01,0.5664211,1,ELEVATED
709830,709830,,2026-02-01,0.49066168,0,WATCH
709831,709831,SOURCING OF BAUXITE ARRANGEMENT FOR 5TH STREAM ALUMINA REFINERY FROM SOUTH BLOCK MINING LEASE OF PANCHPATMAILI MINES,2026-07-01,0.051775753,0,LOW_PREDICTIVE_SIGNAL
709832,709832,25.5 MW WIND POWER PROJECT AT KAYATHAR IN TAMILNADU,2026-07-01,0.922596,1,HIGH_PREDICTIVE_SIGNAL
709837,709837,"Creation of Gas Dehydration Facilities, Tripura Asset",2026-07-01,0.279457,0,LOW_PREDICTIVE_SIGNAL
709838,709838,Commercial Polymer Flooding Project in Bechraji field,2026-07-01,0.21198882,0,LOW_PREDICTIVE_SIGNAL
709839,709839,Daman Upside Development Project,2026-07-01,0.52593094,1,ELEVATED
709840,709840,"Restoration of Gas Terminal, Phase-I [Part-A], Hazira",2026-07-01,0.06552332,0,LOW_PREDICTIVE_SIGNAL
709841,709841,Old Pipe Line Replacement [OPRP] Group-A,2026-07-01,0.039982542,0,LOW_PREDICTIVE_SIGNAL
709842,709842,"Kalol Redevelopment Project, Ahmedabad Asset",2026-07-01,0.21954519,0,LOW_PREDICTIVE_SIGNAL
709845,709845,"Revamping of SV Stations, Gas Terminal & Kribhco Terminal",2026-07-01,0.41415715,0,WATCH
709846,709846,,2026-02-01,0.5121003,1,ELEVATED
709847,709847,Pipeline Network Project Rudrasagar,2026-07-01,0.26129174,0,LOW_PREDICTIVE_SIGNAL
709848,709848,MHN TCPP PGC BGC Project [MTPBP],2026-07-01,0.2141123,0,LOW_PREDICTIVE_SIGNAL
709849,709849,PRP-VIII Group B [NH & BS Asset],2026-07-01,0.14714395,0,LOW_PREDICTIVE_SIGNAL
709850,709850,Borholla GGS Life Extension Project [BLEP],2026-07-01,0.2747631,0,LOW_PREDICTIVE_SIGNAL
709851,709851,Integrated Development of 4 Contract Areas under DSF-II,2026-07-01,0.27774292,0,LOW_PREDICTIVE_SIGNAL
709856,709856,MPLS-IP BASED ACCESS AND AGGREGATION NETWORK [MAAN] IN BSNL ALONG WITH TEST AND MEASURING EQUIPMENT,2026-07-01,0.12708388,0,LOW_PREDICTIVE_SIGNAL
709857,709857,"Planning, Engineering, Supply, Installation, Testing, Commissioning, Integration & Annual Maintenance of 4G mobile network at 1 Lakh sites on PAN India basis including Mumbai & Delhi LSA on turnkey basis under Phase IX.2 Project.",2026-07-01,0.18402743,0,LOW_PREDICTIVE_SIGNAL
709859,709859,SETTING UP OF PHYSICAL INFRASTRUCTURE FOR THE NATIONAL INSTITUTE OF COMMUNICATION FINANCE [NICF] AT GHITORNI,2026-07-01,0.26347384,0,LOW_PREDICTIVE_SIGNAL
709864,709864,DCU Revamp Project,2026-07-01,0.21662194,0,LOW_PREDICTIVE_SIGNAL
709865,709865,Power Recovery Turbine [PRT] in PFCCU unit as an Energy Conservation Scheme,2026-07-01,0.31976965,0,WATCH
738679,738679,Stamp Charge Battery No.7 Battery Proper at RSP,2026-07-01,0.3257653,0,WATCH
834015,834015,Stamp Charge Battery No.12 By-product Plant at RSP,2026-07-01,0.39988044,0,WATCH
900808,900808,,2026-05-01,0.11036254,0,LOW_PREDICTIVE_SIGNAL
900874,900874,Jhajha - Batia 20 km Umbrella work PB23/2018-19/NR,2026-07-01,0.018227695,0,LOW_PREDICTIVE_SIGNAL
914467,914467,Amended BharatNet Program - BR,2026-07-01,0.43021533,0,WATCH
938832,938832,Amended BharatNet Program - RJ,2026-07-01,0.035892516,0,LOW_PREDICTIVE_SIGNAL
944288,944288,Super accelerated cooling system (Uniform Cooling) for high strength plates in Plate Mill at BSP,2026-07-01,0.46036392,0,WATCH
946208,946208,Amended BharatNet Program - SKM,2026-07-01,0.019631445,0,LOW_PREDICTIVE_SIGNAL
976009,976009,"Amended BharatNet Program - ARP, NGL, MNP",2026-07-01,0.07176242,0,LOW_PREDICTIVE_SIGNAL
