canonical_project_id,project_id,base_risk_score,anomaly_score,trajectory_risk_score,data_confidence_score,final_risk_score,risk_category,future_deterioration_probability,predicted_future_deterioration,risk_explanation,predictive_risk_band
101280,101280,,-0.13529299579073717,30.0,30.0,18.0,REVIEW_DATA,0.4126,0,Data review is required before risk escalation.,WATCH
106816,106816,,-0.13529299579073717,30.0,30.0,18.0,REVIEW_DATA,0.4126,0,Data review is required before risk escalation.,WATCH
108841,108841,1.89,-0.09462041554595169,,53.6,1.65,LOW,0.1927,0,Limited Adverse Evidence,LOW_PREDICTIVE_SIGNAL
120250,120250,,-0.13543827979911005,,24.3,0.0,REVIEW_DATA,0.3315,0,Data review is required before risk escalation.,WATCH
124199,124199,10.73,-0.08000535684431159,,49.3,9.39,LOW,0.0359,0,Limited Adverse Evidence,LOW_PREDICTIVE_SIGNAL
169570,169570,,-0.13529299579073717,30.0,30.0,18.0,REVIEW_DATA,0.4126,0,Data review is required before risk escalation.,WATCH
171218,171218,0.0,-0.08579518150843068,,49.3,0.0,LOW,0.1132,0,Limited Adverse Evidence,LOW_PREDICTIVE_SIGNAL
175860,175860,2.34,-0.09516947314547608,,49.3,2.05,LOW,0.311,0,Limited Adverse Evidence,WATCH
186000,186000,,-0.1102321347433442,,24.3,0.0,REVIEW_DATA,0.3717,0,Data review is required before risk escalation.,WATCH
188000,188000,,-0.13524441672244264,,24.3,0.0,REVIEW_DATA,0.3315,0,Data review is required before risk escalation.,WATCH
188830,188830,,-0.1337008887481288,,24.3,0.0,REVIEW_DATA,0.1818,0,Data review is required before risk escalation.,LOW_PREDICTIVE_SIGNAL
205974,205974,,-0.13375599402396987,,24.3,0.0,REVIEW_DATA,0.3319,0,Data review is required before risk escalation.,WATCH
210914,210914,0.0,-0.10037325033985683,,49.3,0.0,LOW,0.4223,0,Limited Adverse Evidence,WATCH
222253,222253,1.04,-0.09349055459010058,,53.6,0.91,LOW,0.1617,0,Limited Adverse Evidence,LOW_PREDICTIVE_SIGNAL
225770,225770,,-0.111377266110532,,24.3,0.0,REVIEW_DATA,0.3717,0,Data review is required before risk escalation.,WATCH
240484,240484,10.73,-0.08000535684431159,,49.3,9.39,LOW,0.0359,0,Limited Adverse Evidence,LOW_PREDICTIVE_SIGNAL
245986,245986,0.0,-0.08540004583208083,,49.3,0.0,LOW,0.0279,0,Limited Adverse Evidence,LOW_PREDICTIVE_SIGNAL
260860,260860,,-0.13435913667768146,,24.3,0.0,REVIEW_DATA,0.382,0,Data review is required before risk escalation.,WATCH
262175,262175,,-0.13375599402396987,,24.3,0.0,REVIEW_DATA,0.3319,0,Data review is required before risk escalation.,WATCH
267000,267000,,-0.13529299579073717,30.0,30.0,18.0,REVIEW_DATA,0.4126,0,Data review is required before risk escalation.,WATCH
297700,297700,,-0.13612119740733925,,24.3,0.0,REVIEW_DATA,0.3315,0,Data review is required before risk escalation.,WATCH
298178,298178,1.88,-0.08241259339104867,,49.3,1.64,LOW,0.0372,0,Limited Adverse Evidence,LOW_PREDICTIVE_SIGNAL
317725,317725,0.0,-0.08494308975970782,,49.3,0.0,LOW,0.0196,0,Limited Adverse Evidence,LOW_PREDICTIVE_SIGNAL
362420,362420,73.37,-0.1229374171790405,30.0,32.9,58.8,REVIEW_DATA,0.4786,0,Data review is required before risk escalation.,WATCH
364934,364934,0.0,-0.09959281460727049,,49.3,0.0,LOW,0.3772,0,Limited Adverse Evidence,WATCH
400005,400005,23.08,-0.12291450325341957,30.0,52.1,21.74,LOW,0.1496,0,Limited Adverse Evidence,LOW_PREDICTIVE_SIGNAL
400006,400006,21.43,-0.0535671121818343,10.0,90.0,17.37,LOW,0.6945,1,High Expenditure Progress Gap,ELEVATED
400010,400010,21.04,-0.09035871655906241,10.0,90.0,17.08,LOW,0.3211,0,Limited Adverse Evidence,WATCH
400012,400012,30.08,-0.11473798617361147,30.0,90.0,26.9,LOW,0.0901,0,Limited Adverse Evidence,LOW_PREDICTIVE_SIGNAL
400013,400013,9.65,-0.02972628538038885,30.0,90.0,11.85,LOW,0.0781,0,Limited Adverse Evidence,LOW_PREDICTIVE_SIGNAL
400018,400018,35.15,-0.1277762123099544,60.0,90.0,35.37,MEDIUM,0.3956,0,Progress Stagnation,WATCH
400019,400019,0.0,-0.09093573417448197,10.0,60.7,1.58,LOW,0.191,0,Limited Adverse Evidence,LOW_PREDICTIVE_SIGNAL
400022,400022,18.3,-0.023991659947669164,10.0,90.0,15.06,LOW,0.7651,1,Limited Adverse Evidence,HIGH_PREDICTIVE_SIGNAL
400023,400023,34.31,-0.08567503662513781,60.0,90.0,34.75,MEDIUM,0.4874,0,Progress Stagnation,WATCH
400033,400033,33.32,-0.10851263605602623,60.0,90.0,34.03,MEDIUM,0.7699,1,Progress Stagnation,HIGH_PREDICTIVE_SIGNAL
400035,400035,66.47,-0.1305209393782461,30.0,56.4,53.71,HIGH,0.2363,0,Limited Adverse Evidence,LOW_PREDICTIVE_SIGNAL
400043,400043,1.9,-0.11996504853139639,30.0,90.0,6.14,LOW,0.3297,0,Limited Adverse Evidence,WATCH
400045,400045,35.71,-0.1199535890107355,60.0,90.0,35.79,MEDIUM,0.5762,1,Progress Stagnation,ELEVATED
400047,400047,28.67,-0.1090858777390859,30.0,90.0,25.86,LOW,0.5212,1,Limited Adverse Evidence,ELEVATED
400048,400048,35.71,-0.1268946045740817,60.0,90.0,35.79,MEDIUM,0.2202,0,Progress Stagnation,LOW_PREDICTIVE_SIGNAL
400062,400062,10.36,-0.07224499222417163,30.0,90.0,12.37,LOW,0.1725,0,Limited Adverse Evidence,LOW_PREDICTIVE_SIGNAL
400073,400073,35.71,-0.062352776555713973,85.0,90.0,39.73,MEDIUM,0.5807,1,Progress Deterioration,ELEVATED
400074,400074,38.54,-0.08852701465496937,85.0,90.0,41.82,MEDIUM,0.4924,0,Progress Deterioration,WATCH
400077,400077,0.0,-0.13462508564267162,,28.6,0.0,REVIEW_DATA,0.4616,0,Data review is required before risk escalation.,WATCH
400078,400078,34.91,-0.11745119963180034,30.0,60.7,30.46,LOW,0.4279,0,Limited Adverse Evidence,WATCH
400081,400081,53.62,0.12810771730129467,60.0,90.0,59.51,HIGH,0.1067,0,High Expenditure Progress Gap; Anomalous Project Pattern,LOW_PREDICTIVE_SIGNAL
400087,400087,32.93,-0.074176142676737,10.0,90.0,25.84,LOW,0.3111,0,High Cost Escalation,WATCH
400093,400093,85.01,-0.08020620576699455,30.0,52.1,67.38,HIGH,0.228,0,Limited Adverse Evidence,LOW_PREDICTIVE_SIGNAL
400095,400095,61.93,-0.1280038350389845,30.0,52.1,50.37,MEDIUM,0.5847,1,Limited Adverse Evidence,ELEVATED
400096,400096,84.62,-0.12635016742372612,30.0,52.1,67.09,HIGH,0.5196,1,Limited Adverse Evidence,ELEVATED
400097,400097,94.08,-0.1353760508569104,60.0,52.1,78.8,HIGH,0.4531,0,Progress Stagnation,WATCH
400100,400100,100.0,0.09981516662469636,60.0,90.0,93.68,CRITICAL,0.0829,0,High Expenditure Progress Gap; High Cost Escalation,LOW_PREDICTIVE_SIGNAL
400101,400101,78.57,-0.0738251065391326,60.0,90.0,67.37,HIGH,0.1678,0,High Cost Escalation; Progress Stagnation,LOW_PREDICTIVE_SIGNAL
400102,400102,57.31,-0.09026006487265681,60.0,90.0,51.7,HIGH,0.1518,0,Progress Stagnation,LOW_PREDICTIVE_SIGNAL
400103,400103,78.57,0.046296510713794925,60.0,90.0,77.89,HIGH,0.2546,0,High Cost Escalation; Progress Stagnation,LOW_PREDICTIVE_SIGNAL
400104,400104,70.41,-0.12474482190401148,30.0,32.9,56.62,REVIEW_DATA,0.4986,0,Data review is required before risk escalation.,WATCH
400105,400105,95.66,-0.13505315164530812,60.0,52.1,79.96,HIGH,0.5916,1,Progress Stagnation,ELEVATED
400107,400107,89.35,-0.13313623304728323,60.0,52.1,75.31,HIGH,0.6119,1,Progress Stagnation,ELEVATED
400109,400109,87.57,-0.13374651280951627,60.0,52.1,74.0,HIGH,0.5664,1,Progress Stagnation,ELEVATED
400111,400111,73.99,-0.08273205975307957,30.0,90.0,59.26,HIGH,0.4252,0,High Cost Escalation,WATCH
400112,400112,80.28,-0.06843800242442094,30.0,52.1,63.89,HIGH,0.1719,0,Limited Adverse Evidence,LOW_PREDICTIVE_SIGNAL
400115,400115,59.28,-0.10076782171305576,60.0,90.0,53.15,HIGH,0.4162,0,Progress Stagnation,WATCH
400116,400116,65.2,-0.00047765438939789684,60.0,90.0,57.52,HIGH,0.5909,1,High Expenditure Progress Gap; Progress Stagnation,ELEVATED
400119,400119,40.53,-0.11409114848444346,60.0,90.0,39.34,MEDIUM,0.1997,0,Progress Stagnation,LOW_PREDICTIVE_SIGNAL
400120,400120,32.9,0.031778920756109885,60.0,90.0,44.24,MEDIUM,0.1059,0,Progress Stagnation; Anomalous Project Pattern,LOW_PREDICTIVE_SIGNAL
400121,400121,0.0,-0.11984939936622008,10.0,90.0,1.58,LOW,0.1001,0,Limited Adverse Evidence,LOW_PREDICTIVE_SIGNAL
400136,400136,35.71,-0.08853470358728094,60.0,90.0,35.79,MEDIUM,0.6574,1,Progress Stagnation,ELEVATED
400138,400138,55.38,-0.028641303266534524,60.0,90.0,50.28,MEDIUM,0.629,1,High Expenditure Progress Gap; Progress Stagnation,ELEVATED
400139,400139,55.84,-0.07256371160201042,85.0,90.0,54.57,HIGH,0.7627,1,High Expenditure Progress Gap; Progress Deterioration,HIGH_PREDICTIVE_SIGNAL
400141,400141,49.79,-0.09762723243891003,30.0,90.0,41.42,MEDIUM,0.2147,0,Limited Adverse Evidence,LOW_PREDICTIVE_SIGNAL
400142,400142,35.71,-0.1270991315957824,60.0,90.0,35.79,MEDIUM,0.3459,0,Progress Stagnation,WATCH
400144,400144,35.71,-0.09714590116672689,60.0,90.0,35.79,MEDIUM,0.4821,0,Progress Stagnation,WATCH
400148,400148,35.71,-0.12052412786107108,60.0,90.0,35.79,MEDIUM,0.3938,0,Progress Stagnation,WATCH
400149,400149,35.71,-0.1282659300702546,60.0,90.0,35.79,MEDIUM,0.6325,1,Progress Stagnation,ELEVATED
400150,400150,35.71,-0.0760601414333768,85.0,90.0,39.73,MEDIUM,0.6876,1,Progress Deterioration,ELEVATED
400151,400151,54.47,-0.07479464434334304,85.0,90.0,53.56,HIGH,0.5351,1,High Expenditure Progress Gap; Progress Deterioration,ELEVATED
400152,400152,100.0,-0.12362885706464943,,28.6,87.5,REVIEW_DATA,0.4789,0,Data review is required before risk escalation.,WATCH
400153,400153,27.4,-0.09908368508681792,30.0,90.0,24.93,LOW,0.4662,0,Limited Adverse Evidence,WATCH
400154,400154,28.32,-0.0665283250571897,30.0,90.0,25.6,LOW,0.6861,1,Limited Adverse Evidence,ELEVATED
400155,400155,35.71,-0.08919284277421546,85.0,90.0,39.73,MEDIUM,0.66,1,Progress Deterioration,ELEVATED
400156,400156,35.71,-0.08750952048729227,85.0,90.0,39.73,MEDIUM,0.538,1,Progress Deterioration,ELEVATED
400160,400160,50.34,-0.08570232459985583,85.0,90.0,50.51,MEDIUM,0.4866,0,Progress Deterioration,WATCH
400161,400161,,-0.13102993963979293,,24.3,0.0,REVIEW_DATA,0.1445,0,Data review is required before risk escalation.,LOW_PREDICTIVE_SIGNAL
400162,400162,28.24,-0.12240698304938413,30.0,90.0,25.55,LOW,0.1911,0,Limited Adverse Evidence,LOW_PREDICTIVE_SIGNAL
400165,400165,50.1,-0.08785269022081427,30.0,90.0,41.65,MEDIUM,0.3855,0,High Expenditure Progress Gap,WATCH
400166,400166,29.59,-0.11954172957452835,30.0,90.0,26.54,LOW,0.3772,0,Limited Adverse Evidence,WATCH
400167,400167,29.37,-0.10585055034916169,30.0,90.0,26.38,LOW,0.1689,0,Limited Adverse Evidence,LOW_PREDICTIVE_SIGNAL
400168,400168,44.91,-0.07691590602097559,30.0,90.0,37.83,MEDIUM,0.0634,0,Limited Adverse Evidence,LOW_PREDICTIVE_SIGNAL
400169,400169,31.1,-0.10339493610574985,30.0,90.0,27.65,LOW,0.5454,1,Limited Adverse Evidence,ELEVATED
400171,400171,35.01,-0.11800594061728809,60.0,90.0,35.27,MEDIUM,0.1416,0,Progress Stagnation,LOW_PREDICTIVE_SIGNAL
400172,400172,35.71,-0.12223859986118418,60.0,90.0,35.79,MEDIUM,0.2465,0,Progress Stagnation,LOW_PREDICTIVE_SIGNAL
400173,400173,35.71,-0.10845644458313514,60.0,90.0,35.79,MEDIUM,0.3707,0,Progress Stagnation,WATCH
400174,400174,47.01,-0.07546250836263069,30.0,90.0,39.38,MEDIUM,0.1765,0,High Cost Escalation,LOW_PREDICTIVE_SIGNAL
400177,400177,35.71,-0.12884315772688837,60.0,90.0,35.79,MEDIUM,0.3402,0,Progress Stagnation,WATCH
400178,400178,56.51,-0.04500663642981906,60.0,90.0,51.11,MEDIUM,0.5002,1,High Expenditure Progress Gap; Progress Stagnation,ELEVATED
400180,400180,35.5,-0.10066032275006531,60.0,90.0,35.63,MEDIUM,0.5283,1,Progress Stagnation,ELEVATED
400181,400181,28.25,-0.10690868484603527,30.0,90.0,25.55,LOW,0.5294,1,Limited Adverse Evidence,ELEVATED
400182,400182,87.97,-0.09697124907797317,60.0,52.1,74.29,HIGH,0.5464,1,Progress Stagnation,ELEVATED
400183,400183,1.13,-0.1095024824052428,30.0,90.0,5.57,LOW,0.5797,1,Limited Adverse Evidence,ELEVATED
400185,400185,26.84,-0.08353187704971377,30.0,90.0,24.51,LOW,0.3303,0,Limited Adverse Evidence,WATCH
400186,400186,34.02,-0.09610651984579927,60.0,90.0,34.54,MEDIUM,0.7274,1,Progress Stagnation,HIGH_PREDICTIVE_SIGNAL
400187,400187,11.45,-0.11192164403272126,30.0,90.0,13.17,LOW,0.1335,0,Limited Adverse Evidence,LOW_PREDICTIVE_SIGNAL
400188,400188,35.71,-0.10114530350900786,85.0,90.0,39.73,MEDIUM,0.7081,1,Progress Deterioration,HIGH_PREDICTIVE_SIGNAL
400192,400192,50.1,0.035540853714248644,30.0,90.0,52.18,HIGH,0.561,1,High Expenditure Progress Gap; Anomalous Project Pattern,ELEVATED
400203,400203,83.9,0.18007832274542523,60.0,90.0,81.82,HIGH,0.2965,0,High Expenditure Progress Gap; Anomalous Project Pattern,LOW_PREDICTIVE_SIGNAL
400204,400204,13.69,-0.040821350491450026,10.0,90.0,11.67,LOW,0.2784,0,Limited Adverse Evidence,LOW_PREDICTIVE_SIGNAL
400205,400205,57.14,0.013321023499870577,85.0,90.0,66.05,HIGH,0.0555,0,High Expenditure Progress Gap; Progress Deterioration,LOW_PREDICTIVE_SIGNAL
400220,400220,50.72,-0.1150334686487483,60.0,90.0,46.85,MEDIUM,0.4658,0,Progress Stagnation,WATCH
400223,400223,78.57,-0.005586408117467523,60.0,90.0,67.37,HIGH,0.1693,0,High Cost Escalation; Progress Stagnation,LOW_PREDICTIVE_SIGNAL
400231,400231,27.79,-0.07930138730646252,30.0,90.0,25.21,LOW,0.2179,0,Limited Adverse Evidence,LOW_PREDICTIVE_SIGNAL
400232,400232,35.71,-0.06967080862559005,85.0,90.0,39.73,MEDIUM,0.6819,1,Progress Deterioration,ELEVATED
400247,400247,78.57,0.07016036077986765,85.0,90.0,81.84,HIGH,0.8028,1,High Cost Escalation; Progress Deterioration,HIGH_PREDICTIVE_SIGNAL
400253,400253,40.83,-0.12628043133437067,30.0,60.7,34.82,MEDIUM,0.4006,0,Limited Adverse Evidence,WATCH
400254,400254,41.49,-0.09699185911755864,85.0,90.0,43.99,MEDIUM,0.3034,0,Progress Deterioration,WATCH
400259,400259,66.86,-0.12360995471828223,30.0,52.1,54.0,HIGH,0.1163,0,Limited Adverse Evidence,LOW_PREDICTIVE_SIGNAL
400261,400261,21.5,-0.04607992811152056,30.0,90.0,20.58,LOW,0.1408,0,Limited Adverse Evidence,LOW_PREDICTIVE_SIGNAL
400271,400271,100.0,-0.12622973216059746,60.0,60.7,83.16,CRITICAL,0.6693,1,Progress Stagnation,ELEVATED
400273,400273,79.67,0.0060245663714558195,85.0,90.0,82.65,HIGH,0.3576,0,High Cost Escalation; Progress Deterioration,WATCH
400275,400275,47.52,-0.07599517865481642,85.0,90.0,48.44,MEDIUM,0.8589,1,Progress Deterioration,HIGH_PREDICTIVE_SIGNAL
400277,400277,92.11,-0.12244471640787619,60.0,60.7,77.34,HIGH,0.1781,0,Progress Stagnation,LOW_PREDICTIVE_SIGNAL
400280,400280,35.72,-0.11749949521646413,60.0,90.0,35.79,MEDIUM,0.0646,0,Progress Stagnation,LOW_PREDICTIVE_SIGNAL
400291,400291,44.02,-0.04669397808438569,85.0,90.0,45.86,MEDIUM,0.2278,0,Progress Deterioration,LOW_PREDICTIVE_SIGNAL
400298,400298,100.0,0.28963914676857494,85.0,90.0,97.63,CRITICAL,0.0269,0,High Expenditure Progress Gap; High Cost Escalation,LOW_PREDICTIVE_SIGNAL
400299,400299,60.1,-0.08805792877266444,60.0,90.0,53.76,HIGH,0.5622,1,Progress Stagnation,ELEVATED
400301,400301,51.8,-0.01679870655938437,30.0,90.0,42.91,MEDIUM,0.4712,0,High Cost Escalation,WATCH
400312,400312,0.0,-0.11442752567742187,10.0,90.0,1.58,LOW,0.1887,0,Limited Adverse Evidence,LOW_PREDICTIVE_SIGNAL
400313,400313,64.5,-0.1229374171790405,30.0,32.9,52.26,REVIEW_DATA,0.4599,0,Data review is required before risk escalation.,WATCH
400315,400315,35.5,-0.09983528348017295,60.0,90.0,35.63,MEDIUM,0.6104,1,Progress Stagnation,ELEVATED
400321,400321,2.41,-0.11742688725173306,30.0,90.0,6.51,LOW,0.1061,0,Limited Adverse Evidence,LOW_PREDICTIVE_SIGNAL
400352,400352,34.16,-0.0689156529263627,60.0,90.0,34.64,MEDIUM,0.4449,0,Progress Stagnation,WATCH
400353,400353,39.19,-0.0999864925480381,60.0,90.0,38.35,MEDIUM,0.7521,1,Progress Stagnation,HIGH_PREDICTIVE_SIGNAL
400354,400354,38.38,-0.10516904867648036,30.0,90.0,33.02,MEDIUM,0.182,0,Limited Adverse Evidence,LOW_PREDICTIVE_SIGNAL
400369,400369,33.31,-0.08399958599695728,30.0,90.0,29.28,LOW,0.287,0,Limited Adverse Evidence,LOW_PREDICTIVE_SIGNAL
400382,400382,100.0,-0.1354133007273638,60.0,60.7,83.16,CRITICAL,0.4531,0,Progress Stagnation,WATCH
400392,400392,29.41,-0.11888763025302523,30.0,90.0,26.41,LOW,0.2138,0,Limited Adverse Evidence,LOW_PREDICTIVE_SIGNAL
400416,400416,55.49,-0.10465860506573543,30.0,90.0,45.62,MEDIUM,0.4795,0,Limited Adverse Evidence,WATCH
400424,400424,35.71,-0.0774135700024301,60.0,90.0,35.79,MEDIUM,0.1412,0,Progress Stagnation,LOW_PREDICTIVE_SIGNAL
400425,400425,24.65,-0.1272243318566197,30.0,90.0,22.9,LOW,0.359,0,Limited Adverse Evidence,WATCH
400426,400426,78.57,0.11593848143008922,85.0,90.0,81.84,HIGH,0.8582,1,High Cost Escalation; Progress Deterioration,HIGH_PREDICTIVE_SIGNAL
423500,423500,,-0.13462186243722662,,24.3,0.0,REVIEW_DATA,0.35,0,Data review is required before risk escalation.,WATCH
425828,425828,6.97,-0.09762267615226,,49.3,6.1,LOW,0.4536,0,Limited Adverse Evidence,WATCH
437130,437130,1.42,-0.09479859651737599,,49.3,1.24,LOW,0.343,0,Limited Adverse Evidence,WATCH
453000,453000,,-0.13529299579073717,30.0,25.7,18.0,REVIEW_DATA,0.4126,0,Data review is required before risk escalation.,WATCH
462136,462136,0.0,-0.08494308975970782,,49.3,0.0,LOW,0.0196,0,Limited Adverse Evidence,LOW_PREDICTIVE_SIGNAL
468100,468100,,-0.13605481531104413,,24.3,0.0,REVIEW_DATA,0.2122,0,Data review is required before risk escalation.,LOW_PREDICTIVE_SIGNAL
476006,476006,0.0,-0.10296353936379693,,49.3,0.0,LOW,0.3238,0,Limited Adverse Evidence,WATCH
478482,478482,7.08,-0.08168895360581552,,49.3,6.2,LOW,0.034,0,Limited Adverse Evidence,LOW_PREDICTIVE_SIGNAL
505491,505491,33.33,0.05745362662161513,,49.3,41.66,MEDIUM,0.0285,0,High Expenditure Progress Gap; Anomalous Project Pattern,LOW_PREDICTIVE_SIGNAL
534476,534476,,-0.09139040121645214,,24.3,0.0,REVIEW_DATA,0.3986,0,Data review is required before risk escalation.,WATCH
547243,547243,0.0,-0.11649346792165244,,49.3,0.0,LOW,0.1057,0,Limited Adverse Evidence,LOW_PREDICTIVE_SIGNAL
589703,589703,0.0,-0.12880074888670462,,49.3,0.0,LOW,0.0577,0,Limited Adverse Evidence,LOW_PREDICTIVE_SIGNAL
601812,601812,3.52,-0.08054803954400303,30.0,77.1,7.33,LOW,0.1468,0,Limited Adverse Evidence,LOW_PREDICTIVE_SIGNAL
602096,602096,78.04,0.0692472271479101,60.0,90.0,77.5,HIGH,0.1988,0,High Cost Escalation; Progress Stagnation,LOW_PREDICTIVE_SIGNAL
602098,602098,47.0,-0.10092593605725114,60.0,90.0,44.11,MEDIUM,0.1156,0,Progress Stagnation,LOW_PREDICTIVE_SIGNAL
602099,602099,37.98,-0.1124444247773213,30.0,90.0,32.72,LOW,0.0545,0,Limited Adverse Evidence,LOW_PREDICTIVE_SIGNAL
602181,602181,30.42,-0.11857649033345219,30.0,90.0,27.15,LOW,0.4504,0,Limited Adverse Evidence,WATCH
602182,602182,32.19,-0.09364239799538954,60.0,90.0,33.19,MEDIUM,0.3339,0,Progress Stagnation,WATCH
602184,602184,58.94,-0.03994524787327919,30.0,90.0,48.17,MEDIUM,0.4613,0,High Cost Escalation,WATCH
602185,602185,78.57,0.026509115631923375,85.0,90.0,81.84,HIGH,0.5371,1,High Cost Escalation; Progress Deterioration,ELEVATED
602193,602193,100.0,-0.13102993963979293,,28.6,87.5,REVIEW_DATA,0.1834,0,Data review is required before risk escalation.,LOW_PREDICTIVE_SIGNAL
602195,602195,73.32,-0.06523115155214687,30.0,90.0,58.76,HIGH,0.1614,0,High Cost Escalation,LOW_PREDICTIVE_SIGNAL
602223,602223,78.32,-0.06007669803589544,60.0,90.0,67.18,HIGH,0.5737,1,High Cost Escalation; Progress Stagnation,ELEVATED
602525,602525,60.71,-0.09376912317364566,30.0,90.0,49.47,MEDIUM,0.6892,1,High Cost Escalation,ELEVATED
602532,602532,27.29,-0.10979172442987789,30.0,90.0,24.85,LOW,0.4479,0,Limited Adverse Evidence,WATCH
602535,602535,23.88,-0.10684670563947085,30.0,90.0,22.33,LOW,0.6277,1,Limited Adverse Evidence,ELEVATED
602538,602538,36.97,-0.09698881126298348,30.0,90.0,31.98,LOW,0.0618,0,Limited Adverse Evidence,LOW_PREDICTIVE_SIGNAL
602579,602579,53.9,-0.0802627730192349,60.0,90.0,49.19,MEDIUM,0.0678,0,Progress Stagnation,LOW_PREDICTIVE_SIGNAL
602582,602582,56.17,-0.01643343911656081,30.0,90.0,46.13,MEDIUM,0.1795,0,High Cost Escalation,LOW_PREDICTIVE_SIGNAL
602593,602593,72.87,-0.019926011190691484,30.0,90.0,58.43,HIGH,0.3033,0,High Cost Escalation,WATCH
602633,602633,100.0,-0.07906959756914733,,28.6,87.5,REVIEW_DATA,0.1024,0,Data review is required before risk escalation.,LOW_PREDICTIVE_SIGNAL
602792,602792,35.71,-0.09928775450070104,60.0,90.0,35.79,MEDIUM,0.0764,0,Progress Stagnation,LOW_PREDICTIVE_SIGNAL
602797,602797,84.1,0.06997483611161881,85.0,90.0,85.92,CRITICAL,0.7491,1,High Cost Escalation; Progress Deterioration,HIGH_PREDICTIVE_SIGNAL
602961,602961,5.66,-0.08302335279453499,30.0,90.0,8.91,LOW,0.0687,0,Limited Adverse Evidence,LOW_PREDICTIVE_SIGNAL
603210,603210,0.85,-0.08796397125684807,30.0,57.9,5.36,LOW,0.1086,0,Limited Adverse Evidence,LOW_PREDICTIVE_SIGNAL
603293,603293,71.17,-0.0900061062570005,60.0,90.0,61.91,HIGH,0.5051,1,High Cost Escalation; Progress Stagnation,ELEVATED
603945,603945,100.0,0.10068187384960248,60.0,90.0,93.68,CRITICAL,0.3434,0,High Expenditure Progress Gap; High Cost Escalation,WATCH
604791,604791,61.67,-0.01513973730623236,30.0,90.0,50.18,MEDIUM,0.1137,0,High Cost Escalation,LOW_PREDICTIVE_SIGNAL
604795,604795,45.26,-0.07071122344450498,60.0,90.0,42.82,MEDIUM,0.3786,0,Progress Stagnation,WATCH
604833,604833,24.3,-0.10049124069943777,10.0,90.0,19.48,LOW,0.5039,1,Limited Adverse Evidence,ELEVATED
604852,604852,20.22,-0.11644598726064548,30.0,90.0,19.64,LOW,0.2197,0,Limited Adverse Evidence,LOW_PREDICTIVE_SIGNAL
604853,604853,58.29,-0.10296522240510969,60.0,90.0,52.42,HIGH,0.209,0,Progress Stagnation,LOW_PREDICTIVE_SIGNAL
604859,604859,28.67,-0.1015956233916348,30.0,90.0,25.86,LOW,0.1708,0,Limited Adverse Evidence,LOW_PREDICTIVE_SIGNAL
604863,604863,39.08,-0.1208538680254771,60.0,90.0,38.27,MEDIUM,0.1375,0,Progress Stagnation,LOW_PREDICTIVE_SIGNAL
605155,605155,19.48,-0.10775344805028997,30.0,90.0,19.09,LOW,0.743,1,Limited Adverse Evidence,HIGH_PREDICTIVE_SIGNAL
605156,605156,71.32,-0.051084324180213636,30.0,90.0,57.29,HIGH,0.3625,0,High Cost Escalation,WATCH
605292,605292,42.7,-0.1229693232251653,60.0,90.0,40.94,MEDIUM,0.237,0,Progress Stagnation,LOW_PREDICTIVE_SIGNAL
606013,606013,35.01,-0.1177487948463889,60.0,90.0,35.27,MEDIUM,0.1315,0,Progress Stagnation,LOW_PREDICTIVE_SIGNAL
606112,606112,55.17,0.0034812456926590074,60.0,90.0,60.65,HIGH,0.3824,0,High Expenditure Progress Gap; Progress Stagnation,WATCH
606431,606431,45.42,-0.11495525520118188,60.0,90.0,42.94,MEDIUM,0.0688,0,Progress Stagnation,LOW_PREDICTIVE_SIGNAL
606479,606479,35.01,-0.11849344765815356,60.0,90.0,35.27,MEDIUM,0.0947,0,Progress Stagnation,LOW_PREDICTIVE_SIGNAL
607653,607653,0.0,0.09618198500047548,10.0,77.1,12.11,LOW,0.073,0,Anomalous Project Pattern,LOW_PREDICTIVE_SIGNAL
607701,607701,3.35,-0.1248414381178719,30.0,52.1,7.21,LOW,0.1319,0,Limited Adverse Evidence,LOW_PREDICTIVE_SIGNAL
607709,607709,50.4,-0.10324430832064241,60.0,90.0,46.61,MEDIUM,0.0635,0,Progress Stagnation,LOW_PREDICTIVE_SIGNAL
609019,609019,28.67,-0.10673587728412343,30.0,90.0,25.86,LOW,0.0568,0,Limited Adverse Evidence,LOW_PREDICTIVE_SIGNAL
609424,609424,57.14,-0.06720400116584857,60.0,90.0,51.58,HIGH,0.775,1,High Expenditure Progress Gap; Progress Stagnation,HIGH_PREDICTIVE_SIGNAL
609736,609736,30.47,-0.11391774053743253,30.0,90.0,27.19,LOW,0.1587,0,Limited Adverse Evidence,LOW_PREDICTIVE_SIGNAL
609996,609996,14.93,-0.11978569758201046,30.0,90.0,15.74,LOW,0.345,0,Limited Adverse Evidence,WATCH
610315,610315,38.91,-0.07263198408658444,60.0,90.0,38.14,MEDIUM,0.1235,0,Progress Stagnation,LOW_PREDICTIVE_SIGNAL
610984,610984,29.37,-0.13079755682839783,30.0,90.0,26.38,LOW,0.1259,0,Limited Adverse Evidence,LOW_PREDICTIVE_SIGNAL
611016,611016,88.17,-0.13122056027635626,60.0,52.1,74.44,HIGH,0.1984,0,Progress Stagnation,LOW_PREDICTIVE_SIGNAL
611017,611017,84.02,-0.127762383552263,30.0,52.1,66.65,HIGH,0.4235,0,Limited Adverse Evidence,WATCH
611047,611047,0.0,-0.11997599505021567,10.0,90.0,1.58,LOW,0.4721,0,Limited Adverse Evidence,WATCH
611142,611142,100.0,-0.13049571252206366,30.0,32.9,78.42,REVIEW_DATA,0.1026,0,Data review is required before risk escalation.,LOW_PREDICTIVE_SIGNAL
611452,611452,100.0,-0.13434201838644594,60.0,60.7,83.16,CRITICAL,0.406,0,Progress Stagnation,WATCH
611495,611495,40.69,-0.0676874292920766,85.0,90.0,43.4,MEDIUM,0.4999,0,Progress Deterioration,WATCH
611509,611509,12.63,-0.07342778702691638,30.0,90.0,14.04,LOW,0.1777,0,Limited Adverse Evidence,LOW_PREDICTIVE_SIGNAL
611570,611570,21.63,-0.12580746656400732,30.0,90.0,20.67,LOW,0.2195,0,Limited Adverse Evidence,LOW_PREDICTIVE_SIGNAL
611586,611586,73.78,-0.04136788054319146,60.0,90.0,63.84,HIGH,0.4534,0,High Cost Escalation; Progress Stagnation,WATCH
611602,611602,0.0,-0.10551535694058645,10.0,90.0,1.58,LOW,0.4722,0,Limited Adverse Evidence,WATCH
611669,611669,21.92,-0.05184360035292257,30.0,90.0,20.89,LOW,0.2674,0,High Expenditure Progress Gap,LOW_PREDICTIVE_SIGNAL
611698,611698,24.23,-0.08849323830616562,30.0,90.0,22.59,LOW,0.2008,0,Limited Adverse Evidence,LOW_PREDICTIVE_SIGNAL
611699,611699,31.77,-0.09023265193872637,60.0,90.0,32.88,MEDIUM,0.2039,0,Progress Stagnation,LOW_PREDICTIVE_SIGNAL
611716,611716,34.45,-0.0893856546928366,60.0,77.1,34.86,MEDIUM,0.4353,0,Progress Stagnation,WATCH
611735,611735,0.83,-0.0945230819236409,10.0,90.0,2.19,LOW,0.2833,0,Limited Adverse Evidence,LOW_PREDICTIVE_SIGNAL
611751,611751,57.14,0.01885254698783262,85.0,90.0,66.05,HIGH,0.1644,0,High Expenditure Progress Gap; Progress Deterioration,LOW_PREDICTIVE_SIGNAL
611752,611752,57.14,0.003311564526537303,85.0,85.7,66.05,HIGH,0.1776,0,High Expenditure Progress Gap; Progress Deterioration,LOW_PREDICTIVE_SIGNAL
611754,611754,57.14,-0.03608154396139879,85.0,90.0,55.52,HIGH,0.1594,0,High Expenditure Progress Gap; Progress Deterioration,LOW_PREDICTIVE_SIGNAL
611849,611849,100.0,-0.13050814747085737,30.0,32.9,78.42,REVIEW_DATA,0.3764,0,Data review is required before risk escalation.,WATCH
611855,611855,30.17,-0.11965544415776114,30.0,90.0,26.97,LOW,0.482,0,Limited Adverse Evidence,WATCH
611861,611861,1.38,-0.12980924216863438,30.0,60.7,5.75,LOW,0.2112,0,Limited Adverse Evidence,LOW_PREDICTIVE_SIGNAL
611864,611864,25.43,-0.09869194183345187,30.0,90.0,23.47,LOW,0.4635,0,Limited Adverse Evidence,WATCH
611884,611884,0.49,-0.12199391612064087,30.0,90.0,5.1,LOW,0.4776,0,Limited Adverse Evidence,WATCH
611917,611917,48.99,-0.06986889642566052,30.0,90.0,40.83,MEDIUM,0.1196,0,High Cost Escalation,LOW_PREDICTIVE_SIGNAL
611918,611918,0.0,-0.03320188192226503,10.0,90.0,1.58,LOW,0.0475,0,Limited Adverse Evidence,LOW_PREDICTIVE_SIGNAL
611927,611927,35.71,-0.12770887009977688,60.0,90.0,35.79,MEDIUM,0.4455,0,Progress Stagnation,WATCH
611929,611929,35.71,-0.08682146310200828,60.0,90.0,35.79,MEDIUM,0.0802,0,Progress Stagnation,LOW_PREDICTIVE_SIGNAL
611930,611930,3.54,-0.059092797205959724,30.0,90.0,7.35,LOW,0.1849,0,Limited Adverse Evidence,LOW_PREDICTIVE_SIGNAL
611943,611943,35.71,-0.08964596474037773,60.0,90.0,35.79,MEDIUM,0.3781,0,Progress Stagnation,WATCH
611944,611944,,-0.1337008887481288,,24.3,0.0,REVIEW_DATA,0.1818,0,Data review is required before risk escalation.,LOW_PREDICTIVE_SIGNAL
611945,611945,3.34,-0.0645830896905541,10.0,90.0,4.04,LOW,0.0249,0,Limited Adverse Evidence,LOW_PREDICTIVE_SIGNAL
611947,611947,0.0,-0.08354704820063452,10.0,52.1,1.58,LOW,0.1047,0,Limited Adverse Evidence,LOW_PREDICTIVE_SIGNAL
611948,611948,31.76,-0.09757373696587124,30.0,56.4,28.14,LOW,0.4372,0,Limited Adverse Evidence,WATCH
611949,611949,29.59,-0.1047238888448282,30.0,90.0,26.54,LOW,0.0213,0,Limited Adverse Evidence,LOW_PREDICTIVE_SIGNAL
611950,611950,,-0.13102993963979293,,24.3,0.0,REVIEW_DATA,0.1445,0,Data review is required before risk escalation.,LOW_PREDICTIVE_SIGNAL
611951,611951,58.58,-0.13049627286797266,30.0,32.9,47.9,REVIEW_DATA,0.0958,0,Data review is required before risk escalation.,LOW_PREDICTIVE_SIGNAL
611957,611957,0.0,-0.0935364221403458,10.0,90.0,1.58,LOW,0.4089,0,Limited Adverse Evidence,WATCH
611961,611961,19.88,-0.08498254559493179,30.0,77.1,19.39,LOW,0.8246,1,Limited Adverse Evidence,HIGH_PREDICTIVE_SIGNAL
611963,611963,0.0,-0.11855168752181489,10.0,90.0,1.58,LOW,0.0746,0,Limited Adverse Evidence,LOW_PREDICTIVE_SIGNAL
611966,611966,0.0,-0.10695631038473052,10.0,60.7,1.58,LOW,0.0924,0,Limited Adverse Evidence,LOW_PREDICTIVE_SIGNAL
611967,611967,49.31,0.018794823335353816,30.0,56.4,51.6,HIGH,0.1377,0,Anomalous Project Pattern,LOW_PREDICTIVE_SIGNAL
611970,611970,2.38,-0.06867304576540262,10.0,90.0,3.33,LOW,0.0432,0,Limited Adverse Evidence,LOW_PREDICTIVE_SIGNAL
611971,611971,9.81,-0.08778974205735318,10.0,90.0,8.81,LOW,0.1333,0,Limited Adverse Evidence,LOW_PREDICTIVE_SIGNAL
611974,611974,1.02,-0.0760950816458118,10.0,90.0,2.33,LOW,0.0887,0,Limited Adverse Evidence,LOW_PREDICTIVE_SIGNAL
611977,611977,100.0,-0.12779837869225058,60.0,60.7,83.16,CRITICAL,0.7038,1,Progress Stagnation,HIGH_PREDICTIVE_SIGNAL
611978,611978,100.0,-0.09146322440537946,60.0,60.7,83.16,CRITICAL,0.6808,1,Progress Stagnation,ELEVATED
611979,611979,100.0,-0.13531250397496536,60.0,60.7,83.16,CRITICAL,0.5017,1,Progress Stagnation,ELEVATED
612066,612066,43.01,-0.07927872105433142,30.0,57.9,36.43,MEDIUM,0.0446,0,Limited Adverse Evidence,LOW_PREDICTIVE_SIGNAL
612068,612068,35.71,-0.09835355294071646,30.0,57.9,31.05,LOW,0.4623,0,Limited Adverse Evidence,WATCH
612072,612072,43.05,-0.07093823610953603,30.0,90.0,36.46,MEDIUM,0.3027,0,High Expenditure Progress Gap,WATCH
612096,612096,40.71,-0.07857370893274379,30.0,90.0,34.73,MEDIUM,0.3836,0,High Expenditure Progress Gap,WATCH
612128,612128,0.0,-0.09775668009300487,10.0,90.0,1.58,LOW,0.1926,0,Limited Adverse Evidence,LOW_PREDICTIVE_SIGNAL
612132,612132,0.0,-0.09953991285466302,10.0,90.0,1.58,LOW,0.0835,0,Limited Adverse Evidence,LOW_PREDICTIVE_SIGNAL
612133,612133,33.57,-0.11873207301395156,30.0,90.0,29.47,LOW,0.3905,0,Limited Adverse Evidence,WATCH
612134,612134,1.22,-0.1072001759745192,10.0,90.0,2.48,LOW,0.1922,0,Limited Adverse Evidence,LOW_PREDICTIVE_SIGNAL
612138,612138,0.0,-0.09788228018066436,10.0,90.0,1.58,LOW,0.1422,0,Limited Adverse Evidence,LOW_PREDICTIVE_SIGNAL
612139,612139,1.48,-0.0740811466233709,10.0,90.0,2.67,LOW,0.1816,0,Limited Adverse Evidence,LOW_PREDICTIVE_SIGNAL
612140,612140,0.0,-0.07530301718680493,10.0,90.0,1.58,LOW,0.1244,0,Limited Adverse Evidence,LOW_PREDICTIVE_SIGNAL
612142,612142,0.0,-0.0680312668559705,30.0,90.0,4.74,LOW,0.0912,0,Limited Adverse Evidence,LOW_PREDICTIVE_SIGNAL
612151,612151,0.0,-0.13045572345799095,30.0,32.9,4.74,REVIEW_DATA,0.3456,0,Data review is required before risk escalation.,WATCH
612167,612167,21.43,0.21888064451746125,10.0,90.0,27.9,LOW,0.4184,0,High Expenditure Progress Gap; Anomalous Project Pattern,WATCH
612178,612178,40.83,-0.13049571252206366,30.0,32.9,34.82,REVIEW_DATA,0.284,0,Data review is required before risk escalation.,LOW_PREDICTIVE_SIGNAL
612183,612183,15.5,-0.0850886059198504,30.0,90.0,16.16,LOW,0.1587,0,Limited Adverse Evidence,LOW_PREDICTIVE_SIGNAL
612185,612185,100.0,-0.13049571252206366,,28.6,87.5,REVIEW_DATA,0.1026,0,Data review is required before risk escalation.,LOW_PREDICTIVE_SIGNAL
612186,612186,0.0,-0.09329944709785043,10.0,90.0,1.58,LOW,0.7526,1,Limited Adverse Evidence,HIGH_PREDICTIVE_SIGNAL
612188,612188,21.1,-0.1318158932181111,30.0,52.1,20.28,LOW,0.6183,1,Limited Adverse Evidence,ELEVATED
612194,612194,0.0,-0.1229730841081097,10.0,90.0,1.58,LOW,0.1988,0,Limited Adverse Evidence,LOW_PREDICTIVE_SIGNAL
612201,612201,60.55,-0.13048628686007635,30.0,52.1,49.35,MEDIUM,0.171,0,Limited Adverse Evidence,LOW_PREDICTIVE_SIGNAL
612211,612211,0.0,-0.08923157230157441,10.0,90.0,1.58,LOW,0.598,1,Limited Adverse Evidence,ELEVATED
612213,612213,25.72,-0.12917688444274855,30.0,90.0,23.69,LOW,0.2072,0,Limited Adverse Evidence,LOW_PREDICTIVE_SIGNAL
612259,612259,60.39,0.04919582485082463,10.0,90.0,56.6,HIGH,0.2086,0,High Cost Escalation; High Expenditure Progress Gap,LOW_PREDICTIVE_SIGNAL
612513,612513,37.07,-0.08932673030817229,60.0,90.0,36.79,MEDIUM,0.5153,1,Progress Stagnation,ELEVATED
612745,612745,0.0,-0.09036338193542326,10.0,90.0,1.58,LOW,0.5634,1,Limited Adverse Evidence,ELEVATED
612748,612748,0.0,-0.058993919314703824,10.0,90.0,1.58,LOW,0.2926,0,Limited Adverse Evidence,LOW_PREDICTIVE_SIGNAL
612781,612781,10.85,-0.11103327884311498,30.0,90.0,12.73,LOW,0.5648,1,Limited Adverse Evidence,ELEVATED
612786,612786,0.0,-0.08893948356070308,10.0,90.0,1.58,LOW,0.1754,0,Limited Adverse Evidence,LOW_PREDICTIVE_SIGNAL
612787,612787,0.0,-0.09389522808235895,10.0,90.0,1.58,LOW,0.0687,0,Limited Adverse Evidence,LOW_PREDICTIVE_SIGNAL
612788,612788,0.0,-0.09666944275441042,10.0,90.0,1.58,LOW,0.1225,0,Limited Adverse Evidence,LOW_PREDICTIVE_SIGNAL
612789,612789,0.0,-0.12380795483184015,10.0,90.0,1.58,LOW,0.1665,0,Limited Adverse Evidence,LOW_PREDICTIVE_SIGNAL
612790,612790,0.0,-0.11166667259223434,10.0,90.0,1.58,LOW,0.3462,0,Limited Adverse Evidence,WATCH
612791,612791,0.0,-0.10948305987162033,10.0,90.0,1.58,LOW,0.3157,0,Limited Adverse Evidence,WATCH
612793,612793,22.4,-0.11178895845385739,30.0,90.0,21.24,LOW,0.4798,0,Limited Adverse Evidence,WATCH
612815,612815,38.09,-0.021296247852984895,85.0,90.0,41.49,MEDIUM,0.1145,0,Progress Deterioration,LOW_PREDICTIVE_SIGNAL
612816,612816,39.0,-0.09283230013065269,60.0,90.0,38.21,MEDIUM,0.7115,1,Progress Stagnation,HIGH_PREDICTIVE_SIGNAL
612819,612819,100.0,-0.13135685269033343,60.0,52.1,83.16,CRITICAL,0.1379,0,Progress Stagnation,LOW_PREDICTIVE_SIGNAL
612827,612827,0.0,-0.1023703362921971,10.0,90.0,1.58,LOW,0.4306,0,Limited Adverse Evidence,WATCH
612834,612834,21.63,-0.1273072944937393,30.0,90.0,20.67,LOW,0.1697,0,Limited Adverse Evidence,LOW_PREDICTIVE_SIGNAL
612845,612845,80.91,0.028310667708631554,60.0,77.1,79.62,HIGH,0.1208,0,High Cost Escalation; Progress Stagnation,LOW_PREDICTIVE_SIGNAL
612851,612851,34.3,-0.10202262295701708,60.0,90.0,34.75,MEDIUM,0.1599,0,Progress Stagnation,LOW_PREDICTIVE_SIGNAL
612853,612853,0.0,0.011460808269334877,10.0,90.0,12.11,LOW,0.108,0,Anomalous Project Pattern,LOW_PREDICTIVE_SIGNAL
612855,612855,1.52,-0.020073889303133863,10.0,90.0,2.7,LOW,0.0901,0,Limited Adverse Evidence,LOW_PREDICTIVE_SIGNAL
612856,612856,0.0,-0.1359718976206657,,28.6,0.0,REVIEW_DATA,0.4275,0,Data review is required before risk escalation.,WATCH
612876,612876,57.14,-0.06064251362037398,60.0,90.0,51.58,HIGH,0.7694,1,High Expenditure Progress Gap; Progress Stagnation,HIGH_PREDICTIVE_SIGNAL
612877,612877,28.67,-0.0951166382805031,30.0,90.0,25.86,LOW,0.0764,0,Limited Adverse Evidence,LOW_PREDICTIVE_SIGNAL
612878,612878,8.95,-0.08235686696708822,30.0,77.1,11.33,LOW,0.3653,0,Limited Adverse Evidence,WATCH
612883,612883,16.75,-0.10073661249904425,30.0,90.0,17.08,LOW,0.507,1,Limited Adverse Evidence,ELEVATED
612885,612885,18.1,-0.10736935531143948,30.0,90.0,18.07,LOW,0.3031,0,Limited Adverse Evidence,WATCH
612894,612894,40.81,-0.12095330767757645,30.0,90.0,34.81,MEDIUM,0.0787,0,Limited Adverse Evidence,LOW_PREDICTIVE_SIGNAL
612898,612898,44.94,-0.11176312328405574,60.0,90.0,42.59,MEDIUM,0.4866,0,Progress Stagnation,WATCH
612916,612916,28.67,-0.12825254077077475,30.0,90.0,25.86,LOW,0.1851,0,Limited Adverse Evidence,LOW_PREDICTIVE_SIGNAL
613002,613002,57.14,-0.04830827631422174,60.0,90.0,51.58,HIGH,0.1644,0,High Expenditure Progress Gap; Progress Stagnation,LOW_PREDICTIVE_SIGNAL
613008,613008,53.62,0.1371370372414773,60.0,90.0,59.51,HIGH,0.6158,1,High Expenditure Progress Gap; Anomalous Project Pattern,ELEVATED
613013,613013,35.71,-0.11320329827578707,60.0,90.0,35.79,MEDIUM,0.1545,0,Progress Stagnation,LOW_PREDICTIVE_SIGNAL
613015,613015,38.68,-0.08668343484854474,30.0,90.0,33.24,MEDIUM,0.5609,1,High Expenditure Progress Gap,ELEVATED
613785,613785,35.9,-0.07425660181524707,30.0,60.7,31.19,LOW,0.1169,0,Limited Adverse Evidence,LOW_PREDICTIVE_SIGNAL
613786,613786,44.77,-0.11015871624913254,30.0,60.7,37.73,MEDIUM,0.7781,1,Limited Adverse Evidence,HIGH_PREDICTIVE_SIGNAL
613787,613787,45.62,-0.08674932314702372,30.0,90.0,38.35,MEDIUM,0.3518,0,High Expenditure Progress Gap,WATCH
613793,613793,37.41,-0.10138962421930481,60.0,90.0,37.04,MEDIUM,0.6552,1,Progress Stagnation,ELEVATED
613794,613794,43.07,-0.09608880054375568,60.0,90.0,41.21,MEDIUM,0.7773,1,Progress Stagnation,HIGH_PREDICTIVE_SIGNAL
613798,613798,35.71,-0.11365567573310847,60.0,90.0,35.79,MEDIUM,0.6117,1,Progress Stagnation,ELEVATED
613799,613799,35.71,-0.13093396085954678,60.0,90.0,35.79,MEDIUM,0.3299,0,Progress Stagnation,WATCH
613800,613800,35.71,-0.11948993445542161,60.0,90.0,35.79,MEDIUM,0.1536,0,Progress Stagnation,LOW_PREDICTIVE_SIGNAL
613801,613801,35.71,-0.12685708858593192,60.0,90.0,35.79,MEDIUM,0.5541,1,Progress Stagnation,ELEVATED
613802,613802,35.71,-0.12518683291209987,60.0,90.0,35.79,MEDIUM,0.6282,1,Progress Stagnation,ELEVATED
613803,613803,35.71,-0.09859052213440661,60.0,90.0,35.79,MEDIUM,0.4315,0,Progress Stagnation,WATCH
613804,613804,35.71,-0.09569204893793826,60.0,90.0,35.79,MEDIUM,0.782,1,Progress Stagnation,HIGH_PREDICTIVE_SIGNAL
613808,613808,35.71,-0.1303062609156418,60.0,90.0,35.79,MEDIUM,0.3698,0,Progress Stagnation,WATCH
615183,615183,39.46,-0.10703596124175258,30.0,90.0,33.81,MEDIUM,0.6588,1,Limited Adverse Evidence,ELEVATED
615184,615184,35.71,-0.12571011565314977,60.0,90.0,35.79,MEDIUM,0.5413,1,Progress Stagnation,ELEVATED
615185,615185,35.71,-0.11686863657246904,60.0,90.0,35.79,MEDIUM,0.4854,0,Progress Stagnation,WATCH
615186,615186,47.6,-0.09828689680487496,60.0,90.0,44.55,MEDIUM,0.5201,1,Progress Stagnation,ELEVATED
615187,615187,35.71,-0.0918319406645558,60.0,90.0,35.79,MEDIUM,0.5691,1,Progress Stagnation,ELEVATED
615188,615188,35.71,-0.10612341159984268,60.0,90.0,35.79,MEDIUM,0.677,1,Progress Stagnation,ELEVATED
615189,615189,47.68,-0.08933818010069355,60.0,90.0,44.61,MEDIUM,0.6406,1,Progress Stagnation,ELEVATED
615190,615190,39.38,-0.09324191161417489,60.0,90.0,38.49,MEDIUM,0.4797,0,Progress Stagnation,WATCH
615191,615191,47.86,-0.0781250349288537,60.0,90.0,44.74,MEDIUM,0.4693,0,Progress Stagnation,WATCH
615192,615192,43.91,-0.09005314849714202,60.0,90.0,41.83,MEDIUM,0.5509,1,Progress Stagnation,ELEVATED
615193,615193,68.84,-0.13344064818030948,30.0,52.1,55.46,HIGH,0.5023,1,Limited Adverse Evidence,ELEVATED
615194,615194,52.21,-0.06895371054529492,60.0,90.0,47.94,MEDIUM,0.3012,0,High Expenditure Progress Gap; Progress Stagnation,WATCH
615195,615195,35.71,-0.09408074453596682,60.0,90.0,35.79,MEDIUM,0.7745,1,Progress Stagnation,HIGH_PREDICTIVE_SIGNAL
615199,615199,33.79,-0.08512669605259321,30.0,90.0,29.63,LOW,0.6624,1,Limited Adverse Evidence,ELEVATED
615202,615202,39.58,0.04486759921620076,30.0,90.0,44.43,MEDIUM,0.7701,1,High Expenditure Progress Gap; Anomalous Project Pattern,HIGH_PREDICTIVE_SIGNAL
615206,615206,35.71,-0.09778846018899284,60.0,90.0,35.79,MEDIUM,0.3255,0,Progress Stagnation,WATCH
615327,615327,100.0,-0.13135685269033343,60.0,52.1,83.16,CRITICAL,0.1379,0,Progress Stagnation,LOW_PREDICTIVE_SIGNAL
615330,615330,35.3,-0.08924447685827891,60.0,90.0,35.48,MEDIUM,0.4472,0,Progress Stagnation,WATCH
615331,615331,48.03,-0.07943405780277352,60.0,90.0,44.86,MEDIUM,0.1936,0,Progress Stagnation,LOW_PREDICTIVE_SIGNAL
615332,615332,0.64,-0.0904610225364611,10.0,90.0,2.05,LOW,0.1119,0,Limited Adverse Evidence,LOW_PREDICTIVE_SIGNAL
615333,615333,0.0,-0.09634305631634349,10.0,90.0,1.58,LOW,0.2032,0,Limited Adverse Evidence,LOW_PREDICTIVE_SIGNAL
615334,615334,11.61,-0.08626316285789426,10.0,90.0,10.13,LOW,0.4296,0,Limited Adverse Evidence,WATCH
615335,615335,0.0,-0.09365013126864019,10.0,90.0,1.58,LOW,0.1794,0,Limited Adverse Evidence,LOW_PREDICTIVE_SIGNAL
615336,615336,0.0,0.0020610744887712973,10.0,77.1,12.11,LOW,0.1099,0,Anomalous Project Pattern,LOW_PREDICTIVE_SIGNAL
615337,615337,0.0,-0.05161761384879615,10.0,90.0,1.58,LOW,0.2046,0,Limited Adverse Evidence,LOW_PREDICTIVE_SIGNAL
615338,615338,0.0,-0.08063368887442274,10.0,90.0,1.58,LOW,0.1267,0,Limited Adverse Evidence,LOW_PREDICTIVE_SIGNAL
615339,615339,0.0,-0.05803440918433628,10.0,90.0,1.58,LOW,0.2242,0,Limited Adverse Evidence,LOW_PREDICTIVE_SIGNAL
615340,615340,0.0,-0.08051567323923692,10.0,90.0,1.58,LOW,0.0884,0,Limited Adverse Evidence,LOW_PREDICTIVE_SIGNAL
615342,615342,0.0,-0.05479213250100612,10.0,90.0,1.58,LOW,0.0845,0,Limited Adverse Evidence,LOW_PREDICTIVE_SIGNAL
615343,615343,16.91,-0.09111641672690035,30.0,90.0,17.2,LOW,0.3741,0,Limited Adverse Evidence,WATCH
615344,615344,0.0,-0.10154812628528792,10.0,90.0,1.58,LOW,0.1568,0,Limited Adverse Evidence,LOW_PREDICTIVE_SIGNAL
615345,615345,4.4,-0.034259606302481815,10.0,90.0,4.82,LOW,0.1235,0,Limited Adverse Evidence,LOW_PREDICTIVE_SIGNAL
615346,615346,0.0,-0.09098867219044698,10.0,90.0,1.58,LOW,0.2207,0,Limited Adverse Evidence,LOW_PREDICTIVE_SIGNAL
615347,615347,0.0,-0.05448477914790739,10.0,90.0,1.58,LOW,0.3031,0,Limited Adverse Evidence,WATCH
615349,615349,29.3,-0.10132819562259293,30.0,90.0,26.33,LOW,0.5297,1,Limited Adverse Evidence,ELEVATED
615818,615818,35.71,-0.1046096013757648,60.0,90.0,35.79,MEDIUM,0.6902,1,Progress Stagnation,ELEVATED
615820,615820,46.22,0.18842723082129165,30.0,90.0,49.32,MEDIUM,0.2835,0,High Expenditure Progress Gap; Anomalous Project Pattern,LOW_PREDICTIVE_SIGNAL
615821,615821,44.89,-0.06127114968676678,30.0,90.0,37.81,MEDIUM,0.6696,1,High Expenditure Progress Gap,ELEVATED
615822,615822,35.71,-0.08546208025648894,85.0,90.0,39.73,MEDIUM,0.4888,0,Progress Deterioration,WATCH
615843,615843,35.71,-0.09954800761462707,85.0,90.0,39.73,MEDIUM,0.7348,1,Progress Deterioration,HIGH_PREDICTIVE_SIGNAL
615857,615857,49.84,-0.10048079252902259,60.0,90.0,46.2,MEDIUM,0.4689,0,Progress Stagnation,WATCH
615858,615858,22.54,-0.12388501879906888,30.0,90.0,21.35,LOW,0.2756,0,Limited Adverse Evidence,LOW_PREDICTIVE_SIGNAL
615860,615860,35.71,-0.11908058465231242,60.0,90.0,35.79,MEDIUM,0.4865,0,Progress Stagnation,WATCH
615861,615861,46.62,-0.10874298163597357,60.0,90.0,43.83,MEDIUM,0.2825,0,Progress Stagnation,LOW_PREDICTIVE_SIGNAL
615862,615862,28.67,-0.10878042760874584,30.0,90.0,25.86,LOW,0.4745,0,Limited Adverse Evidence,WATCH
615863,615863,36.07,-0.10763314974876437,60.0,90.0,36.05,MEDIUM,0.1374,0,Progress Stagnation,LOW_PREDICTIVE_SIGNAL
615865,615865,28.67,-0.12975272606282717,30.0,90.0,25.86,LOW,0.4285,0,Limited Adverse Evidence,WATCH
615914,615914,34.66,-0.09682359395911422,60.0,90.0,35.01,MEDIUM,0.7267,1,Progress Stagnation,HIGH_PREDICTIVE_SIGNAL
615915,615915,13.33,-0.06746909669218326,10.0,77.1,11.4,LOW,0.248,0,Limited Adverse Evidence,LOW_PREDICTIVE_SIGNAL
615916,615916,37.47,-0.08878032438367456,60.0,90.0,37.08,MEDIUM,0.3652,0,Progress Stagnation,WATCH
615917,615917,35.71,-0.0889238733677532,60.0,90.0,35.79,MEDIUM,0.421,0,Progress Stagnation,WATCH
615918,615918,34.94,-0.10012335142909634,60.0,90.0,35.22,MEDIUM,0.5275,1,Progress Stagnation,ELEVATED
615919,615919,35.71,-0.10747765251494906,60.0,90.0,35.79,MEDIUM,0.69,1,Progress Stagnation,ELEVATED
615982,615982,35.71,-0.12904996077960118,60.0,90.0,35.79,MEDIUM,0.3294,0,Progress Stagnation,WATCH
616044,616044,28.25,-0.12566620148152957,30.0,90.0,25.55,LOW,0.1485,0,Limited Adverse Evidence,LOW_PREDICTIVE_SIGNAL
616050,616050,35.71,-0.11406499527046249,60.0,90.0,35.79,MEDIUM,0.1298,0,Progress Stagnation,LOW_PREDICTIVE_SIGNAL
616221,616221,35.71,-0.08494308975970782,30.0,57.9,31.05,LOW,0.0299,0,Limited Adverse Evidence,LOW_PREDICTIVE_SIGNAL
616223,616223,35.71,-0.12696336184367052,60.0,90.0,35.79,MEDIUM,0.2666,0,Progress Stagnation,LOW_PREDICTIVE_SIGNAL
616225,616225,35.71,-0.08716239467987386,60.0,90.0,35.79,MEDIUM,0.0905,0,Progress Stagnation,LOW_PREDICTIVE_SIGNAL
616226,616226,11.92,-0.08757098779848932,30.0,90.0,13.52,LOW,0.1337,0,Limited Adverse Evidence,LOW_PREDICTIVE_SIGNAL
616227,616227,35.71,-0.08419680496777954,60.0,90.0,35.79,MEDIUM,0.0611,0,Progress Stagnation,LOW_PREDICTIVE_SIGNAL
616229,616229,35.5,-0.08942832495155889,60.0,90.0,35.63,MEDIUM,0.3585,0,Progress Stagnation,WATCH
616230,616230,35.64,-0.08382284943724255,60.0,90.0,35.73,MEDIUM,0.1549,0,Progress Stagnation,LOW_PREDICTIVE_SIGNAL
616231,616231,24.73,-0.0982759056767889,30.0,90.0,22.96,LOW,0.3139,0,Limited Adverse Evidence,WATCH
616232,616232,5.0,-0.10542066440408271,30.0,90.0,8.42,LOW,0.5317,1,Limited Adverse Evidence,ELEVATED
616233,616233,30.64,-0.07295380857830985,30.0,90.0,27.31,LOW,0.4442,0,High Expenditure Progress Gap,WATCH
616234,616234,35.71,-0.00559926417486406,85.0,90.0,39.73,MEDIUM,0.7437,1,Progress Deterioration,HIGH_PREDICTIVE_SIGNAL
616235,616235,0.0,-0.1337008887481288,,28.6,0.0,REVIEW_DATA,0.3658,0,Data review is required before risk escalation.,WATCH
616236,616236,35.71,-0.10250092637415531,85.0,90.0,39.73,MEDIUM,0.7247,1,Progress Deterioration,HIGH_PREDICTIVE_SIGNAL
616253,616253,35.64,-0.08856261209189731,60.0,90.0,35.73,MEDIUM,0.6242,1,Progress Stagnation,ELEVATED
616254,616254,4.72,-0.10977143517981708,30.0,90.0,8.21,LOW,0.2138,0,Limited Adverse Evidence,LOW_PREDICTIVE_SIGNAL
616586,616586,21.63,-0.08471932819191014,30.0,90.0,20.67,LOW,0.194,0,Limited Adverse Evidence,LOW_PREDICTIVE_SIGNAL
616587,616587,100.0,-0.08114315128724203,60.0,60.7,83.16,CRITICAL,0.1073,0,Progress Stagnation,LOW_PREDICTIVE_SIGNAL
616588,616588,21.63,-0.08437240051326489,30.0,90.0,20.67,LOW,0.0966,0,Limited Adverse Evidence,LOW_PREDICTIVE_SIGNAL
616594,616594,7.54,-0.09745402059673763,30.0,90.0,10.29,LOW,0.2852,0,Limited Adverse Evidence,LOW_PREDICTIVE_SIGNAL
616600,616600,57.14,0.29032807875876077,60.0,90.0,62.1,HIGH,0.2347,0,High Expenditure Progress Gap; Anomalous Project Pattern,LOW_PREDICTIVE_SIGNAL
616604,616604,28.67,-0.12401371766643254,30.0,90.0,25.86,LOW,0.0824,0,Limited Adverse Evidence,LOW_PREDICTIVE_SIGNAL
616605,616605,0.0,-0.09190801824350231,10.0,90.0,1.58,LOW,0.5667,1,Limited Adverse Evidence,ELEVATED
616611,616611,21.63,-0.12828023468933514,30.0,90.0,20.67,LOW,0.3732,0,Limited Adverse Evidence,WATCH
616612,616612,28.67,-0.11853137178646872,30.0,90.0,25.86,LOW,0.4568,0,Limited Adverse Evidence,WATCH
616615,616615,47.84,-0.08065606094771088,60.0,90.0,44.72,MEDIUM,0.2349,0,Progress Stagnation,LOW_PREDICTIVE_SIGNAL
616616,616616,49.16,-0.08140059696716478,60.0,90.0,45.7,MEDIUM,0.2435,0,Progress Stagnation,LOW_PREDICTIVE_SIGNAL
616670,616670,0.0,-0.08992439123268464,10.0,90.0,1.58,LOW,0.172,0,Limited Adverse Evidence,LOW_PREDICTIVE_SIGNAL
616671,616671,10.21,-0.09200088030024528,30.0,90.0,12.26,LOW,0.57,1,Limited Adverse Evidence,ELEVATED
616672,616672,0.0,-0.07791621307381491,10.0,90.0,1.58,LOW,0.299,0,Limited Adverse Evidence,LOW_PREDICTIVE_SIGNAL
616691,616691,35.71,-0.12631320065321217,60.0,90.0,35.79,MEDIUM,0.3161,0,Progress Stagnation,WATCH
616694,616694,56.33,-0.03421602251252914,85.0,90.0,54.93,HIGH,0.0713,0,High Expenditure Progress Gap; Progress Deterioration,LOW_PREDICTIVE_SIGNAL
616695,616695,35.71,-0.061765416195489975,85.0,90.0,39.73,MEDIUM,0.3411,0,Progress Deterioration,WATCH
616697,616697,0.0,-0.09717177760676882,10.0,90.0,1.58,LOW,0.1081,0,Limited Adverse Evidence,LOW_PREDICTIVE_SIGNAL
616699,616699,39.81,0.01870141376431189,85.0,90.0,53.28,HIGH,0.0307,0,Progress Deterioration; Anomalous Project Pattern,LOW_PREDICTIVE_SIGNAL
616701,616701,41.41,-0.02843980562296977,85.0,90.0,43.93,MEDIUM,0.1138,0,Progress Deterioration,LOW_PREDICTIVE_SIGNAL
616839,616839,35.71,-0.08042789822430996,60.0,77.1,35.79,MEDIUM,0.0591,0,Progress Stagnation,LOW_PREDICTIVE_SIGNAL
616841,616841,52.82,-0.06102135176358886,85.0,90.0,52.34,HIGH,0.5725,1,Progress Deterioration; High Expenditure Progress Gap,ELEVATED
616842,616842,0.0,-0.10601773626755884,10.0,90.0,1.58,LOW,0.4542,0,Limited Adverse Evidence,WATCH
616843,616843,7.87,-0.06803315687530809,10.0,90.0,7.38,LOW,0.4138,0,Limited Adverse Evidence,WATCH
616856,616856,99.61,-0.07960006975956013,60.0,60.7,82.87,HIGH,0.0827,0,Progress Stagnation,LOW_PREDICTIVE_SIGNAL
616857,616857,0.0,-0.03898664772647542,10.0,90.0,1.58,LOW,0.0721,0,Limited Adverse Evidence,LOW_PREDICTIVE_SIGNAL
616858,616858,11.06,-0.11490236430554823,30.0,90.0,12.89,LOW,0.4906,0,Limited Adverse Evidence,WATCH
616879,616879,0.0,-0.1039463379345294,10.0,90.0,1.58,LOW,0.3814,0,Limited Adverse Evidence,WATCH
616886,616886,21.63,-0.09634878110824413,30.0,90.0,20.67,LOW,0.469,0,Limited Adverse Evidence,WATCH
616933,616933,29.69,-0.06120694748821459,30.0,90.0,26.61,LOW,0.1401,0,Limited Adverse Evidence,LOW_PREDICTIVE_SIGNAL
616950,616950,0.0,-0.11586868474991202,10.0,90.0,1.58,LOW,0.2511,0,Limited Adverse Evidence,LOW_PREDICTIVE_SIGNAL
616983,616983,35.71,-0.09883322975813447,60.0,77.1,35.79,MEDIUM,0.7276,1,Progress Stagnation,HIGH_PREDICTIVE_SIGNAL
617068,617068,0.0,-0.07831057353982196,10.0,90.0,1.58,LOW,0.0769,0,Limited Adverse Evidence,LOW_PREDICTIVE_SIGNAL
617069,617069,0.0,-0.07903137083848899,10.0,90.0,1.58,LOW,0.1889,0,Limited Adverse Evidence,LOW_PREDICTIVE_SIGNAL
617179,617179,35.71,-0.08465686007863849,60.0,90.0,35.79,MEDIUM,0.604,1,Progress Stagnation,ELEVATED
617181,617181,0.0,-0.08788384031754226,10.0,90.0,1.58,LOW,0.2019,0,Limited Adverse Evidence,LOW_PREDICTIVE_SIGNAL
617182,617182,0.0,-0.11549436804014263,10.0,90.0,1.58,LOW,0.6632,1,Limited Adverse Evidence,ELEVATED
617183,617183,0.0,-0.06627165951242375,10.0,90.0,1.58,LOW,0.2865,0,Limited Adverse Evidence,LOW_PREDICTIVE_SIGNAL
617184,617184,0.0,-0.08667833160652105,10.0,90.0,1.58,LOW,0.2896,0,Limited Adverse Evidence,LOW_PREDICTIVE_SIGNAL
617185,617185,1.7,-0.02925265968919849,10.0,90.0,2.83,LOW,0.1181,0,Limited Adverse Evidence,LOW_PREDICTIVE_SIGNAL
617186,617186,0.0,-0.07469225090416659,10.0,90.0,1.58,LOW,0.1558,0,Limited Adverse Evidence,LOW_PREDICTIVE_SIGNAL
617188,617188,11.76,-0.08699554760625483,30.0,90.0,13.4,LOW,0.2685,0,Limited Adverse Evidence,LOW_PREDICTIVE_SIGNAL
617200,617200,100.0,-0.08171611365450215,60.0,60.7,83.16,CRITICAL,0.1117,0,Progress Stagnation,LOW_PREDICTIVE_SIGNAL
617201,617201,80.28,-0.08125247427133336,30.0,60.7,63.89,HIGH,0.1569,0,Limited Adverse Evidence,LOW_PREDICTIVE_SIGNAL
617206,617206,4.97,-0.026008801667651404,10.0,90.0,5.24,LOW,0.0117,0,Limited Adverse Evidence,LOW_PREDICTIVE_SIGNAL
617207,617207,30.99,-0.085459338144597,60.0,90.0,32.31,LOW,0.1432,0,Progress Stagnation,LOW_PREDICTIVE_SIGNAL
617210,617210,35.71,-0.08567382065493445,85.0,90.0,39.73,MEDIUM,0.0802,0,Progress Deterioration,LOW_PREDICTIVE_SIGNAL
617211,617211,96.06,-0.0820539369554622,60.0,60.7,80.25,HIGH,0.3945,0,Progress Stagnation,WATCH
617212,617212,0.0,0.004020153163328266,10.0,60.7,12.11,LOW,0.1546,0,Anomalous Project Pattern,LOW_PREDICTIVE_SIGNAL
617213,617213,17.54,-0.08702514093739355,30.0,90.0,17.66,LOW,0.0653,0,Limited Adverse Evidence,LOW_PREDICTIVE_SIGNAL
617214,617214,40.75,-0.06947715267888749,85.0,90.0,43.45,MEDIUM,0.1312,0,Progress Deterioration,LOW_PREDICTIVE_SIGNAL
617215,617215,45.85,-0.06557417999609094,30.0,90.0,38.52,MEDIUM,0.4231,0,High Expenditure Progress Gap,WATCH
617216,617216,39.61,-0.058268145803214655,85.0,90.0,42.61,MEDIUM,0.1566,0,Progress Deterioration,LOW_PREDICTIVE_SIGNAL
617221,617221,0.0,-0.09858474293040942,10.0,90.0,1.58,LOW,0.2312,0,Limited Adverse Evidence,LOW_PREDICTIVE_SIGNAL
617224,617224,5.0,-0.10069416433023343,10.0,90.0,5.26,LOW,0.3587,0,Limited Adverse Evidence,WATCH
617225,617225,3.47,-0.10935740479682304,10.0,90.0,4.14,LOW,0.4968,0,Limited Adverse Evidence,WATCH
617226,617226,8.66,-0.08441563307809657,30.0,90.0,11.12,LOW,0.0572,0,Limited Adverse Evidence,LOW_PREDICTIVE_SIGNAL
617231,617231,35.71,-0.08682146310200828,60.0,90.0,35.79,MEDIUM,0.0802,0,Progress Stagnation,LOW_PREDICTIVE_SIGNAL
617233,617233,35.01,-0.08654530501086288,60.0,90.0,35.27,MEDIUM,0.0979,0,Progress Stagnation,LOW_PREDICTIVE_SIGNAL
617239,617239,35.71,-0.08387391601603766,60.0,77.1,35.79,MEDIUM,0.0352,0,Progress Stagnation,LOW_PREDICTIVE_SIGNAL
617242,617242,0.0,-0.09356494089305584,10.0,90.0,1.58,LOW,0.121,0,Limited Adverse Evidence,LOW_PREDICTIVE_SIGNAL
617243,617243,14.16,-0.12498267020576015,30.0,90.0,15.17,LOW,0.395,0,Limited Adverse Evidence,WATCH
617245,617245,78.57,-0.03447593802016313,60.0,90.0,67.37,HIGH,0.3669,0,High Cost Escalation; Progress Stagnation,WATCH
617246,617246,0.0,-0.050142967333631105,10.0,90.0,1.58,LOW,0.0992,0,Limited Adverse Evidence,LOW_PREDICTIVE_SIGNAL
617248,617248,0.0,-0.11576880388787086,10.0,90.0,1.58,LOW,0.1734,0,Limited Adverse Evidence,LOW_PREDICTIVE_SIGNAL
617249,617249,0.0,-0.08185718515506812,10.0,90.0,1.58,LOW,0.5537,1,Limited Adverse Evidence,ELEVATED
617250,617250,0.0,-0.09002338655452041,10.0,90.0,1.58,LOW,0.1374,0,Limited Adverse Evidence,LOW_PREDICTIVE_SIGNAL
617251,617251,0.0,-0.0953526430800063,10.0,90.0,1.58,LOW,0.3826,0,Limited Adverse Evidence,WATCH
617252,617252,92.9,0.06585504302327738,85.0,90.0,92.4,CRITICAL,0.2441,0,High Expenditure Progress Gap; Progress Deterioration,LOW_PREDICTIVE_SIGNAL
617253,617253,0.0,-0.08373296250625956,10.0,56.4,1.58,LOW,0.1519,0,Limited Adverse Evidence,LOW_PREDICTIVE_SIGNAL
617254,617254,0.0,-0.10937686013347753,10.0,90.0,1.58,LOW,0.2736,0,Limited Adverse Evidence,LOW_PREDICTIVE_SIGNAL
617255,617255,0.0,-0.12015263037013907,10.0,90.0,1.58,LOW,0.27,0,Limited Adverse Evidence,LOW_PREDICTIVE_SIGNAL
617256,617256,2.32,-0.11581379785874607,30.0,90.0,6.45,LOW,0.2391,0,Limited Adverse Evidence,LOW_PREDICTIVE_SIGNAL
617257,617257,0.0,-0.12502444943558577,10.0,90.0,1.58,LOW,0.2738,0,Limited Adverse Evidence,LOW_PREDICTIVE_SIGNAL
617269,617269,0.0,-0.0770019440726723,10.0,90.0,1.58,LOW,0.1783,0,Limited Adverse Evidence,LOW_PREDICTIVE_SIGNAL
617270,617270,35.71,-0.08387272863257111,60.0,90.0,35.79,MEDIUM,0.604,1,Progress Stagnation,ELEVATED
617271,617271,44.2,-0.10071499488531271,60.0,90.0,42.04,MEDIUM,0.6077,1,Progress Stagnation,ELEVATED
617272,617272,0.0,-0.06680083029243211,10.0,90.0,1.58,LOW,0.3561,0,Limited Adverse Evidence,WATCH
617278,617278,35.36,-0.08545309495666253,60.0,90.0,35.53,MEDIUM,0.2548,0,Progress Stagnation,LOW_PREDICTIVE_SIGNAL
617279,617279,9.94,-0.0758730255595389,10.0,90.0,8.9,LOW,0.6058,1,Limited Adverse Evidence,ELEVATED
617280,617280,57.14,0.1910381034926928,60.0,90.0,62.1,HIGH,0.5216,1,High Expenditure Progress Gap; Anomalous Project Pattern,ELEVATED
617284,617284,30.97,-0.0999654632560521,30.0,60.7,27.56,LOW,0.618,1,Limited Adverse Evidence,ELEVATED
617287,617287,23.39,-0.10700334157195113,30.0,90.0,21.97,LOW,0.3359,0,Limited Adverse Evidence,WATCH
617288,617288,46.46,-0.09741625745008281,60.0,90.0,43.71,MEDIUM,0.662,1,Progress Stagnation,ELEVATED
617299,617299,50.1,0.26286585638435467,30.0,90.0,52.18,HIGH,0.2631,0,High Expenditure Progress Gap; Anomalous Project Pattern,LOW_PREDICTIVE_SIGNAL
617302,617302,59.25,-0.08857159990365332,30.0,90.0,48.39,MEDIUM,0.0893,0,High Cost Escalation,LOW_PREDICTIVE_SIGNAL
617304,617304,0.49,-0.12164043753869025,30.0,90.0,5.1,LOW,0.1127,0,Limited Adverse Evidence,LOW_PREDICTIVE_SIGNAL
617326,617326,32.9,-0.11784388232010456,60.0,90.0,33.72,MEDIUM,0.0984,0,Progress Stagnation,LOW_PREDICTIVE_SIGNAL
617327,617327,23.11,-0.0907357300289523,30.0,90.0,21.77,LOW,0.4499,0,Limited Adverse Evidence,WATCH
617333,617333,57.14,-0.05358594855805243,85.0,90.0,55.52,HIGH,0.1036,0,High Expenditure Progress Gap; Progress Deterioration,LOW_PREDICTIVE_SIGNAL
617338,617338,0.0,-0.10203619035796735,30.0,90.0,4.74,LOW,0.2715,0,Limited Adverse Evidence,LOW_PREDICTIVE_SIGNAL
617345,617345,100.0,-0.12684339581085158,60.0,60.7,83.16,CRITICAL,0.7094,1,Progress Stagnation,HIGH_PREDICTIVE_SIGNAL
617361,617361,100.0,-0.08182189005952645,60.0,60.7,83.16,CRITICAL,0.1323,0,Progress Stagnation,LOW_PREDICTIVE_SIGNAL
617364,617364,44.97,-0.004184176217175317,85.0,90.0,46.56,MEDIUM,0.2384,0,Progress Deterioration,LOW_PREDICTIVE_SIGNAL
617370,617370,27.53,-0.03662150443777806,10.0,90.0,21.86,LOW,0.2909,0,Limited Adverse Evidence,LOW_PREDICTIVE_SIGNAL
617372,617372,35.71,-0.06931057592489509,85.0,85.7,39.73,MEDIUM,0.682,1,Progress Deterioration,ELEVATED
617374,617374,100.0,-0.13259268678481073,60.0,60.7,83.16,CRITICAL,0.2969,0,Progress Stagnation,LOW_PREDICTIVE_SIGNAL
617375,617375,18.88,-0.08667429958335576,30.0,90.0,18.65,LOW,0.633,1,Limited Adverse Evidence,ELEVATED
617379,617379,100.0,-0.13539660331560932,60.0,60.7,83.16,CRITICAL,0.5136,1,Progress Stagnation,ELEVATED
617390,617390,60.55,-0.0827453512043067,30.0,60.7,49.35,MEDIUM,0.2422,0,Limited Adverse Evidence,LOW_PREDICTIVE_SIGNAL
617391,617391,0.0,-0.07887543797072927,10.0,90.0,1.58,LOW,0.0693,0,Limited Adverse Evidence,LOW_PREDICTIVE_SIGNAL
617403,617403,0.49,-0.10200937008219818,30.0,90.0,5.1,LOW,0.0771,0,Limited Adverse Evidence,LOW_PREDICTIVE_SIGNAL
617404,617404,34.77,-0.06436157569916329,30.0,90.0,30.36,LOW,0.171,0,High Expenditure Progress Gap,LOW_PREDICTIVE_SIGNAL
617405,617405,0.0,-0.0983204021194451,10.0,90.0,1.58,LOW,0.117,0,Limited Adverse Evidence,LOW_PREDICTIVE_SIGNAL
617406,617406,100.0,-0.08796992716114449,60.0,60.7,83.16,CRITICAL,0.4835,0,Progress Stagnation,WATCH
617408,617408,80.28,-0.09810519674699414,30.0,60.7,63.89,HIGH,0.4983,0,Limited Adverse Evidence,WATCH
617409,617409,30.49,-0.11502043055562872,30.0,90.0,27.2,LOW,0.1202,0,Limited Adverse Evidence,LOW_PREDICTIVE_SIGNAL
617412,617412,2.25,0.051214016665941275,30.0,90.0,16.92,LOW,0.6313,1,Anomalous Project Pattern,ELEVATED
617416,617416,0.0,-0.07627612965017905,10.0,90.0,1.58,LOW,0.0338,0,Limited Adverse Evidence,LOW_PREDICTIVE_SIGNAL
617422,617422,35.01,-0.02755512782184255,60.0,90.0,35.27,MEDIUM,0.6587,1,Progress Stagnation,ELEVATED
617727,617727,0.0,-0.08063471520136822,10.0,77.1,1.58,LOW,0.5723,1,Limited Adverse Evidence,ELEVATED
617729,617729,18.88,-0.08521066993219328,30.0,77.1,18.65,LOW,0.4301,0,Limited Adverse Evidence,WATCH
617730,617730,0.48,-0.043016266448156704,10.0,90.0,1.93,LOW,0.1185,0,Limited Adverse Evidence,LOW_PREDICTIVE_SIGNAL
617764,617764,35.71,-0.10474783826926254,60.0,77.1,35.79,MEDIUM,0.6905,1,Progress Stagnation,ELEVATED
617801,617801,0.0,-0.07880719927867075,10.0,90.0,1.58,LOW,0.2267,0,Limited Adverse Evidence,LOW_PREDICTIVE_SIGNAL
617802,617802,19.51,-0.08567987162157814,30.0,90.0,19.11,LOW,0.3986,0,Limited Adverse Evidence,WATCH
617803,617803,36.47,-0.08814533890786946,60.0,90.0,36.35,MEDIUM,0.4529,0,Progress Stagnation,WATCH
617804,617804,0.0,-0.004292248657259301,10.0,90.0,1.58,LOW,0.0545,0,Limited Adverse Evidence,LOW_PREDICTIVE_SIGNAL
617806,617806,0.0,-0.015262287678701969,10.0,90.0,1.58,LOW,0.0591,0,Limited Adverse Evidence,LOW_PREDICTIVE_SIGNAL
617807,617807,4.86,-0.07633888272587619,30.0,90.0,8.32,LOW,0.0597,0,Limited Adverse Evidence,LOW_PREDICTIVE_SIGNAL
617808,617808,32.95,-0.08774427288293307,60.0,90.0,33.75,MEDIUM,0.1592,0,Progress Stagnation,LOW_PREDICTIVE_SIGNAL
617818,617818,35.71,-0.08817172991434746,85.0,90.0,39.73,MEDIUM,0.3867,0,Progress Deterioration,WATCH
617819,617819,35.71,-0.08976137908860032,60.0,90.0,35.79,MEDIUM,0.2881,0,Progress Stagnation,LOW_PREDICTIVE_SIGNAL
617822,617822,4.72,-0.10562390069822458,30.0,90.0,8.21,LOW,0.6788,1,Limited Adverse Evidence,ELEVATED
617827,617827,0.49,0.01971290840623341,30.0,90.0,15.62,LOW,0.271,0,Anomalous Project Pattern,LOW_PREDICTIVE_SIGNAL
617828,617828,0.0,-0.08195481677281674,10.0,90.0,1.58,LOW,0.3975,0,Limited Adverse Evidence,WATCH
617829,617829,21.63,-0.10330293547265551,30.0,90.0,20.67,LOW,0.6019,1,Limited Adverse Evidence,ELEVATED
617830,617830,0.0,-0.10296996111608736,10.0,90.0,1.58,LOW,0.1524,0,Limited Adverse Evidence,LOW_PREDICTIVE_SIGNAL
617832,617832,35.71,-0.0865157282513826,60.0,90.0,35.79,MEDIUM,0.0384,0,Progress Stagnation,LOW_PREDICTIVE_SIGNAL
617836,617836,0.07,-0.09382273574692418,10.0,90.0,1.63,LOW,0.5325,1,Limited Adverse Evidence,ELEVATED
617837,617837,27.97,-0.12913553555933877,30.0,90.0,25.35,LOW,0.1229,0,Limited Adverse Evidence,LOW_PREDICTIVE_SIGNAL
617838,617838,0.0,-0.09281602856800442,10.0,90.0,1.58,LOW,0.3433,0,Limited Adverse Evidence,WATCH
617839,617839,21.63,-0.1195006477031606,30.0,90.0,20.67,LOW,0.3216,0,Limited Adverse Evidence,WATCH
617877,617877,35.71,-0.08485787535332157,60.0,90.0,35.79,MEDIUM,0.0591,0,Progress Stagnation,LOW_PREDICTIVE_SIGNAL
617878,617878,35.71,-0.08439053395265667,60.0,90.0,35.79,MEDIUM,0.1493,0,Progress Stagnation,LOW_PREDICTIVE_SIGNAL
617880,617880,100.0,-0.08000893837173584,30.0,32.9,78.42,REVIEW_DATA,0.0508,0,Data review is required before risk escalation.,LOW_PREDICTIVE_SIGNAL
617882,617882,0.0,0.012112162404307236,10.0,90.0,12.11,LOW,0.3846,0,Anomalous Project Pattern,WATCH
617883,617883,35.71,-0.061518002173630015,85.0,90.0,39.73,MEDIUM,0.552,1,Progress Deterioration,ELEVATED
617885,617885,32.05,-0.11352103553193427,60.0,90.0,33.09,MEDIUM,0.0325,0,Progress Stagnation,LOW_PREDICTIVE_SIGNAL
617886,617886,35.71,-0.09123382332596308,60.0,90.0,35.79,MEDIUM,0.4737,0,Progress Stagnation,WATCH
617887,617887,80.28,-0.13049571252206366,30.0,60.7,63.89,HIGH,0.3899,0,Limited Adverse Evidence,WATCH
617888,617888,35.71,-0.04886487768957859,60.0,85.7,35.79,MEDIUM,0.4605,0,Progress Stagnation,WATCH
617889,617889,25.15,-0.048842035600608236,30.0,85.7,23.27,LOW,0.2891,0,Limited Adverse Evidence,LOW_PREDICTIVE_SIGNAL
617890,617890,11.06,-0.08761135569939427,30.0,90.0,12.89,LOW,0.4452,0,Limited Adverse Evidence,WATCH
617891,617891,100.0,-0.13135685269033343,60.0,56.4,83.16,CRITICAL,0.1316,0,Progress Stagnation,LOW_PREDICTIVE_SIGNAL
617892,617892,35.71,-0.1234563039950749,60.0,90.0,35.79,MEDIUM,0.206,0,Progress Stagnation,LOW_PREDICTIVE_SIGNAL
617893,617893,35.71,-0.0865157282513826,60.0,90.0,35.79,MEDIUM,0.0417,0,Progress Stagnation,LOW_PREDICTIVE_SIGNAL
617894,617894,20.43,-0.12844654804376848,30.0,85.7,19.79,LOW,0.3199,0,Limited Adverse Evidence,WATCH
617895,617895,0.0,-0.11487813990021206,10.0,90.0,1.58,LOW,0.1862,0,Limited Adverse Evidence,LOW_PREDICTIVE_SIGNAL
617896,617896,0.0,-0.04836275582405042,10.0,90.0,1.58,LOW,0.3635,0,Limited Adverse Evidence,WATCH
617897,617897,0.0,-0.07204329259436654,10.0,90.0,1.58,LOW,0.1673,0,Limited Adverse Evidence,LOW_PREDICTIVE_SIGNAL
617898,617898,35.71,-0.0848977383815761,60.0,85.7,35.79,MEDIUM,0.1649,0,Progress Stagnation,LOW_PREDICTIVE_SIGNAL
617899,617899,35.71,-0.1289938838339677,60.0,90.0,35.79,MEDIUM,0.5514,1,Progress Stagnation,ELEVATED
617900,617900,60.55,-0.12994869981397078,30.0,56.4,49.35,MEDIUM,0.3821,0,Limited Adverse Evidence,WATCH
617901,617901,35.71,-0.09218520439911776,60.0,90.0,35.79,MEDIUM,0.2869,0,Progress Stagnation,LOW_PREDICTIVE_SIGNAL
617902,617902,0.0,-0.05100759910667535,10.0,85.7,1.58,LOW,0.1962,0,Limited Adverse Evidence,LOW_PREDICTIVE_SIGNAL
617904,617904,35.71,-0.09302860723396567,60.0,90.0,35.79,MEDIUM,0.6546,1,Progress Stagnation,ELEVATED
617905,617905,0.0,-0.09701035503432065,10.0,90.0,1.58,LOW,0.2902,0,Limited Adverse Evidence,LOW_PREDICTIVE_SIGNAL
617906,617906,47.13,-0.0681739523364922,60.0,90.0,44.2,MEDIUM,0.5624,1,Progress Stagnation,ELEVATED
617907,617907,0.0,-0.0971792409960553,10.0,56.4,1.58,LOW,0.072,0,Limited Adverse Evidence,LOW_PREDICTIVE_SIGNAL
617908,617908,0.0,-0.07253475310827279,10.0,85.7,1.58,LOW,0.1132,0,Limited Adverse Evidence,LOW_PREDICTIVE_SIGNAL
617909,617909,35.71,-0.09169039427786163,60.0,85.7,35.79,MEDIUM,0.4385,0,Progress Stagnation,WATCH
617911,617911,48.21,-0.03988986126316052,60.0,90.0,45.0,MEDIUM,0.5592,1,Progress Stagnation,ELEVATED
617912,617912,20.29,-0.09088810201018788,30.0,90.0,19.69,LOW,0.3278,0,Limited Adverse Evidence,WATCH
617913,617913,61.06,-0.0043398273706652946,60.0,90.0,54.47,HIGH,0.3261,0,High Expenditure Progress Gap; Progress Stagnation,WATCH
617914,617914,2.32,-0.08609902349850967,10.0,90.0,3.29,LOW,0.3022,0,Limited Adverse Evidence,WATCH
617915,617915,0.0,-0.11823464699317121,10.0,60.7,1.58,LOW,0.2022,0,Limited Adverse Evidence,LOW_PREDICTIVE_SIGNAL
617916,617916,0.0,-0.07379242374206085,10.0,90.0,1.58,LOW,0.5035,1,Limited Adverse Evidence,ELEVATED
617917,617917,100.0,-0.13356649779466911,60.0,56.4,83.16,CRITICAL,0.3668,0,Progress Stagnation,WATCH
617918,617918,3.19,-0.08128531512039183,,49.3,2.79,LOW,0.0372,0,Limited Adverse Evidence,LOW_PREDICTIVE_SIGNAL
617919,617919,35.71,-0.11090407907371808,60.0,90.0,35.79,MEDIUM,0.1407,0,Progress Stagnation,LOW_PREDICTIVE_SIGNAL
617920,617920,35.71,-0.09008768865393713,60.0,85.7,35.79,MEDIUM,0.0771,0,Progress Stagnation,LOW_PREDICTIVE_SIGNAL
617921,617921,0.0,-0.11088040611671501,10.0,90.0,1.58,LOW,0.4561,0,Limited Adverse Evidence,WATCH
617922,617922,7.54,-0.09544658026388736,30.0,85.7,10.29,LOW,0.7371,1,Limited Adverse Evidence,HIGH_PREDICTIVE_SIGNAL
617923,617923,6.64,-0.0940476331141053,30.0,90.0,9.63,LOW,0.1961,0,Limited Adverse Evidence,LOW_PREDICTIVE_SIGNAL
617924,617924,0.0,-0.1048941936124323,10.0,52.1,1.58,LOW,0.0402,0,Limited Adverse Evidence,LOW_PREDICTIVE_SIGNAL
617925,617925,0.0,-0.07298897075745375,10.0,90.0,1.58,LOW,0.1374,0,Limited Adverse Evidence,LOW_PREDICTIVE_SIGNAL
617926,617926,0.0,-0.03586705744923191,10.0,90.0,1.58,LOW,0.1775,0,Limited Adverse Evidence,LOW_PREDICTIVE_SIGNAL
617927,617927,0.0,-0.06548156711878883,10.0,90.0,1.58,LOW,0.2308,0,Limited Adverse Evidence,LOW_PREDICTIVE_SIGNAL
617928,617928,44.13,-0.03925435658785936,60.0,90.0,41.99,MEDIUM,0.5055,1,Progress Stagnation,ELEVATED
617929,617929,35.71,-0.1272607707741893,60.0,90.0,35.79,MEDIUM,0.5429,1,Progress Stagnation,ELEVATED
617930,617930,35.71,-0.08989516933169195,85.0,90.0,39.73,MEDIUM,0.4655,0,Progress Deterioration,WATCH
617931,617931,25.99,-0.08958582024995448,30.0,85.7,23.89,LOW,0.2055,0,Limited Adverse Evidence,LOW_PREDICTIVE_SIGNAL
617932,617932,35.71,-0.11982598608035333,60.0,90.0,35.79,MEDIUM,0.2459,0,Progress Stagnation,LOW_PREDICTIVE_SIGNAL
617933,617933,0.0,-0.09576375214936306,10.0,56.4,1.58,LOW,0.0299,0,Limited Adverse Evidence,LOW_PREDICTIVE_SIGNAL
617934,617934,57.14,-0.0319112434871856,60.0,90.0,51.58,HIGH,0.1855,0,High Expenditure Progress Gap; Progress Stagnation,LOW_PREDICTIVE_SIGNAL
617935,617935,11.21,-0.07686383798445334,10.0,90.0,9.84,LOW,0.1757,0,Limited Adverse Evidence,LOW_PREDICTIVE_SIGNAL
617936,617936,35.71,-0.02341617649988237,60.0,90.0,35.79,MEDIUM,0.4982,0,Progress Stagnation,WATCH
617937,617937,0.0,-0.06254923953339403,10.0,77.1,1.58,LOW,0.0539,0,Limited Adverse Evidence,LOW_PREDICTIVE_SIGNAL
617938,617938,0.0,-0.07009111669095686,10.0,90.0,1.58,LOW,0.1636,0,Limited Adverse Evidence,LOW_PREDICTIVE_SIGNAL
617939,617939,0.0,-0.0794486243165875,10.0,85.7,1.58,LOW,0.2298,0,Limited Adverse Evidence,LOW_PREDICTIVE_SIGNAL
617940,617940,15.43,-0.12243691215563668,30.0,85.7,16.11,LOW,0.2486,0,Limited Adverse Evidence,LOW_PREDICTIVE_SIGNAL
617941,617941,28.67,-0.0850052926112449,30.0,85.7,25.86,LOW,0.0612,0,Limited Adverse Evidence,LOW_PREDICTIVE_SIGNAL
617942,617942,0.0,-0.027150940993041606,10.0,90.0,1.58,LOW,0.1685,0,Limited Adverse Evidence,LOW_PREDICTIVE_SIGNAL
617943,617943,35.71,-0.08494308975970782,30.0,57.9,31.05,LOW,0.0299,0,Limited Adverse Evidence,LOW_PREDICTIVE_SIGNAL
617944,617944,92.7,-0.13160429646293992,60.0,56.4,77.78,HIGH,0.271,0,Progress Stagnation,LOW_PREDICTIVE_SIGNAL
617945,617945,0.0,-0.05151274873608308,10.0,90.0,1.58,LOW,0.1884,0,Limited Adverse Evidence,LOW_PREDICTIVE_SIGNAL
617946,617946,35.71,-0.08112080338379885,60.0,90.0,35.79,MEDIUM,0.0286,0,Progress Stagnation,LOW_PREDICTIVE_SIGNAL
617947,617947,63.05,-0.0375363275263384,60.0,90.0,55.93,HIGH,0.5126,1,Progress Stagnation,ELEVATED
617948,617948,78.57,-0.021468389374827368,60.0,90.0,67.37,HIGH,0.5392,1,High Cost Escalation; Progress Stagnation,ELEVATED
617949,617949,100.0,-0.13112289291342843,60.0,60.7,83.16,CRITICAL,0.227,0,Progress Stagnation,LOW_PREDICTIVE_SIGNAL
617950,617950,0.0,-0.025345428692250205,10.0,90.0,1.58,LOW,0.1461,0,Limited Adverse Evidence,LOW_PREDICTIVE_SIGNAL
617951,617951,0.0,-0.05335705814449743,10.0,77.1,1.58,LOW,0.1821,0,Limited Adverse Evidence,LOW_PREDICTIVE_SIGNAL
617954,617954,0.0,-0.12149199107821285,10.0,56.4,1.58,LOW,0.1751,0,Limited Adverse Evidence,LOW_PREDICTIVE_SIGNAL
617955,617955,14.58,-0.11727078346632797,30.0,90.0,15.48,LOW,0.2953,0,Limited Adverse Evidence,LOW_PREDICTIVE_SIGNAL
617957,617957,83.23,-0.13434641477459436,30.0,56.4,66.06,HIGH,0.2799,0,Limited Adverse Evidence,LOW_PREDICTIVE_SIGNAL
617958,617958,35.71,-0.043671887735649784,85.0,90.0,39.73,MEDIUM,0.3524,0,Progress Deterioration,WATCH
617959,617959,86.98,-0.13206648137136584,60.0,56.4,73.56,HIGH,0.2574,0,Progress Stagnation,LOW_PREDICTIVE_SIGNAL
617960,617960,33.61,-0.12395017439187245,30.0,90.0,29.5,LOW,0.1112,0,Limited Adverse Evidence,LOW_PREDICTIVE_SIGNAL
617961,617961,68.39,-0.009794488632629994,60.0,90.0,59.87,HIGH,0.7845,1,High Cost Escalation; Progress Stagnation,HIGH_PREDICTIVE_SIGNAL
617962,617962,34.24,-0.11200520746659576,30.0,90.0,29.97,LOW,0.0561,0,Limited Adverse Evidence,LOW_PREDICTIVE_SIGNAL
617963,617963,19.43,-0.09098886581099469,30.0,90.0,19.05,LOW,0.567,1,Limited Adverse Evidence,ELEVATED
617964,617964,0.0,-0.10071282937562182,10.0,90.0,1.58,LOW,0.219,0,Limited Adverse Evidence,LOW_PREDICTIVE_SIGNAL
617965,617965,0.0,-0.07778036184095816,10.0,90.0,1.58,LOW,0.0201,0,Limited Adverse Evidence,LOW_PREDICTIVE_SIGNAL
617966,617966,50.31,-0.027569367714839366,60.0,90.0,46.54,MEDIUM,0.287,0,Progress Stagnation,LOW_PREDICTIVE_SIGNAL
617967,617967,35.71,-0.10353702816440186,60.0,85.7,35.79,MEDIUM,0.0459,0,Progress Stagnation,LOW_PREDICTIVE_SIGNAL
617968,617968,40.11,-0.10527061155755524,60.0,90.0,39.03,MEDIUM,0.0957,0,Progress Stagnation,LOW_PREDICTIVE_SIGNAL
617969,617969,7.54,-0.08179013835237392,30.0,90.0,10.29,LOW,0.2252,0,Limited Adverse Evidence,LOW_PREDICTIVE_SIGNAL
617970,617970,100.0,-0.13158792662514363,60.0,56.4,83.16,CRITICAL,0.1259,0,Progress Stagnation,LOW_PREDICTIVE_SIGNAL
617971,617971,0.0,-0.07286886195452635,10.0,90.0,1.58,LOW,0.2657,0,Limited Adverse Evidence,LOW_PREDICTIVE_SIGNAL
617972,617972,35.71,-0.08438348307844656,60.0,85.7,35.79,MEDIUM,0.0802,0,Progress Stagnation,LOW_PREDICTIVE_SIGNAL
617973,617973,100.0,-0.13065618151971042,60.0,56.4,83.16,CRITICAL,0.4711,0,Progress Stagnation,WATCH
617974,617974,0.0,0.009061601637343097,10.0,90.0,12.11,LOW,0.0758,0,Anomalous Project Pattern,LOW_PREDICTIVE_SIGNAL
617975,617975,100.0,-0.13118477403098744,60.0,56.4,83.16,CRITICAL,0.1496,0,Progress Stagnation,LOW_PREDICTIVE_SIGNAL
617976,617976,0.0,-0.06167512623440152,10.0,90.0,1.58,LOW,0.2018,0,Limited Adverse Evidence,LOW_PREDICTIVE_SIGNAL
617977,617977,89.15,-0.13014415785609434,60.0,52.1,75.16,HIGH,0.1745,0,Progress Stagnation,LOW_PREDICTIVE_SIGNAL
617978,617978,0.0,-0.08857640693394436,10.0,85.7,1.58,LOW,0.0509,0,Limited Adverse Evidence,LOW_PREDICTIVE_SIGNAL
617979,617979,0.0,-0.07793825219547545,10.0,85.7,1.58,LOW,0.2456,0,Limited Adverse Evidence,LOW_PREDICTIVE_SIGNAL
617980,617980,17.68,-0.0933558956990656,30.0,90.0,17.76,LOW,0.2714,0,Limited Adverse Evidence,LOW_PREDICTIVE_SIGNAL
617981,617981,81.85,-0.13066406408383108,30.0,52.1,65.05,HIGH,0.0833,0,Limited Adverse Evidence,LOW_PREDICTIVE_SIGNAL
617982,617982,100.0,-0.08182189005952645,60.0,56.4,83.16,CRITICAL,0.1323,0,Progress Stagnation,LOW_PREDICTIVE_SIGNAL
617983,617983,7.54,-0.11633111148815245,30.0,90.0,10.29,LOW,0.0954,0,Limited Adverse Evidence,LOW_PREDICTIVE_SIGNAL
617984,617984,23.46,-0.12610037010983532,30.0,90.0,22.02,LOW,0.0506,0,Limited Adverse Evidence,LOW_PREDICTIVE_SIGNAL
617985,617985,9.02,-0.10636839932675618,30.0,90.0,11.38,LOW,0.0547,0,Limited Adverse Evidence,LOW_PREDICTIVE_SIGNAL
617986,617986,0.0,-0.014664294668484845,10.0,90.0,1.58,LOW,0.1391,0,Limited Adverse Evidence,LOW_PREDICTIVE_SIGNAL
617987,617987,0.0,-0.07755534258481378,10.0,90.0,1.58,LOW,0.1775,0,Limited Adverse Evidence,LOW_PREDICTIVE_SIGNAL
617988,617988,0.0,-0.01138385952390164,10.0,90.0,1.58,LOW,0.1037,0,Limited Adverse Evidence,LOW_PREDICTIVE_SIGNAL
617989,617989,40.82,-0.12190701945069571,30.0,90.0,34.81,MEDIUM,0.1512,0,Limited Adverse Evidence,LOW_PREDICTIVE_SIGNAL
617990,617990,81.46,-0.13193280304829436,30.0,56.4,64.76,HIGH,0.2022,0,Limited Adverse Evidence,LOW_PREDICTIVE_SIGNAL
617991,617991,35.71,-0.12002234718639243,60.0,90.0,35.79,MEDIUM,0.3218,0,Progress Stagnation,WATCH
617992,617992,97.24,-0.1306237679514859,60.0,56.4,81.12,HIGH,0.4123,0,Progress Stagnation,WATCH
617993,617993,85.4,-0.13169460918176257,60.0,52.1,72.4,HIGH,0.1712,0,Progress Stagnation,LOW_PREDICTIVE_SIGNAL
617994,617994,41.48,-0.10245073982677405,60.0,85.7,40.04,MEDIUM,0.0923,0,Progress Stagnation,LOW_PREDICTIVE_SIGNAL
617995,617995,35.71,-0.11558381442218596,60.0,90.0,35.79,MEDIUM,0.0918,0,Progress Stagnation,LOW_PREDICTIVE_SIGNAL
617996,617996,88.17,-0.1319866125846908,60.0,56.4,74.44,HIGH,0.2454,0,Progress Stagnation,LOW_PREDICTIVE_SIGNAL
617997,617997,35.71,-0.08954179515031013,30.0,57.9,31.05,LOW,0.1007,0,Limited Adverse Evidence,LOW_PREDICTIVE_SIGNAL
617998,617998,0.0,-0.11393688020845683,10.0,90.0,1.58,LOW,0.166,0,Limited Adverse Evidence,LOW_PREDICTIVE_SIGNAL
617999,617999,0.0,-0.1020456193071953,30.0,85.7,4.74,LOW,0.2283,0,Limited Adverse Evidence,LOW_PREDICTIVE_SIGNAL
618000,618000,0.0,-0.09082245298624686,10.0,90.0,1.58,LOW,0.0339,0,Limited Adverse Evidence,LOW_PREDICTIVE_SIGNAL
618001,618001,50.1,-0.11819076773144671,60.0,90.0,46.39,MEDIUM,0.1174,0,Progress Stagnation,LOW_PREDICTIVE_SIGNAL
618002,618002,100.0,-0.08182189005952645,60.0,56.4,83.16,CRITICAL,0.1323,0,Progress Stagnation,LOW_PREDICTIVE_SIGNAL
618003,618003,0.0,-0.03397702315442336,10.0,90.0,1.58,LOW,0.1117,0,Limited Adverse Evidence,LOW_PREDICTIVE_SIGNAL
618004,618004,21.98,-0.08487152754425686,30.0,90.0,20.93,LOW,0.1481,0,Limited Adverse Evidence,LOW_PREDICTIVE_SIGNAL
618005,618005,100.0,-0.13141325199104514,60.0,60.7,83.16,CRITICAL,0.271,0,Progress Stagnation,LOW_PREDICTIVE_SIGNAL
618006,618006,84.62,-0.13101556504312423,30.0,56.4,67.09,HIGH,0.1485,0,Limited Adverse Evidence,LOW_PREDICTIVE_SIGNAL
618007,618007,100.0,-0.13137614243589457,60.0,56.4,83.16,CRITICAL,0.2599,0,Progress Stagnation,LOW_PREDICTIVE_SIGNAL
618008,618008,100.0,-0.13112289291342843,60.0,56.4,83.16,CRITICAL,0.1259,0,Progress Stagnation,LOW_PREDICTIVE_SIGNAL
618009,618009,41.21,-0.045449094057517625,60.0,90.0,39.84,MEDIUM,0.5246,1,Progress Stagnation,ELEVATED
618010,618010,35.71,-0.09178144720853287,60.0,85.7,35.79,MEDIUM,0.4737,0,Progress Stagnation,WATCH
618011,618011,0.0,-0.08306260206270177,30.0,90.0,4.74,LOW,0.3622,0,Limited Adverse Evidence,WATCH
618012,618012,35.71,-0.10935942673680649,60.0,90.0,35.79,MEDIUM,0.6922,1,Progress Stagnation,ELEVATED
618013,618013,0.0,-0.06823062441403915,10.0,85.7,1.58,LOW,0.0952,0,Limited Adverse Evidence,LOW_PREDICTIVE_SIGNAL
618014,618014,0.0,-0.10500357278524575,10.0,85.7,1.58,LOW,0.5656,1,Limited Adverse Evidence,ELEVATED
618015,618015,1.48,-0.11812276782155079,30.0,85.7,5.83,LOW,0.3791,0,Limited Adverse Evidence,WATCH
618016,618016,0.0,-0.059428805173961985,10.0,85.7,1.58,LOW,0.1215,0,Limited Adverse Evidence,LOW_PREDICTIVE_SIGNAL
618017,618017,35.71,-0.11927849628723791,60.0,85.7,35.79,MEDIUM,0.6487,1,Progress Stagnation,ELEVATED
618018,618018,28.67,-0.09583232943181025,30.0,85.7,25.86,LOW,0.6248,1,Limited Adverse Evidence,ELEVATED
618019,618019,14.58,-0.11765413210277992,30.0,90.0,15.48,LOW,0.0192,0,Limited Adverse Evidence,LOW_PREDICTIVE_SIGNAL
618020,618020,15.57,-0.12472618358062348,30.0,90.0,16.21,LOW,0.3259,0,Limited Adverse Evidence,WATCH
618021,618021,0.0,-0.04055708987589335,10.0,90.0,1.58,LOW,0.1544,0,Limited Adverse Evidence,LOW_PREDICTIVE_SIGNAL
618022,618022,16.79,-0.05039880277847997,10.0,90.0,13.95,LOW,0.1503,0,Limited Adverse Evidence,LOW_PREDICTIVE_SIGNAL
618023,618023,60.55,-0.12921073543481532,30.0,60.7,49.35,MEDIUM,0.081,0,Limited Adverse Evidence,LOW_PREDICTIVE_SIGNAL
618024,618024,35.71,-0.07008452021008144,60.0,90.0,35.79,MEDIUM,0.6369,1,Progress Stagnation,ELEVATED
618025,618025,35.71,-0.12282982958243538,60.0,90.0,35.79,MEDIUM,0.4763,0,Progress Stagnation,WATCH
618026,618026,82.25,-0.10343375177289382,30.0,56.4,65.34,HIGH,0.177,0,Limited Adverse Evidence,LOW_PREDICTIVE_SIGNAL
618027,618027,0.0,-0.02894447092120811,10.0,85.7,1.58,LOW,0.0117,0,Limited Adverse Evidence,LOW_PREDICTIVE_SIGNAL
618028,618028,0.0,-0.07365927225909924,10.0,85.7,1.58,LOW,0.23,0,Limited Adverse Evidence,LOW_PREDICTIVE_SIGNAL
618029,618029,0.0,-0.11302258425439204,10.0,90.0,1.58,LOW,0.1861,0,Limited Adverse Evidence,LOW_PREDICTIVE_SIGNAL
618030,618030,100.0,-0.08145316697538857,60.0,60.7,83.16,CRITICAL,0.086,0,Progress Stagnation,LOW_PREDICTIVE_SIGNAL
618031,618031,0.0,-0.014520446983649737,10.0,90.0,1.58,LOW,0.0826,0,Limited Adverse Evidence,LOW_PREDICTIVE_SIGNAL
618033,618033,100.0,-0.127708493948187,60.0,60.7,83.16,CRITICAL,0.5624,1,Progress Stagnation,ELEVATED
618034,618034,35.71,-0.09867608463276284,60.0,90.0,35.79,MEDIUM,0.6785,1,Progress Stagnation,ELEVATED
618035,618035,0.0,-0.07892631904518554,10.0,85.7,1.58,LOW,0.3745,0,Limited Adverse Evidence,WATCH
618036,618036,0.0,-0.04140846131818293,10.0,85.7,1.58,LOW,0.112,0,Limited Adverse Evidence,LOW_PREDICTIVE_SIGNAL
618037,618037,0.0,-0.09439888735866869,10.0,90.0,1.58,LOW,0.1125,0,Limited Adverse Evidence,LOW_PREDICTIVE_SIGNAL
618038,618038,35.71,-0.08928351435626802,60.0,90.0,35.79,MEDIUM,0.2456,0,Progress Stagnation,LOW_PREDICTIVE_SIGNAL
618039,618039,20.85,-0.08609748588870869,30.0,90.0,20.1,LOW,0.1903,0,Limited Adverse Evidence,LOW_PREDICTIVE_SIGNAL
618040,618040,35.71,-0.09074389732118893,60.0,85.7,35.79,MEDIUM,0.4538,0,Progress Stagnation,WATCH
618041,618041,35.71,-0.08753640279146646,60.0,90.0,35.79,MEDIUM,0.2327,0,Progress Stagnation,LOW_PREDICTIVE_SIGNAL
618042,618042,0.0,-0.10960541282613945,10.0,90.0,1.58,LOW,0.3697,0,Limited Adverse Evidence,WATCH
618043,618043,36.24,-0.05966740382066321,60.0,85.7,36.18,MEDIUM,0.5586,1,Progress Stagnation,ELEVATED
618044,618044,35.71,-0.08682146310200828,60.0,77.1,35.79,MEDIUM,0.0802,0,Progress Stagnation,LOW_PREDICTIVE_SIGNAL
618045,618045,100.0,-0.1330451702964186,60.0,56.4,83.16,CRITICAL,0.6723,1,Progress Stagnation,ELEVATED
618046,618046,82.64,-0.13195338590224992,30.0,56.4,65.63,HIGH,0.2022,0,Limited Adverse Evidence,LOW_PREDICTIVE_SIGNAL
618047,618047,0.0,-0.024186674517858164,10.0,85.7,1.58,LOW,0.0971,0,Limited Adverse Evidence,LOW_PREDICTIVE_SIGNAL
618049,618049,14.58,-0.09508574872671455,30.0,85.7,15.48,LOW,0.1027,0,Limited Adverse Evidence,LOW_PREDICTIVE_SIGNAL
618050,618050,96.84,-0.13253169029928658,60.0,56.4,80.83,HIGH,0.271,0,Progress Stagnation,LOW_PREDICTIVE_SIGNAL
618051,618051,77.51,-0.13163638840005837,,28.6,67.82,REVIEW_DATA,0.3173,0,Data review is required before risk escalation.,WATCH
618052,618052,0.0,-0.03374826049958035,10.0,90.0,1.58,LOW,0.1439,0,Limited Adverse Evidence,LOW_PREDICTIVE_SIGNAL
618053,618053,0.0,-0.05896217709731144,10.0,90.0,1.58,LOW,0.3161,0,Limited Adverse Evidence,WATCH
618054,618054,0.0,-0.09724837195338576,10.0,90.0,1.58,LOW,0.2808,0,Limited Adverse Evidence,LOW_PREDICTIVE_SIGNAL
618055,618055,0.49,-0.10706539864666625,30.0,90.0,5.1,LOW,0.1543,0,Limited Adverse Evidence,LOW_PREDICTIVE_SIGNAL
618056,618056,0.0,-0.10164783303838354,10.0,90.0,1.58,LOW,0.2891,0,Limited Adverse Evidence,LOW_PREDICTIVE_SIGNAL
618057,618057,2.04,-0.10061324874276589,30.0,90.0,6.24,LOW,0.1437,0,Limited Adverse Evidence,LOW_PREDICTIVE_SIGNAL
618059,618059,35.71,-0.10709697073550423,60.0,90.0,35.79,MEDIUM,0.4115,0,Progress Stagnation,WATCH
618060,618060,21.63,-0.12232440685126666,30.0,90.0,20.67,LOW,0.1096,0,Limited Adverse Evidence,LOW_PREDICTIVE_SIGNAL
618061,618061,0.0,-0.09851464231365376,10.0,90.0,1.58,LOW,0.2655,0,Limited Adverse Evidence,LOW_PREDICTIVE_SIGNAL
618062,618062,0.0,-0.08042376404671042,10.0,56.4,1.58,LOW,0.0313,0,Limited Adverse Evidence,LOW_PREDICTIVE_SIGNAL
618063,618063,41.21,-0.07987150747805433,30.0,90.0,35.1,MEDIUM,0.1798,0,Limited Adverse Evidence,LOW_PREDICTIVE_SIGNAL
618064,618064,100.0,-0.13521687935966642,60.0,56.4,83.16,CRITICAL,0.4531,0,Progress Stagnation,WATCH
618065,618065,0.0,-0.10221868312343246,30.0,85.7,4.74,LOW,0.3099,0,Limited Adverse Evidence,WATCH
618066,618066,0.49,-0.10043517317876954,30.0,90.0,5.1,LOW,0.2869,0,Limited Adverse Evidence,LOW_PREDICTIVE_SIGNAL
618067,618067,0.0,-0.08462419955431316,10.0,90.0,1.58,LOW,0.101,0,Limited Adverse Evidence,LOW_PREDICTIVE_SIGNAL
618068,618068,15.99,-0.10733773751337639,30.0,90.0,16.52,LOW,0.4171,0,Limited Adverse Evidence,WATCH
618069,618069,7.54,-0.08221838169530338,30.0,90.0,10.29,LOW,0.3347,0,Limited Adverse Evidence,WATCH
618070,618070,40.29,-0.04376222586036094,60.0,90.0,39.16,MEDIUM,0.4806,0,Progress Stagnation,WATCH
618071,618071,21.63,-0.11232564573231407,30.0,90.0,20.67,LOW,0.0264,0,Limited Adverse Evidence,LOW_PREDICTIVE_SIGNAL
618072,618072,35.71,-0.11108410482030207,60.0,90.0,35.79,MEDIUM,0.0466,0,Progress Stagnation,LOW_PREDICTIVE_SIGNAL
618073,618073,0.0,-0.043417565072597974,10.0,90.0,1.58,LOW,0.173,0,Limited Adverse Evidence,LOW_PREDICTIVE_SIGNAL
618074,618074,0.49,-0.08092900372066786,30.0,90.0,5.1,LOW,0.3498,0,Limited Adverse Evidence,WATCH
618075,618075,0.0,-0.07265403870873655,10.0,90.0,1.58,LOW,0.1501,0,Limited Adverse Evidence,LOW_PREDICTIVE_SIGNAL
618076,618076,21.63,-0.040792028164710836,30.0,90.0,20.67,LOW,0.2704,0,Limited Adverse Evidence,LOW_PREDICTIVE_SIGNAL
618078,618078,100.0,-0.13427719657062037,60.0,56.4,83.16,CRITICAL,0.566,1,Progress Stagnation,ELEVATED
618079,618079,35.71,-0.08949528967109133,60.0,85.7,35.79,MEDIUM,0.5341,1,Progress Stagnation,ELEVATED
618080,618080,4.72,-0.08245172312234272,30.0,90.0,8.21,LOW,0.1155,0,Limited Adverse Evidence,LOW_PREDICTIVE_SIGNAL
618081,618081,14.58,-0.08656698494338566,30.0,90.0,15.48,LOW,0.1407,0,Limited Adverse Evidence,LOW_PREDICTIVE_SIGNAL
618082,618082,28.67,-0.051950554248138825,30.0,90.0,25.86,LOW,0.4065,0,Limited Adverse Evidence,WATCH
618083,618083,14.58,-0.08447794841386241,30.0,81.4,15.48,LOW,0.104,0,Limited Adverse Evidence,LOW_PREDICTIVE_SIGNAL
618084,618084,21.63,-0.11522893941679457,30.0,90.0,20.67,LOW,0.0835,0,Limited Adverse Evidence,LOW_PREDICTIVE_SIGNAL
618085,618085,0.0,-0.01662037976139591,10.0,90.0,1.58,LOW,0.1456,0,Limited Adverse Evidence,LOW_PREDICTIVE_SIGNAL
618086,618086,0.0,-0.07835324322833986,10.0,85.7,1.58,LOW,0.1043,0,Limited Adverse Evidence,LOW_PREDICTIVE_SIGNAL
618087,618087,14.58,-0.1173842155111442,30.0,90.0,15.48,LOW,0.1838,0,Limited Adverse Evidence,LOW_PREDICTIVE_SIGNAL
618088,618088,0.0,-0.0642579164209704,10.0,85.7,1.58,LOW,0.1621,0,Limited Adverse Evidence,LOW_PREDICTIVE_SIGNAL
618089,618089,35.71,-0.1205392082813278,60.0,90.0,35.79,MEDIUM,0.5529,1,Progress Stagnation,ELEVATED
618090,618090,95.07,-0.13203275649645319,60.0,56.4,79.53,HIGH,0.3057,0,Progress Stagnation,WATCH
618091,618091,6.13,-0.11571872577111875,30.0,85.7,9.25,LOW,0.3493,0,Limited Adverse Evidence,WATCH
618092,618092,0.0,-0.09500156487012618,10.0,90.0,1.58,LOW,0.116,0,Limited Adverse Evidence,LOW_PREDICTIVE_SIGNAL
618093,618093,100.0,-0.08182189005952645,60.0,56.4,83.16,CRITICAL,0.1323,0,Progress Stagnation,LOW_PREDICTIVE_SIGNAL
618094,618094,37.91,-0.11756695616623558,60.0,90.0,37.41,MEDIUM,0.1292,0,Progress Stagnation,LOW_PREDICTIVE_SIGNAL
618095,618095,0.0,0.01532984211702676,10.0,85.7,12.11,LOW,0.0824,0,Anomalous Project Pattern,LOW_PREDICTIVE_SIGNAL
618096,618096,35.71,-0.1092260074885541,60.0,85.7,35.79,MEDIUM,0.1918,0,Progress Stagnation,LOW_PREDICTIVE_SIGNAL
618097,618097,35.71,-0.062045962140213295,60.0,90.0,35.79,MEDIUM,0.5749,1,Progress Stagnation,ELEVATED
618098,618098,35.71,-0.058296294744954735,60.0,90.0,35.79,MEDIUM,0.5834,1,Progress Stagnation,ELEVATED
618099,618099,100.0,-0.13135685269033343,60.0,52.1,83.16,CRITICAL,0.1316,0,Progress Stagnation,LOW_PREDICTIVE_SIGNAL
618101,618101,27.75,-0.08950782202114627,30.0,85.7,25.18,LOW,0.2599,0,Limited Adverse Evidence,LOW_PREDICTIVE_SIGNAL
618103,618103,21.06,-0.1247031907026877,30.0,85.7,20.25,LOW,0.0741,0,Limited Adverse Evidence,LOW_PREDICTIVE_SIGNAL
618104,618104,4.79,-0.12208450115813024,30.0,90.0,8.27,LOW,0.4493,0,Limited Adverse Evidence,WATCH
618105,618105,0.0,-0.07799230695149456,10.0,90.0,1.58,LOW,0.3885,0,Limited Adverse Evidence,WATCH
618106,618106,35.71,-0.11935245596852678,60.0,90.0,35.79,MEDIUM,0.3219,0,Progress Stagnation,WATCH
618107,618107,9.59,-0.04887504697469891,10.0,90.0,8.65,LOW,0.2818,0,Limited Adverse Evidence,LOW_PREDICTIVE_SIGNAL
618108,618108,25.15,-0.1062197663904787,30.0,90.0,23.27,LOW,0.4289,0,Limited Adverse Evidence,WATCH
618109,618109,0.0,-0.09733197903072183,10.0,90.0,1.58,LOW,0.0427,0,Limited Adverse Evidence,LOW_PREDICTIVE_SIGNAL
618110,618110,100.0,-0.08182189005952645,60.0,56.4,83.16,CRITICAL,0.1323,0,Progress Stagnation,LOW_PREDICTIVE_SIGNAL
618111,618111,21.63,-0.09129411381873948,30.0,90.0,20.67,LOW,0.0189,0,Limited Adverse Evidence,LOW_PREDICTIVE_SIGNAL
618112,618112,0.49,-0.08206708799991752,30.0,90.0,5.1,LOW,0.1725,0,Limited Adverse Evidence,LOW_PREDICTIVE_SIGNAL
618113,618113,0.0,-0.03801447696634436,10.0,90.0,1.58,LOW,0.1525,0,Limited Adverse Evidence,LOW_PREDICTIVE_SIGNAL
618114,618114,7.54,-0.08089512040608565,30.0,77.1,10.29,LOW,0.1654,0,Limited Adverse Evidence,LOW_PREDICTIVE_SIGNAL
618116,618116,0.0,-0.06261001220334711,10.0,90.0,1.58,LOW,0.0428,0,Limited Adverse Evidence,LOW_PREDICTIVE_SIGNAL
618117,618117,35.71,-0.10010809351063255,60.0,85.7,35.79,MEDIUM,0.6473,1,Progress Stagnation,ELEVATED
618118,618118,100.0,-0.13135685269033343,60.0,56.4,83.16,CRITICAL,0.1316,0,Progress Stagnation,LOW_PREDICTIVE_SIGNAL
618119,618119,0.0,-0.07937704259675737,10.0,85.7,1.58,LOW,0.2603,0,Limited Adverse Evidence,LOW_PREDICTIVE_SIGNAL
618120,618120,7.54,-0.08130487269964554,30.0,90.0,10.29,LOW,0.0718,0,Limited Adverse Evidence,LOW_PREDICTIVE_SIGNAL
618121,618121,35.71,-0.11886853367577677,60.0,90.0,35.79,MEDIUM,0.1789,0,Progress Stagnation,LOW_PREDICTIVE_SIGNAL
618122,618122,0.0,-0.05870183511533439,10.0,85.7,1.58,LOW,0.191,0,Limited Adverse Evidence,LOW_PREDICTIVE_SIGNAL
618123,618123,99.8,-0.07986301601271795,60.0,60.7,83.01,HIGH,0.0709,0,Progress Stagnation,LOW_PREDICTIVE_SIGNAL
618124,618124,0.0,-0.10039076499636435,10.0,90.0,1.58,LOW,0.3278,0,Limited Adverse Evidence,WATCH
618125,618125,35.71,-0.07507228205866934,60.0,90.0,35.79,MEDIUM,0.3542,0,Progress Stagnation,WATCH
618126,618126,30.43,-0.09997123349136999,60.0,85.7,31.9,LOW,0.6057,1,Progress Stagnation,ELEVATED
618127,618127,0.0,-0.08638620368608424,10.0,90.0,1.58,LOW,0.5316,1,Limited Adverse Evidence,ELEVATED
618129,618129,0.0,-0.05459755282283374,10.0,85.7,1.58,LOW,0.0221,0,Limited Adverse Evidence,LOW_PREDICTIVE_SIGNAL
618130,618130,9.72,-0.1073722432011543,30.0,85.7,11.9,LOW,0.0747,0,Limited Adverse Evidence,LOW_PREDICTIVE_SIGNAL
618132,618132,88.76,-0.13106481706432555,60.0,56.4,74.88,HIGH,0.1925,0,Progress Stagnation,LOW_PREDICTIVE_SIGNAL
618133,618133,0.0,-0.12239008827093456,10.0,90.0,1.58,LOW,0.0803,0,Limited Adverse Evidence,LOW_PREDICTIVE_SIGNAL
618134,618134,0.0,-0.07845765734993981,10.0,90.0,1.58,LOW,0.021,0,Limited Adverse Evidence,LOW_PREDICTIVE_SIGNAL
618136,618136,21.1,-0.13032999184981436,30.0,56.4,20.28,LOW,0.2542,0,Limited Adverse Evidence,LOW_PREDICTIVE_SIGNAL
618137,618137,0.0,-0.0649765370955857,10.0,85.7,1.58,LOW,0.219,0,Limited Adverse Evidence,LOW_PREDICTIVE_SIGNAL
618138,618138,0.0,-0.06248567523038884,10.0,85.7,1.58,LOW,0.0961,0,Limited Adverse Evidence,LOW_PREDICTIVE_SIGNAL
618139,618139,35.71,-0.09024156403368244,60.0,85.7,35.79,MEDIUM,0.4538,0,Progress Stagnation,WATCH
618140,618140,17.89,-0.09318942678444042,30.0,85.7,17.92,LOW,0.8296,1,Limited Adverse Evidence,HIGH_PREDICTIVE_SIGNAL
618141,618141,29.16,-0.12463012484492197,30.0,90.0,26.22,LOW,0.432,0,Limited Adverse Evidence,WATCH
618142,618142,81.07,-0.13098528384067237,30.0,56.4,64.47,HIGH,0.0833,0,Limited Adverse Evidence,LOW_PREDICTIVE_SIGNAL
618143,618143,85.4,-0.13349496574280512,60.0,56.4,72.4,HIGH,0.2429,0,Progress Stagnation,LOW_PREDICTIVE_SIGNAL
618144,618144,100.0,-0.08182189005952645,60.0,56.4,83.16,CRITICAL,0.1323,0,Progress Stagnation,LOW_PREDICTIVE_SIGNAL
618145,618145,0.0,-0.11901182564439522,10.0,56.4,1.58,LOW,0.0877,0,Limited Adverse Evidence,LOW_PREDICTIVE_SIGNAL
618146,618146,0.0,-0.08456899457039946,10.0,90.0,1.58,LOW,0.0882,0,Limited Adverse Evidence,LOW_PREDICTIVE_SIGNAL
618147,618147,0.0,-0.041387433804628226,10.0,85.7,1.58,LOW,0.1431,0,Limited Adverse Evidence,LOW_PREDICTIVE_SIGNAL
618148,618148,35.71,-0.08350695604995229,30.0,57.9,31.05,LOW,0.0549,0,Limited Adverse Evidence,LOW_PREDICTIVE_SIGNAL
618149,618149,0.0,0.030404231804426196,10.0,85.7,12.11,LOW,0.2499,0,Anomalous Project Pattern,LOW_PREDICTIVE_SIGNAL
618150,618150,35.71,-0.08949528967109133,60.0,85.7,35.79,MEDIUM,0.5341,1,Progress Stagnation,ELEVATED
618151,618151,35.71,-0.08319499768490751,30.0,57.9,31.05,LOW,0.0289,0,Limited Adverse Evidence,LOW_PREDICTIVE_SIGNAL
618152,618152,35.71,-0.052261930227453623,60.0,90.0,35.79,MEDIUM,0.622,1,Progress Stagnation,ELEVATED
618153,618153,35.71,-0.050299069371330385,60.0,90.0,35.79,MEDIUM,0.557,1,Progress Stagnation,ELEVATED
618154,618154,35.71,-0.08637935551707016,60.0,90.0,35.79,MEDIUM,0.6244,1,Progress Stagnation,ELEVATED
618155,618155,0.0,-0.103921717729486,10.0,85.7,1.58,LOW,0.1346,0,Limited Adverse Evidence,LOW_PREDICTIVE_SIGNAL
618156,618156,5.78,-0.07839444597069412,30.0,90.0,9.0,LOW,0.1807,0,Limited Adverse Evidence,LOW_PREDICTIVE_SIGNAL
618157,618157,0.0,-0.0796085607763014,10.0,85.7,1.58,LOW,0.0344,0,Limited Adverse Evidence,LOW_PREDICTIVE_SIGNAL
618158,618158,11.69,-0.08509366574635613,30.0,85.7,13.35,LOW,0.6392,1,Limited Adverse Evidence,ELEVATED
618159,618159,0.0,-0.07435040916768582,10.0,90.0,1.58,LOW,0.0904,0,Limited Adverse Evidence,LOW_PREDICTIVE_SIGNAL
618160,618160,25.64,-0.0865837105335136,30.0,90.0,23.63,LOW,0.119,0,Limited Adverse Evidence,LOW_PREDICTIVE_SIGNAL
618161,618161,91.12,-0.13032299674967118,60.0,56.4,76.61,HIGH,0.1824,0,Progress Stagnation,LOW_PREDICTIVE_SIGNAL
618162,618162,0.0,-0.04929650898555876,10.0,90.0,1.58,LOW,0.3428,0,Limited Adverse Evidence,WATCH
618163,618163,25.15,-0.08971502155793859,30.0,90.0,23.27,LOW,0.1689,0,Limited Adverse Evidence,LOW_PREDICTIVE_SIGNAL
618164,618164,0.86,0.0007453300916523964,10.0,90.0,12.74,LOW,0.1649,0,Anomalous Project Pattern,LOW_PREDICTIVE_SIGNAL
618165,618165,0.0,-0.11110002199980357,10.0,60.7,1.58,LOW,0.0418,0,Limited Adverse Evidence,LOW_PREDICTIVE_SIGNAL
618166,618166,28.67,-0.04537143023288531,30.0,90.0,25.86,LOW,0.2592,0,Limited Adverse Evidence,LOW_PREDICTIVE_SIGNAL
618167,618167,40.83,-0.13016127025110974,30.0,56.4,34.82,MEDIUM,0.269,0,Limited Adverse Evidence,LOW_PREDICTIVE_SIGNAL
618168,618168,38.97,-0.0982514279145052,60.0,90.0,38.19,MEDIUM,0.5867,1,Progress Stagnation,ELEVATED
618169,618169,21.48,-0.10355770078256504,30.0,90.0,20.56,LOW,0.0679,0,Limited Adverse Evidence,LOW_PREDICTIVE_SIGNAL
618170,618170,0.0,-0.10455013146458036,10.0,85.7,1.58,LOW,0.2621,0,Limited Adverse Evidence,LOW_PREDICTIVE_SIGNAL
618171,618171,0.0,-0.09926448953775219,10.0,85.7,1.58,LOW,0.0956,0,Limited Adverse Evidence,LOW_PREDICTIVE_SIGNAL
618172,618172,35.71,-0.12442484874008025,60.0,90.0,35.79,MEDIUM,0.2002,0,Progress Stagnation,LOW_PREDICTIVE_SIGNAL
618173,618173,35.71,-0.07011115031968546,60.0,90.0,35.79,MEDIUM,0.5951,1,Progress Stagnation,ELEVATED
618174,618174,35.71,-0.047777747520658664,60.0,85.7,35.79,MEDIUM,0.4725,0,Progress Stagnation,WATCH
618175,618175,100.0,-0.13379555425468814,60.0,60.7,83.16,CRITICAL,0.406,0,Progress Stagnation,WATCH
618176,618176,0.0,-0.07338979445828447,10.0,90.0,1.58,LOW,0.0837,0,Limited Adverse Evidence,LOW_PREDICTIVE_SIGNAL
618177,618177,35.71,-0.032941438081386054,85.0,90.0,39.73,MEDIUM,0.3572,0,Progress Deterioration,WATCH
618178,618178,35.71,-0.08595588091068629,60.0,85.7,35.79,MEDIUM,0.6011,1,Progress Stagnation,ELEVATED
618179,618179,21.3,-0.12502487117599187,30.0,56.4,20.43,LOW,0.5135,1,Limited Adverse Evidence,ELEVATED
618180,618180,35.71,-0.0654741967366208,60.0,90.0,35.79,MEDIUM,0.5749,1,Progress Stagnation,ELEVATED
618181,618181,100.0,-0.13271242338123995,60.0,56.4,83.16,CRITICAL,0.3057,0,Progress Stagnation,WATCH
618182,618182,0.0,-0.12086090673873179,10.0,85.7,1.58,LOW,0.2562,0,Limited Adverse Evidence,LOW_PREDICTIVE_SIGNAL
618183,618183,3.59,-0.1170321370873923,30.0,85.7,7.38,LOW,0.0766,0,Limited Adverse Evidence,LOW_PREDICTIVE_SIGNAL
618184,618184,0.0,-0.07072950478823031,10.0,90.0,1.58,LOW,0.139,0,Limited Adverse Evidence,LOW_PREDICTIVE_SIGNAL
618185,618185,0.0,-0.06628448086353061,10.0,90.0,1.58,LOW,0.0705,0,Limited Adverse Evidence,LOW_PREDICTIVE_SIGNAL
618186,618186,28.95,-0.1224853597665223,30.0,90.0,26.07,LOW,0.0654,0,Limited Adverse Evidence,LOW_PREDICTIVE_SIGNAL
618187,618187,0.07,-0.08601570420958604,30.0,90.0,4.79,LOW,0.0927,0,Limited Adverse Evidence,LOW_PREDICTIVE_SIGNAL
618188,618188,33.95,-0.0973923879000026,60.0,90.0,34.49,MEDIUM,0.0377,0,Progress Stagnation,LOW_PREDICTIVE_SIGNAL
618189,618189,0.0,-0.020766491864956438,10.0,85.7,1.58,LOW,0.1377,0,Limited Adverse Evidence,LOW_PREDICTIVE_SIGNAL
618190,618190,35.71,-0.1166077028187208,60.0,90.0,35.79,MEDIUM,0.1315,0,Progress Stagnation,LOW_PREDICTIVE_SIGNAL
618191,618191,79.09,-0.13140295140015967,30.0,56.4,63.01,HIGH,0.1482,0,Limited Adverse Evidence,LOW_PREDICTIVE_SIGNAL
618192,618192,0.0,-0.0942328523370422,10.0,56.4,1.58,LOW,0.0929,0,Limited Adverse Evidence,LOW_PREDICTIVE_SIGNAL
618193,618193,0.0,-0.04641421474862367,10.0,85.7,1.58,LOW,0.1436,0,Limited Adverse Evidence,LOW_PREDICTIVE_SIGNAL
618194,618194,43.37,-0.08662808451849446,60.0,90.0,41.43,MEDIUM,0.0943,0,Progress Stagnation,LOW_PREDICTIVE_SIGNAL
618196,618196,35.71,-0.06942996252172051,60.0,90.0,35.79,MEDIUM,0.5999,1,Progress Stagnation,ELEVATED
618197,618197,35.71,-0.1268623019461848,60.0,90.0,35.79,MEDIUM,0.5811,1,Progress Stagnation,ELEVATED
618198,618198,35.22,-0.10884174482505049,60.0,90.0,35.43,MEDIUM,0.0197,0,Progress Stagnation,LOW_PREDICTIVE_SIGNAL
618199,618199,0.49,-0.10341652416031705,30.0,90.0,5.1,LOW,0.0516,0,Limited Adverse Evidence,LOW_PREDICTIVE_SIGNAL
618200,618200,0.0,-0.06215583033237737,10.0,90.0,1.58,LOW,0.3427,0,Limited Adverse Evidence,WATCH
618201,618201,0.0,-0.08641588643784304,10.0,85.7,1.58,LOW,0.0991,0,Limited Adverse Evidence,LOW_PREDICTIVE_SIGNAL
618202,618202,0.0,-0.09515895137636415,10.0,90.0,1.58,LOW,0.0555,0,Limited Adverse Evidence,LOW_PREDICTIVE_SIGNAL
618203,618203,0.0,-0.09155001709164062,10.0,90.0,1.58,LOW,0.2131,0,Limited Adverse Evidence,LOW_PREDICTIVE_SIGNAL
618204,618204,35.71,-0.11442149424614301,60.0,90.0,35.79,MEDIUM,0.6816,1,Progress Stagnation,ELEVATED
618205,618205,18.1,-0.11414381666344409,30.0,90.0,18.07,LOW,0.1613,0,Limited Adverse Evidence,LOW_PREDICTIVE_SIGNAL
618206,618206,0.0,-0.09791968783039945,30.0,85.7,4.74,LOW,0.0758,0,Limited Adverse Evidence,LOW_PREDICTIVE_SIGNAL
618207,618207,33.95,-0.08870148322081722,60.0,85.7,34.49,MEDIUM,0.5238,1,Progress Stagnation,ELEVATED
618208,618208,100.0,-0.13356649779466911,60.0,52.1,83.16,CRITICAL,0.3668,0,Progress Stagnation,WATCH
618209,618209,24.23,-0.08888178584108897,30.0,85.7,22.59,LOW,0.2627,0,Limited Adverse Evidence,LOW_PREDICTIVE_SIGNAL
618210,618210,35.71,-0.07424381739414398,60.0,85.7,35.79,MEDIUM,0.6094,1,Progress Stagnation,ELEVATED
618211,618211,0.0,-0.07980472748982309,10.0,85.7,1.58,LOW,0.3164,0,Limited Adverse Evidence,WATCH
618212,618212,0.0,-0.07973603902237969,10.0,90.0,1.58,LOW,0.1556,0,Limited Adverse Evidence,LOW_PREDICTIVE_SIGNAL
618213,618213,35.71,-0.052438571028245284,60.0,85.7,35.79,MEDIUM,0.622,1,Progress Stagnation,ELEVATED
618214,618214,35.71,-0.047777747520658664,60.0,85.7,35.79,MEDIUM,0.4725,0,Progress Stagnation,WATCH
618215,618215,35.71,-0.05215151954086056,60.0,85.7,35.79,MEDIUM,0.3995,0,Progress Stagnation,WATCH
618216,618216,35.71,-0.09458456024816109,60.0,90.0,35.79,MEDIUM,0.5759,1,Progress Stagnation,ELEVATED
618217,618217,19.79,-0.10329052489177853,30.0,90.0,19.32,LOW,0.6487,1,Limited Adverse Evidence,ELEVATED
618218,618218,23.03,-0.07325585223689796,30.0,85.7,21.71,LOW,0.4185,0,Limited Adverse Evidence,WATCH
618219,618219,6.34,-0.07531192952560084,30.0,85.7,9.41,LOW,0.1576,0,Limited Adverse Evidence,LOW_PREDICTIVE_SIGNAL
618220,618220,80.28,-0.13066814091526502,30.0,56.4,63.89,HIGH,0.0833,0,Limited Adverse Evidence,LOW_PREDICTIVE_SIGNAL
618221,618221,0.0,-0.052395879818076696,10.0,90.0,1.58,LOW,0.3529,0,Limited Adverse Evidence,WATCH
618222,618222,26.98,-0.11621281689972107,30.0,90.0,24.62,LOW,0.3512,0,Limited Adverse Evidence,WATCH
618223,618223,27.82,-0.12228397052987677,30.0,90.0,25.24,LOW,0.0652,0,Limited Adverse Evidence,LOW_PREDICTIVE_SIGNAL
618224,618224,35.08,-0.12327126154748347,60.0,90.0,35.32,MEDIUM,0.1102,0,Progress Stagnation,LOW_PREDICTIVE_SIGNAL
618225,618225,34.66,-0.11596862055959273,60.0,90.0,35.01,MEDIUM,0.1861,0,Progress Stagnation,LOW_PREDICTIVE_SIGNAL
618226,618226,26.77,-0.12028817171049411,30.0,90.0,24.46,LOW,0.059,0,Limited Adverse Evidence,LOW_PREDICTIVE_SIGNAL
618227,618227,11.96,-0.11948549219208648,30.0,90.0,13.55,LOW,0.2024,0,Limited Adverse Evidence,LOW_PREDICTIVE_SIGNAL
618228,618228,15.85,-0.06830997080669043,30.0,90.0,16.42,LOW,0.0471,0,Limited Adverse Evidence,LOW_PREDICTIVE_SIGNAL
618229,618229,100.0,-0.13135685269033343,60.0,56.4,83.16,CRITICAL,0.1316,0,Progress Stagnation,LOW_PREDICTIVE_SIGNAL
618230,618230,16.98,-0.08605609003910653,30.0,90.0,17.25,LOW,0.3245,0,Limited Adverse Evidence,WATCH
618231,618231,20.71,-0.11871019845942782,30.0,90.0,20.0,LOW,0.0545,0,Limited Adverse Evidence,LOW_PREDICTIVE_SIGNAL
618232,618232,20.57,-0.1044179652940852,30.0,85.7,19.89,LOW,0.3749,0,Limited Adverse Evidence,WATCH
618233,618233,13.95,-0.033617340521692796,30.0,90.0,15.02,LOW,0.188,0,Limited Adverse Evidence,LOW_PREDICTIVE_SIGNAL
618234,618234,4.72,-0.10689613580600005,30.0,90.0,8.21,LOW,0.0355,0,Limited Adverse Evidence,LOW_PREDICTIVE_SIGNAL
618235,618235,0.0,-0.06964863659404291,10.0,85.7,1.58,LOW,0.1988,0,Limited Adverse Evidence,LOW_PREDICTIVE_SIGNAL
618236,618236,35.71,-0.11376423115574202,60.0,85.7,35.79,MEDIUM,0.071,0,Progress Stagnation,LOW_PREDICTIVE_SIGNAL
618237,618237,92.11,-0.13160429646293992,60.0,56.4,77.34,HIGH,0.182,0,Progress Stagnation,LOW_PREDICTIVE_SIGNAL
618238,618238,50.53,-0.10171057708343861,60.0,90.0,46.71,MEDIUM,0.0971,0,Progress Stagnation,LOW_PREDICTIVE_SIGNAL
618239,618239,46.95,-0.06418357219099857,60.0,85.7,44.07,MEDIUM,0.239,0,Progress Stagnation,LOW_PREDICTIVE_SIGNAL
618240,618240,0.0,-0.023439680464036994,10.0,90.0,1.58,LOW,0.1366,0,Limited Adverse Evidence,LOW_PREDICTIVE_SIGNAL
618242,618242,0.0,-0.10671825803885415,10.0,85.7,1.58,LOW,0.4478,0,Limited Adverse Evidence,WATCH
618243,618243,0.0,-0.07321948988352173,10.0,90.0,1.58,LOW,0.2105,0,Limited Adverse Evidence,LOW_PREDICTIVE_SIGNAL
618244,618244,0.0,-0.06940368468244912,10.0,90.0,1.58,LOW,0.2633,0,Limited Adverse Evidence,LOW_PREDICTIVE_SIGNAL
618246,618246,15.85,-0.09891889226775114,30.0,90.0,16.42,LOW,0.1864,0,Limited Adverse Evidence,LOW_PREDICTIVE_SIGNAL
618247,618247,0.49,-0.07782702514032552,30.0,90.0,5.1,LOW,0.2353,0,Limited Adverse Evidence,LOW_PREDICTIVE_SIGNAL
618248,618248,0.0,-0.06543096126208414,10.0,90.0,1.58,LOW,0.2877,0,Limited Adverse Evidence,LOW_PREDICTIVE_SIGNAL
618249,618249,0.0,-0.07978748099691368,10.0,90.0,1.58,LOW,0.1842,0,Limited Adverse Evidence,LOW_PREDICTIVE_SIGNAL
618250,618250,0.0,-0.07528561730624872,10.0,90.0,1.58,LOW,0.4236,0,Limited Adverse Evidence,WATCH
618251,618251,10.71,-0.08919485654982345,30.0,90.0,12.63,LOW,0.7452,1,Limited Adverse Evidence,HIGH_PREDICTIVE_SIGNAL
618252,618252,24.0,-0.028419441665232748,10.0,90.0,19.26,LOW,0.0859,0,Limited Adverse Evidence,LOW_PREDICTIVE_SIGNAL
618253,618253,37.59,-0.08144714417012922,60.0,77.1,37.17,MEDIUM,0.0912,0,Progress Stagnation,LOW_PREDICTIVE_SIGNAL
618254,618254,35.71,-0.0963698537979239,60.0,90.0,35.79,MEDIUM,0.6113,1,Progress Stagnation,ELEVATED
618255,618255,0.0,-0.09396198923969973,10.0,90.0,1.58,LOW,0.3352,0,Limited Adverse Evidence,WATCH
618256,618256,23.32,-0.12649553035069222,30.0,90.0,21.92,LOW,0.2134,0,Limited Adverse Evidence,LOW_PREDICTIVE_SIGNAL
618257,618257,35.71,-0.10646817357083882,85.0,90.0,39.73,MEDIUM,0.1727,0,Progress Deterioration,LOW_PREDICTIVE_SIGNAL
618258,618258,90.14,-0.13474039550851752,60.0,56.4,75.89,HIGH,0.3315,0,Progress Stagnation,WATCH
618259,618259,100.0,-0.13135685269033343,60.0,56.4,83.16,CRITICAL,0.1316,0,Progress Stagnation,LOW_PREDICTIVE_SIGNAL
618260,618260,0.0,-0.07078828591131126,10.0,90.0,1.58,LOW,0.1322,0,Limited Adverse Evidence,LOW_PREDICTIVE_SIGNAL
618262,618262,35.71,-0.09226277572641933,60.0,90.0,35.79,MEDIUM,0.6436,1,Progress Stagnation,ELEVATED
618263,618263,35.71,-0.09741432156817653,60.0,90.0,35.79,MEDIUM,0.0947,0,Progress Stagnation,LOW_PREDICTIVE_SIGNAL
618264,618264,0.0,-0.054449929488933124,10.0,90.0,1.58,LOW,0.0203,0,Limited Adverse Evidence,LOW_PREDICTIVE_SIGNAL
618265,618265,14.58,-0.05381797456850307,30.0,90.0,15.48,LOW,0.2422,0,Limited Adverse Evidence,LOW_PREDICTIVE_SIGNAL
618266,618266,31.57,-0.04291778256941664,30.0,90.0,28.0,LOW,0.2942,0,Limited Adverse Evidence,LOW_PREDICTIVE_SIGNAL
618267,618267,35.71,-0.08494308975970782,30.0,57.9,31.05,LOW,0.0299,0,Limited Adverse Evidence,LOW_PREDICTIVE_SIGNAL
618282,618282,0.0,-0.11542847266743772,10.0,90.0,1.58,LOW,0.1619,0,Limited Adverse Evidence,LOW_PREDICTIVE_SIGNAL
618283,618283,0.0,-0.11307238728630858,10.0,90.0,1.58,LOW,0.1674,0,Limited Adverse Evidence,LOW_PREDICTIVE_SIGNAL
618284,618284,0.0,-0.11494520178353251,10.0,90.0,1.58,LOW,0.0755,0,Limited Adverse Evidence,LOW_PREDICTIVE_SIGNAL
618285,618285,100.0,-0.13135685269033343,60.0,56.4,83.16,CRITICAL,0.1379,0,Progress Stagnation,LOW_PREDICTIVE_SIGNAL
618286,618286,3.31,-0.12479837090109691,30.0,90.0,7.18,LOW,0.0738,0,Limited Adverse Evidence,LOW_PREDICTIVE_SIGNAL
618287,618287,36.8,-0.08331306783701709,60.0,90.0,36.59,MEDIUM,0.2896,0,Progress Stagnation,LOW_PREDICTIVE_SIGNAL
618288,618288,0.0,-0.09506043164101319,10.0,90.0,1.58,LOW,0.0911,0,Limited Adverse Evidence,LOW_PREDICTIVE_SIGNAL
618289,618289,35.71,-0.11625695563497151,60.0,90.0,35.79,MEDIUM,0.0937,0,Progress Stagnation,LOW_PREDICTIVE_SIGNAL
618290,618290,29.04,-0.11917913107668399,30.0,90.0,26.13,LOW,0.139,0,Limited Adverse Evidence,LOW_PREDICTIVE_SIGNAL
618291,618291,63.36,-0.01821093781537081,30.0,90.0,51.42,MEDIUM,0.4882,0,High Cost Escalation,WATCH
618292,618292,37.27,-0.1224533093345227,85.0,90.0,40.88,MEDIUM,0.4111,0,Progress Deterioration,WATCH
618293,618293,61.22,-0.053417331192810225,30.0,90.0,49.85,MEDIUM,0.6532,1,High Cost Escalation,ELEVATED
618294,618294,16.91,-0.10478347352418838,30.0,90.0,17.2,LOW,0.6249,1,Limited Adverse Evidence,ELEVATED
618295,618295,0.0,-0.08119509072434272,10.0,90.0,1.58,LOW,0.1622,0,Limited Adverse Evidence,LOW_PREDICTIVE_SIGNAL
618296,618296,0.0,-0.10148241257609936,10.0,90.0,1.58,LOW,0.0539,0,Limited Adverse Evidence,LOW_PREDICTIVE_SIGNAL
618297,618297,19.86,-0.09060753901935592,30.0,90.0,19.37,LOW,0.1961,0,Limited Adverse Evidence,LOW_PREDICTIVE_SIGNAL
618298,618298,30.73,-0.04159070937370679,30.0,85.7,27.38,LOW,0.6991,1,High Expenditure Progress Gap,ELEVATED
618299,618299,0.0,-0.04917550825577616,10.0,85.7,1.58,LOW,0.0721,0,Limited Adverse Evidence,LOW_PREDICTIVE_SIGNAL
618300,618300,35.15,-0.12851692361868017,60.0,85.7,35.37,MEDIUM,0.1351,0,Progress Stagnation,LOW_PREDICTIVE_SIGNAL
618301,618301,44.52,-0.11161497421669159,60.0,85.7,42.28,MEDIUM,0.417,0,Progress Stagnation,WATCH
618302,618302,28.67,-0.11866301349469299,30.0,90.0,25.86,LOW,0.1045,0,Limited Adverse Evidence,LOW_PREDICTIVE_SIGNAL
618303,618303,34.94,-0.12679940686273244,60.0,90.0,35.22,MEDIUM,0.0696,0,Progress Stagnation,LOW_PREDICTIVE_SIGNAL
618304,618304,25.02,-0.043330740228614606,30.0,90.0,23.17,LOW,0.8519,1,High Expenditure Progress Gap,HIGH_PREDICTIVE_SIGNAL
618305,618305,20.2,-0.09701588031313779,30.0,90.0,19.62,LOW,0.6772,1,Limited Adverse Evidence,ELEVATED
618306,618306,44.48,-0.0899044066648852,60.0,90.0,42.25,MEDIUM,0.7372,1,Progress Stagnation,HIGH_PREDICTIVE_SIGNAL
618307,618307,35.71,-0.12787974787437728,30.0,57.9,31.05,LOW,0.1764,0,Limited Adverse Evidence,LOW_PREDICTIVE_SIGNAL
618308,618308,40.64,-0.10980519940174571,60.0,90.0,39.42,MEDIUM,0.2863,0,Progress Stagnation,LOW_PREDICTIVE_SIGNAL
618309,618309,0.0,-0.0861836708392375,10.0,90.0,1.58,LOW,0.107,0,Limited Adverse Evidence,LOW_PREDICTIVE_SIGNAL
618310,618310,25.29,-0.10145943881405628,30.0,85.7,23.37,LOW,0.091,0,Limited Adverse Evidence,LOW_PREDICTIVE_SIGNAL
618311,618311,0.0,-0.09042316698385494,10.0,85.7,1.58,LOW,0.0795,0,Limited Adverse Evidence,LOW_PREDICTIVE_SIGNAL
618312,618312,14.3,-0.08676449776199247,30.0,90.0,15.27,LOW,0.1874,0,Limited Adverse Evidence,LOW_PREDICTIVE_SIGNAL
618313,618313,0.0,0.022315334119514862,10.0,90.0,12.11,LOW,0.0293,0,Anomalous Project Pattern,LOW_PREDICTIVE_SIGNAL
618314,618314,19.44,-0.1257540840861987,30.0,90.0,19.06,LOW,0.1638,0,Limited Adverse Evidence,LOW_PREDICTIVE_SIGNAL
618315,618315,6.2,-0.1251625858453057,30.0,90.0,9.31,LOW,0.1795,0,Limited Adverse Evidence,LOW_PREDICTIVE_SIGNAL
618316,618316,57.14,-0.06798616762262272,60.0,90.0,51.58,HIGH,0.8128,1,High Expenditure Progress Gap; Progress Stagnation,HIGH_PREDICTIVE_SIGNAL
618317,618317,52.41,-0.07593963082990451,60.0,90.0,48.09,MEDIUM,0.4081,0,High Expenditure Progress Gap; Progress Stagnation,WATCH
618318,618318,53.54,-0.06730547812354565,60.0,90.0,48.92,MEDIUM,0.7575,1,High Expenditure Progress Gap; Progress Stagnation,HIGH_PREDICTIVE_SIGNAL
618319,618319,54.2,-0.06319808530117832,60.0,90.0,49.41,MEDIUM,0.4711,0,High Expenditure Progress Gap; Progress Stagnation,WATCH
618320,618320,37.26,-0.09416761874521495,60.0,90.0,36.93,MEDIUM,0.2384,0,Progress Stagnation,LOW_PREDICTIVE_SIGNAL
618321,618321,49.51,-0.07047376800193089,60.0,90.0,45.95,MEDIUM,0.4348,0,Progress Stagnation,WATCH
618323,618323,35.71,-0.08682146310200828,60.0,90.0,35.79,MEDIUM,0.0417,0,Progress Stagnation,LOW_PREDICTIVE_SIGNAL
618324,618324,35.71,-0.09464149394635868,60.0,90.0,35.79,MEDIUM,0.2481,0,Progress Stagnation,LOW_PREDICTIVE_SIGNAL
618325,618325,100.0,-0.07279754327069637,60.0,60.7,83.16,CRITICAL,0.023,0,Progress Stagnation,LOW_PREDICTIVE_SIGNAL
618326,618326,23.46,-0.0994313742213292,30.0,90.0,22.02,LOW,0.0071,0,Limited Adverse Evidence,LOW_PREDICTIVE_SIGNAL
618327,618327,100.0,-0.08182189005952645,60.0,56.4,83.16,CRITICAL,0.1323,0,Progress Stagnation,LOW_PREDICTIVE_SIGNAL
618328,618328,49.51,-0.09612240493590513,30.0,90.0,41.22,MEDIUM,0.2722,0,Limited Adverse Evidence,LOW_PREDICTIVE_SIGNAL
618329,618329,100.0,-0.08182189005952645,60.0,56.4,83.16,CRITICAL,0.1323,0,Progress Stagnation,LOW_PREDICTIVE_SIGNAL
618330,618330,100.0,-0.13135685269033343,60.0,56.4,83.16,CRITICAL,0.1316,0,Progress Stagnation,LOW_PREDICTIVE_SIGNAL
618331,618331,0.0,-0.09597243400365613,10.0,90.0,1.58,LOW,0.1217,0,Limited Adverse Evidence,LOW_PREDICTIVE_SIGNAL
618333,618333,21.63,-0.12153114987290153,30.0,85.7,20.67,LOW,0.0377,0,Limited Adverse Evidence,LOW_PREDICTIVE_SIGNAL
618334,618334,34.31,-0.1219334768237903,60.0,90.0,34.75,MEDIUM,0.158,0,Progress Stagnation,LOW_PREDICTIVE_SIGNAL
618335,618335,29.05,-0.11716225382955564,30.0,90.0,26.14,LOW,0.1155,0,Limited Adverse Evidence,LOW_PREDICTIVE_SIGNAL
618336,618336,27.33,-0.12751484096232413,30.0,90.0,24.87,LOW,0.1942,0,Limited Adverse Evidence,LOW_PREDICTIVE_SIGNAL
618337,618337,57.14,-0.04994252310307895,60.0,90.0,51.58,HIGH,0.1749,0,High Expenditure Progress Gap; Progress Stagnation,LOW_PREDICTIVE_SIGNAL
618338,618338,0.0,-0.06421572100681167,10.0,90.0,1.58,LOW,0.0395,0,Limited Adverse Evidence,LOW_PREDICTIVE_SIGNAL
618339,618339,100.0,-0.10386722314105024,60.0,60.7,83.16,CRITICAL,0.5038,1,Progress Stagnation,ELEVATED
618340,618340,0.0,-0.11777168379858738,10.0,90.0,1.58,LOW,0.0434,0,Limited Adverse Evidence,LOW_PREDICTIVE_SIGNAL
618341,618341,93.89,-0.1326548328057236,60.0,56.4,78.66,HIGH,0.3507,0,Progress Stagnation,WATCH
618342,618342,100.0,-0.08182189005952645,60.0,56.4,83.16,CRITICAL,0.1323,0,Progress Stagnation,LOW_PREDICTIVE_SIGNAL
618343,618343,100.0,-0.08182189005952645,60.0,56.4,83.16,CRITICAL,0.1323,0,Progress Stagnation,LOW_PREDICTIVE_SIGNAL
618344,618344,15.22,-0.11946435899656416,30.0,85.7,15.95,LOW,0.3657,0,Limited Adverse Evidence,WATCH
618345,618345,13.81,-0.1224114676629901,30.0,85.7,14.91,LOW,0.0496,0,Limited Adverse Evidence,LOW_PREDICTIVE_SIGNAL
618346,618346,10.0,-0.10855001998800351,30.0,90.0,12.11,LOW,0.0291,0,Limited Adverse Evidence,LOW_PREDICTIVE_SIGNAL
618347,618347,11.34,-0.10911444118505981,30.0,90.0,13.09,LOW,0.0283,0,Limited Adverse Evidence,LOW_PREDICTIVE_SIGNAL
618348,618348,21.43,-0.025802097471034624,10.0,90.0,17.37,LOW,0.4553,0,High Expenditure Progress Gap,WATCH
618349,618349,25.16,-0.07527430158944759,30.0,90.0,23.28,LOW,0.2037,0,High Expenditure Progress Gap,LOW_PREDICTIVE_SIGNAL
618350,618350,4.02,-0.1064091062394964,30.0,90.0,7.7,LOW,0.0849,0,Limited Adverse Evidence,LOW_PREDICTIVE_SIGNAL
618351,618351,0.0,-0.0851933758255779,10.0,90.0,1.58,LOW,0.0317,0,Limited Adverse Evidence,LOW_PREDICTIVE_SIGNAL
618352,618352,37.67,-0.0952083850791427,60.0,90.0,37.23,MEDIUM,0.1134,0,Progress Stagnation,LOW_PREDICTIVE_SIGNAL
618353,618353,35.71,-0.12830792229488802,60.0,85.7,35.79,MEDIUM,0.3409,0,Progress Stagnation,WATCH
618354,618354,0.0,-0.09735716985355902,30.0,90.0,4.74,LOW,0.0117,0,Limited Adverse Evidence,LOW_PREDICTIVE_SIGNAL
618355,618355,35.71,-0.12555233702379104,60.0,90.0,35.79,MEDIUM,0.2088,0,Progress Stagnation,LOW_PREDICTIVE_SIGNAL
618356,618356,35.71,-0.10415684426942434,85.0,90.0,39.73,MEDIUM,0.1353,0,Progress Deterioration,LOW_PREDICTIVE_SIGNAL
618357,618357,35.71,-0.12915555144115098,60.0,90.0,35.79,MEDIUM,0.565,1,Progress Stagnation,ELEVATED
618358,618358,34.73,-0.12714480645778964,60.0,90.0,35.06,MEDIUM,0.2414,0,Progress Stagnation,LOW_PREDICTIVE_SIGNAL
618359,618359,35.71,-0.11675665441511945,60.0,90.0,35.79,MEDIUM,0.1706,0,Progress Stagnation,LOW_PREDICTIVE_SIGNAL
618362,618362,46.09,-0.111874580252397,60.0,90.0,43.43,MEDIUM,0.5765,1,Progress Stagnation,ELEVATED
618363,618363,39.1,-0.1198915883440711,60.0,90.0,38.28,MEDIUM,0.5398,1,Progress Stagnation,ELEVATED
618364,618364,35.71,-0.06660953912543549,60.0,90.0,35.79,MEDIUM,0.5749,1,Progress Stagnation,ELEVATED
618365,618365,35.71,-0.06800791704649312,60.0,90.0,35.79,MEDIUM,0.5938,1,Progress Stagnation,ELEVATED
618366,618366,8.66,-0.0852199155061531,30.0,90.0,11.12,LOW,0.2215,0,Limited Adverse Evidence,LOW_PREDICTIVE_SIGNAL
618367,618367,32.24,-0.07865540377425095,30.0,90.0,28.49,LOW,0.5621,1,Limited Adverse Evidence,ELEVATED
618368,618368,39.69,-0.08675989145567714,60.0,90.0,38.72,MEDIUM,0.2381,0,Progress Stagnation,LOW_PREDICTIVE_SIGNAL
618369,618369,16.34,-0.11366071666728039,30.0,90.0,16.78,LOW,0.2568,0,Limited Adverse Evidence,LOW_PREDICTIVE_SIGNAL
618370,618370,0.28,-0.11619718842859134,30.0,90.0,4.94,LOW,0.0374,0,Limited Adverse Evidence,LOW_PREDICTIVE_SIGNAL
618371,618371,0.0,-0.09605228060817966,10.0,90.0,1.58,LOW,0.0657,0,Limited Adverse Evidence,LOW_PREDICTIVE_SIGNAL
618372,618372,100.0,-0.13135685269033343,60.0,56.4,83.16,CRITICAL,0.1379,0,Progress Stagnation,LOW_PREDICTIVE_SIGNAL
618373,618373,16.13,-0.12100142955118831,30.0,90.0,16.62,LOW,0.2421,0,Limited Adverse Evidence,LOW_PREDICTIVE_SIGNAL
618374,618374,18.98,-0.10103941108954528,30.0,90.0,18.72,LOW,0.2777,0,Limited Adverse Evidence,LOW_PREDICTIVE_SIGNAL
618375,618375,4.86,-0.0970042249742113,30.0,90.0,8.32,LOW,0.2571,0,Limited Adverse Evidence,LOW_PREDICTIVE_SIGNAL
618376,618376,8.24,-0.08767803925606965,30.0,90.0,10.81,LOW,0.2968,0,Limited Adverse Evidence,LOW_PREDICTIVE_SIGNAL
618377,618377,0.0,-0.0917829515852075,10.0,90.0,1.58,LOW,0.0329,0,Limited Adverse Evidence,LOW_PREDICTIVE_SIGNAL
618379,618379,35.71,-0.07886762067247138,60.0,90.0,35.79,MEDIUM,0.6075,1,Progress Stagnation,ELEVATED
618380,618380,35.71,-0.10319297105609232,60.0,90.0,35.79,MEDIUM,0.0219,0,Progress Stagnation,LOW_PREDICTIVE_SIGNAL
618381,618381,85.6,-0.13101556504312423,60.0,56.4,72.55,HIGH,0.1485,0,Progress Stagnation,LOW_PREDICTIVE_SIGNAL
618382,618382,100.0,-0.13135685269033343,60.0,56.4,83.16,CRITICAL,0.1316,0,Progress Stagnation,LOW_PREDICTIVE_SIGNAL
618383,618383,35.71,-0.10343110372989572,60.0,90.0,35.79,MEDIUM,0.0879,0,Progress Stagnation,LOW_PREDICTIVE_SIGNAL
618384,618384,82.64,-0.12992189400297416,30.0,56.4,65.63,HIGH,0.0833,0,Limited Adverse Evidence,LOW_PREDICTIVE_SIGNAL
618385,618385,0.0,-0.1023311841183624,10.0,90.0,1.58,LOW,0.2745,0,Limited Adverse Evidence,LOW_PREDICTIVE_SIGNAL
618386,618386,100.0,-0.08182189005952645,60.0,56.4,83.16,CRITICAL,0.1323,0,Progress Stagnation,LOW_PREDICTIVE_SIGNAL
618387,618387,31.91,-0.12645923698097122,60.0,90.0,32.99,MEDIUM,0.3226,0,Progress Stagnation,WATCH
618388,618388,10.43,-0.11783366002300077,30.0,90.0,12.42,LOW,0.3918,0,Limited Adverse Evidence,WATCH
618389,618389,34.31,-0.11607783719385628,60.0,90.0,34.75,MEDIUM,0.1652,0,Progress Stagnation,LOW_PREDICTIVE_SIGNAL
618390,618390,0.0,-0.12200420838769738,10.0,90.0,1.58,LOW,0.1325,0,Limited Adverse Evidence,LOW_PREDICTIVE_SIGNAL
618391,618391,0.0,-0.10813731396428106,10.0,90.0,1.58,LOW,0.0149,0,Limited Adverse Evidence,LOW_PREDICTIVE_SIGNAL
618392,618392,0.0,-0.07164182254333301,10.0,90.0,1.58,LOW,0.2814,0,Limited Adverse Evidence,LOW_PREDICTIVE_SIGNAL
618393,618393,7.75,-0.10415334115585845,30.0,90.0,10.45,LOW,0.0259,0,Limited Adverse Evidence,LOW_PREDICTIVE_SIGNAL
618394,618394,35.71,-0.125832155033255,60.0,90.0,35.79,MEDIUM,0.1868,0,Progress Stagnation,LOW_PREDICTIVE_SIGNAL
618395,618395,35.71,-0.12124837370653113,60.0,90.0,35.79,MEDIUM,0.6774,1,Progress Stagnation,ELEVATED
618396,618396,100.0,-0.08182189005952645,60.0,56.4,83.16,CRITICAL,0.1323,0,Progress Stagnation,LOW_PREDICTIVE_SIGNAL
618397,618397,0.0,0.07699567769024607,10.0,85.7,12.11,LOW,0.0407,0,Anomalous Project Pattern,LOW_PREDICTIVE_SIGNAL
618398,618398,35.71,-0.11874497956397756,60.0,90.0,35.79,MEDIUM,0.1221,0,Progress Stagnation,LOW_PREDICTIVE_SIGNAL
618399,618399,31.56,-0.12658939822586773,60.0,90.0,32.73,MEDIUM,0.7376,1,Progress Stagnation,HIGH_PREDICTIVE_SIGNAL
618400,618400,35.71,-0.09267350707291994,60.0,90.0,35.79,MEDIUM,0.2795,0,Progress Stagnation,LOW_PREDICTIVE_SIGNAL
618401,618401,38.67,-0.07719665558930039,60.0,90.0,37.97,MEDIUM,0.074,0,Progress Stagnation,LOW_PREDICTIVE_SIGNAL
618402,618402,19.02,-0.10474694061347267,30.0,90.0,18.75,LOW,0.4325,0,Limited Adverse Evidence,WATCH
618403,618403,1.55,-0.11173129222734879,10.0,90.0,2.72,LOW,0.0581,0,Limited Adverse Evidence,LOW_PREDICTIVE_SIGNAL
618404,618404,40.38,-0.08094184004997862,30.0,85.7,34.49,MEDIUM,0.3104,0,Limited Adverse Evidence,WATCH
618405,618405,30.36,-0.103153810583058,30.0,90.0,27.11,LOW,0.1599,0,Limited Adverse Evidence,LOW_PREDICTIVE_SIGNAL
618406,618406,21.43,0.11712882061401908,10.0,90.0,27.9,LOW,0.1709,0,High Expenditure Progress Gap; Anomalous Project Pattern,LOW_PREDICTIVE_SIGNAL
618407,618407,0.0,-0.1167475559084416,10.0,85.7,1.58,LOW,0.1414,0,Limited Adverse Evidence,LOW_PREDICTIVE_SIGNAL
618408,618408,0.0,-0.1033214184050601,10.0,85.7,1.58,LOW,0.0992,0,Limited Adverse Evidence,LOW_PREDICTIVE_SIGNAL
618409,618409,0.0,-0.10912011120443915,10.0,90.0,1.58,LOW,0.1007,0,Limited Adverse Evidence,LOW_PREDICTIVE_SIGNAL
618410,618410,2.28,-0.09424119354287613,10.0,90.0,3.26,LOW,0.0998,0,Limited Adverse Evidence,LOW_PREDICTIVE_SIGNAL
618411,618411,16.69,-0.1279682206156057,30.0,90.0,17.03,LOW,0.1942,0,Limited Adverse Evidence,LOW_PREDICTIVE_SIGNAL
618412,618412,16.34,-0.1144076353206841,30.0,85.7,16.78,LOW,0.2411,0,Limited Adverse Evidence,LOW_PREDICTIVE_SIGNAL
618413,618413,27.41,-0.10854811061183434,30.0,90.0,24.93,LOW,0.0089,0,Limited Adverse Evidence,LOW_PREDICTIVE_SIGNAL
618414,618414,35.71,-0.11424940863201627,60.0,90.0,35.79,MEDIUM,0.1499,0,Progress Stagnation,LOW_PREDICTIVE_SIGNAL
618415,618415,35.71,-0.047777747520658664,60.0,90.0,35.79,MEDIUM,0.4725,0,Progress Stagnation,WATCH
618416,618416,38.29,-0.1188890897593119,60.0,90.0,37.69,MEDIUM,0.1595,0,Progress Stagnation,LOW_PREDICTIVE_SIGNAL
618417,618417,45.4,-0.08116402053870003,60.0,90.0,42.93,MEDIUM,0.7967,1,Progress Stagnation,HIGH_PREDICTIVE_SIGNAL
618418,618418,19.29,-0.11690561218416767,30.0,90.0,18.95,LOW,0.3825,0,Limited Adverse Evidence,WATCH
618419,618419,31.58,-0.11063855889465324,30.0,90.0,28.01,LOW,0.1438,0,Limited Adverse Evidence,LOW_PREDICTIVE_SIGNAL
618420,618420,8.2,-0.11371646976668037,30.0,90.0,10.78,LOW,0.2821,0,Limited Adverse Evidence,LOW_PREDICTIVE_SIGNAL
618421,618421,0.0,-0.12281654927339286,10.0,90.0,1.58,LOW,0.0872,0,Limited Adverse Evidence,LOW_PREDICTIVE_SIGNAL
618422,618422,33.95,-0.11358597969409268,60.0,90.0,34.49,MEDIUM,0.0649,0,Progress Stagnation,LOW_PREDICTIVE_SIGNAL
618423,618423,35.71,-0.11824699364159191,60.0,90.0,35.79,MEDIUM,0.1508,0,Progress Stagnation,LOW_PREDICTIVE_SIGNAL
618424,618424,,-0.13462508564267162,,24.3,0.0,REVIEW_DATA,0.1818,0,Data review is required before risk escalation.,LOW_PREDICTIVE_SIGNAL
618426,618426,50.14,-0.07643304865055206,30.0,85.7,41.68,MEDIUM,0.0217,0,Limited Adverse Evidence,LOW_PREDICTIVE_SIGNAL
618427,618427,33.78,-0.09367814305185057,60.0,90.0,34.36,MEDIUM,0.0466,0,Progress Stagnation,LOW_PREDICTIVE_SIGNAL
618428,618428,46.27,-0.03377830105984264,30.0,85.7,38.83,MEDIUM,0.0593,0,Limited Adverse Evidence,LOW_PREDICTIVE_SIGNAL
618429,618429,33.06,-0.08131176006341528,30.0,90.0,29.1,LOW,0.0644,0,Limited Adverse Evidence,LOW_PREDICTIVE_SIGNAL
618430,618430,30.85,-0.1054244010437585,60.0,90.0,32.21,LOW,0.0289,0,Progress Stagnation,LOW_PREDICTIVE_SIGNAL
618431,618431,29.94,-0.11066447511369598,30.0,90.0,26.8,LOW,0.0586,0,Limited Adverse Evidence,LOW_PREDICTIVE_SIGNAL
618432,618432,89.74,-0.13014415785609434,60.0,56.4,75.6,HIGH,0.1745,0,Progress Stagnation,LOW_PREDICTIVE_SIGNAL
618433,618433,35.71,-0.11302003219460838,60.0,90.0,35.79,MEDIUM,0.1395,0,Progress Stagnation,LOW_PREDICTIVE_SIGNAL
618434,618434,32.83,-0.07709612148381717,60.0,90.0,33.66,MEDIUM,0.126,0,Progress Stagnation,LOW_PREDICTIVE_SIGNAL
618435,618435,100.0,-0.13216324023897014,60.0,60.7,83.16,CRITICAL,0.3113,0,Progress Stagnation,WATCH
618436,618436,35.71,-0.11829884491547077,60.0,90.0,35.79,MEDIUM,0.1931,0,Progress Stagnation,LOW_PREDICTIVE_SIGNAL
618437,618437,35.71,-0.10468423635875923,60.0,90.0,35.79,MEDIUM,0.2113,0,Progress Stagnation,LOW_PREDICTIVE_SIGNAL
618438,618438,57.14,0.01655058856015973,60.0,90.0,62.1,HIGH,0.0928,0,High Expenditure Progress Gap; Progress Stagnation,LOW_PREDICTIVE_SIGNAL
618439,618439,100.0,-0.13291325310072438,60.0,60.7,83.16,CRITICAL,0.3507,0,Progress Stagnation,WATCH
618440,618440,0.0,0.07360943492711414,10.0,90.0,12.11,LOW,0.0731,0,Anomalous Project Pattern,LOW_PREDICTIVE_SIGNAL
618441,618441,1.18,0.08816111951782835,10.0,90.0,12.97,LOW,0.0203,0,Anomalous Project Pattern,LOW_PREDICTIVE_SIGNAL
618442,618442,29.02,-0.08476502733531349,30.0,90.0,26.12,LOW,0.1564,0,Limited Adverse Evidence,LOW_PREDICTIVE_SIGNAL
618443,618443,100.0,-0.13175192827720755,60.0,60.7,83.16,CRITICAL,0.3507,0,Progress Stagnation,WATCH
618444,618444,100.0,-0.12036823150328635,60.0,60.7,83.16,CRITICAL,0.1782,0,Progress Stagnation,LOW_PREDICTIVE_SIGNAL
618445,618445,24.02,-0.10064146675275715,30.0,85.7,22.44,LOW,0.1758,0,Limited Adverse Evidence,LOW_PREDICTIVE_SIGNAL
618446,618446,23.04,-0.11001472929446349,30.0,90.0,21.71,LOW,0.0907,0,Limited Adverse Evidence,LOW_PREDICTIVE_SIGNAL
618447,618447,30.01,-0.11617806965327054,30.0,90.0,26.85,LOW,0.0705,0,Limited Adverse Evidence,LOW_PREDICTIVE_SIGNAL
618448,618448,11.55,-0.10684323901769799,30.0,90.0,13.25,LOW,0.0578,0,Limited Adverse Evidence,LOW_PREDICTIVE_SIGNAL
618449,618449,15.3,-0.08260480879857363,10.0,90.0,12.85,LOW,0.1503,0,Limited Adverse Evidence,LOW_PREDICTIVE_SIGNAL
618450,618450,51.08,-0.09422273692262362,60.0,90.0,47.11,MEDIUM,0.402,0,High Expenditure Progress Gap; Progress Stagnation,WATCH
618452,618452,36.06,-0.08893007922607632,60.0,90.0,36.04,MEDIUM,0.3861,0,Progress Stagnation,WATCH
618454,618454,35.71,-0.06755436911639878,60.0,90.0,35.79,MEDIUM,0.6357,1,Progress Stagnation,ELEVATED
618455,618455,35.71,-0.10684862174094534,60.0,90.0,35.79,MEDIUM,0.0618,0,Progress Stagnation,LOW_PREDICTIVE_SIGNAL
618456,618456,84.22,-0.13042894980725694,30.0,56.4,66.79,HIGH,0.0833,0,Limited Adverse Evidence,LOW_PREDICTIVE_SIGNAL
618457,618457,35.71,-0.11810828711560711,60.0,90.0,35.79,MEDIUM,0.1824,0,Progress Stagnation,LOW_PREDICTIVE_SIGNAL
618458,618458,1.62,-0.10716421235703566,30.0,90.0,5.93,LOW,0.2013,0,Limited Adverse Evidence,LOW_PREDICTIVE_SIGNAL
618459,618459,0.05,-0.10297109080621863,10.0,90.0,1.62,LOW,0.2533,0,Limited Adverse Evidence,LOW_PREDICTIVE_SIGNAL
618460,618460,100.0,-0.13064963389063494,60.0,60.7,83.16,CRITICAL,0.6283,1,Progress Stagnation,ELEVATED
618461,618461,100.0,-0.13102993963979293,,28.6,87.5,REVIEW_DATA,0.1533,0,Data review is required before risk escalation.,LOW_PREDICTIVE_SIGNAL
618462,618462,35.96,-0.10920572190294742,60.0,90.0,35.97,MEDIUM,0.1411,0,Progress Stagnation,LOW_PREDICTIVE_SIGNAL
618463,618463,78.57,-0.03382606808952515,60.0,90.0,67.37,HIGH,0.1195,0,High Cost Escalation; Progress Stagnation,LOW_PREDICTIVE_SIGNAL
618464,618464,82.25,-0.13126624893543104,30.0,52.1,65.34,HIGH,0.1585,0,Limited Adverse Evidence,LOW_PREDICTIVE_SIGNAL
618465,618465,99.01,-0.13252008928584558,60.0,56.4,82.43,HIGH,0.2492,0,Progress Stagnation,LOW_PREDICTIVE_SIGNAL
618466,618466,100.0,-0.0839638948571852,60.0,56.4,83.16,CRITICAL,0.3852,0,Progress Stagnation,WATCH
618467,618467,35.71,-0.09984041235562119,60.0,85.7,35.79,MEDIUM,0.3475,0,Progress Stagnation,WATCH
618468,618468,85.01,-0.13042894980725694,30.0,56.4,67.38,HIGH,0.0833,0,Limited Adverse Evidence,LOW_PREDICTIVE_SIGNAL
618469,618469,20.39,-0.06173518045102461,10.0,90.0,16.6,LOW,0.0195,0,Limited Adverse Evidence,LOW_PREDICTIVE_SIGNAL
618470,618470,8.15,-0.04740426079091298,10.0,90.0,7.58,LOW,0.051,0,Limited Adverse Evidence,LOW_PREDICTIVE_SIGNAL
618471,618471,21.31,-0.07646753384025057,30.0,90.0,20.44,LOW,0.2437,0,Limited Adverse Evidence,LOW_PREDICTIVE_SIGNAL
618472,618472,6.01,-0.07103312614135843,30.0,90.0,9.17,LOW,0.3154,0,Limited Adverse Evidence,WATCH
618473,618473,7.27,-0.09428310115992056,10.0,90.0,6.94,LOW,0.0904,0,Limited Adverse Evidence,LOW_PREDICTIVE_SIGNAL
618475,618475,20.92,-0.11627810293968155,30.0,90.0,20.15,LOW,0.1284,0,Limited Adverse Evidence,LOW_PREDICTIVE_SIGNAL
618476,618476,35.71,-0.11042032103527422,60.0,90.0,35.79,MEDIUM,0.1211,0,Progress Stagnation,LOW_PREDICTIVE_SIGNAL
618477,618477,35.71,-0.11231308657952027,60.0,90.0,35.79,MEDIUM,0.0719,0,Progress Stagnation,LOW_PREDICTIVE_SIGNAL
618478,618478,35.71,-0.12062082785150835,60.0,90.0,35.79,MEDIUM,0.1238,0,Progress Stagnation,LOW_PREDICTIVE_SIGNAL
618479,618479,35.71,-0.11091686217458901,60.0,90.0,35.79,MEDIUM,0.5736,1,Progress Stagnation,ELEVATED
618480,618480,0.0,-0.08090593752031244,10.0,85.7,1.58,LOW,0.2085,0,Limited Adverse Evidence,LOW_PREDICTIVE_SIGNAL
618481,618481,0.0,-0.08836154553784292,10.0,90.0,1.58,LOW,0.0658,0,Limited Adverse Evidence,LOW_PREDICTIVE_SIGNAL
618482,618482,54.77,-0.07920454532464294,60.0,85.7,49.83,MEDIUM,0.0738,0,Progress Stagnation,LOW_PREDICTIVE_SIGNAL
618483,618483,46.36,-0.10290609889510988,60.0,85.7,43.63,MEDIUM,0.0861,0,Progress Stagnation,LOW_PREDICTIVE_SIGNAL
618484,618484,98.42,-0.1357941832068899,60.0,56.4,81.99,HIGH,0.5916,1,Progress Stagnation,ELEVATED
618485,618485,97.44,-0.13495768009040693,60.0,52.1,81.27,HIGH,0.5916,1,Progress Stagnation,ELEVATED
618486,618486,55.25,-0.07225859979360683,60.0,85.7,50.18,MEDIUM,0.2132,0,Progress Stagnation,LOW_PREDICTIVE_SIGNAL
618487,618487,84.22,-0.13124885423085336,30.0,52.1,66.79,HIGH,0.2022,0,Limited Adverse Evidence,LOW_PREDICTIVE_SIGNAL
618488,618488,100.0,-0.07769114467522659,60.0,56.4,83.16,CRITICAL,0.2419,0,Progress Stagnation,LOW_PREDICTIVE_SIGNAL
618489,618489,58.68,-0.08457785789714767,60.0,85.7,52.71,HIGH,0.3281,0,Progress Stagnation,WATCH
618490,618490,100.0,-0.10646925511928562,60.0,60.7,83.16,CRITICAL,0.3401,0,Progress Stagnation,WATCH
618491,618491,100.0,-0.1229374171790405,30.0,32.9,78.42,REVIEW_DATA,0.1521,0,Data review is required before risk escalation.,LOW_PREDICTIVE_SIGNAL
618492,618492,48.84,-0.06480182644445925,60.0,85.7,45.46,MEDIUM,0.2118,0,High Expenditure Progress Gap; Progress Stagnation,LOW_PREDICTIVE_SIGNAL
618493,618493,18.19,-0.07062352956287687,30.0,90.0,18.14,LOW,0.3509,0,Limited Adverse Evidence,WATCH
618494,618494,50.97,-0.09631486367005054,30.0,85.7,42.29,MEDIUM,0.0609,0,Limited Adverse Evidence,LOW_PREDICTIVE_SIGNAL
618495,618495,2.32,-0.11481008700083611,30.0,90.0,6.45,LOW,0.1649,0,Limited Adverse Evidence,LOW_PREDICTIVE_SIGNAL
618496,618496,60.0,-0.09153327017193524,60.0,90.0,53.68,HIGH,0.1214,0,Progress Stagnation,LOW_PREDICTIVE_SIGNAL
618497,618497,0.0,-0.11310282012024114,10.0,90.0,1.58,LOW,0.1029,0,Limited Adverse Evidence,LOW_PREDICTIVE_SIGNAL
618498,618498,84.22,-0.13042894980725694,30.0,56.4,66.79,HIGH,0.0833,0,Limited Adverse Evidence,LOW_PREDICTIVE_SIGNAL
618499,618499,0.0,-0.08761992679241876,10.0,90.0,1.58,LOW,0.0214,0,Limited Adverse Evidence,LOW_PREDICTIVE_SIGNAL
618500,618500,23.66,-0.11783075179257568,30.0,90.0,22.17,LOW,0.2398,0,Limited Adverse Evidence,LOW_PREDICTIVE_SIGNAL
618501,618501,100.0,-0.13112289291342843,60.0,56.4,83.16,CRITICAL,0.2219,0,Progress Stagnation,LOW_PREDICTIVE_SIGNAL
618502,618502,80.28,-0.11596463950676172,30.0,56.4,63.89,HIGH,0.3678,0,Limited Adverse Evidence,WATCH
618503,618503,43.12,-0.09780822874153011,60.0,90.0,41.25,MEDIUM,0.054,0,Progress Stagnation,LOW_PREDICTIVE_SIGNAL
618504,618504,44.04,-0.11207846177236952,60.0,90.0,41.92,MEDIUM,0.0725,0,Progress Stagnation,LOW_PREDICTIVE_SIGNAL
618505,618505,23.32,-0.10641625806621219,30.0,90.0,21.92,LOW,0.2169,0,Limited Adverse Evidence,LOW_PREDICTIVE_SIGNAL
618506,618506,0.0,-0.05190469795595176,10.0,85.7,1.58,LOW,0.1086,0,Limited Adverse Evidence,LOW_PREDICTIVE_SIGNAL
618507,618507,21.85,-0.0493695175842771,10.0,85.7,17.68,LOW,0.1132,0,High Expenditure Progress Gap,LOW_PREDICTIVE_SIGNAL
618508,618508,19.23,-0.12528517774079856,30.0,85.7,18.91,LOW,0.2688,0,Limited Adverse Evidence,LOW_PREDICTIVE_SIGNAL
618509,618509,39.14,-0.11535733267783793,60.0,90.0,38.31,MEDIUM,0.153,0,Progress Stagnation,LOW_PREDICTIVE_SIGNAL
618511,618511,0.0,-0.050449069220707965,10.0,85.7,1.58,LOW,0.2002,0,Limited Adverse Evidence,LOW_PREDICTIVE_SIGNAL
618512,618512,22.12,-0.1165836374427262,30.0,90.0,21.04,LOW,0.265,0,Limited Adverse Evidence,LOW_PREDICTIVE_SIGNAL
618513,618513,26.84,-0.0971156769987408,30.0,90.0,24.51,LOW,0.8654,1,Limited Adverse Evidence,HIGH_PREDICTIVE_SIGNAL
618514,618514,0.0,-0.01927477728048471,10.0,90.0,1.58,LOW,0.1348,0,Limited Adverse Evidence,LOW_PREDICTIVE_SIGNAL
618515,618515,60.55,-0.12869911397200384,30.0,56.4,49.35,MEDIUM,0.1532,0,Limited Adverse Evidence,LOW_PREDICTIVE_SIGNAL
618516,618516,41.98,-0.05629520188975773,30.0,90.0,35.67,MEDIUM,0.2372,0,High Expenditure Progress Gap,LOW_PREDICTIVE_SIGNAL
618517,618517,43.83,-0.07681323079863867,60.0,90.0,41.77,MEDIUM,0.1028,0,Progress Stagnation,LOW_PREDICTIVE_SIGNAL
618518,618518,50.95,-0.07976786834096422,60.0,85.7,47.02,MEDIUM,0.4243,0,Progress Stagnation,WATCH
618519,618519,0.0,-0.06037459612614754,10.0,90.0,1.58,LOW,0.0331,0,Limited Adverse Evidence,LOW_PREDICTIVE_SIGNAL
618520,618520,50.97,-0.10070170706235537,60.0,85.7,47.03,MEDIUM,0.439,0,Progress Stagnation,WATCH
618521,618521,35.71,-0.12456089219568728,60.0,90.0,35.79,MEDIUM,0.284,0,Progress Stagnation,LOW_PREDICTIVE_SIGNAL
618522,618522,0.0,-0.11057584981228746,10.0,85.7,1.58,LOW,0.4091,0,Limited Adverse Evidence,WATCH
618523,618523,76.83,-0.0725115836873238,60.0,90.0,66.09,HIGH,0.1969,0,High Cost Escalation; Progress Stagnation,LOW_PREDICTIVE_SIGNAL
618524,618524,3.31,-0.08920286279998996,30.0,85.7,7.18,LOW,0.5559,1,Limited Adverse Evidence,ELEVATED
618525,618525,0.0,-0.04765570827286525,10.0,90.0,1.58,LOW,0.2116,0,Limited Adverse Evidence,LOW_PREDICTIVE_SIGNAL
618526,618526,35.71,-0.10676936377337853,60.0,85.7,35.79,MEDIUM,0.1719,0,Progress Stagnation,LOW_PREDICTIVE_SIGNAL
618527,618527,62.13,-0.12481049656902032,30.0,56.4,50.52,MEDIUM,0.2505,0,Limited Adverse Evidence,LOW_PREDICTIVE_SIGNAL
618529,618529,21.13,-0.07040084518015749,30.0,90.0,20.31,LOW,0.1057,0,Limited Adverse Evidence,LOW_PREDICTIVE_SIGNAL
618530,618530,5.14,-0.012263802727564665,30.0,90.0,8.52,LOW,0.0179,0,Limited Adverse Evidence,LOW_PREDICTIVE_SIGNAL
618531,618531,0.0,-0.042602711481765976,10.0,90.0,1.58,LOW,0.2212,0,Limited Adverse Evidence,LOW_PREDICTIVE_SIGNAL
618532,618532,62.13,-0.13022289602382175,30.0,56.4,50.52,MEDIUM,0.1858,0,Limited Adverse Evidence,LOW_PREDICTIVE_SIGNAL
618533,618533,41.46,0.0016507133372653526,60.0,90.0,50.55,MEDIUM,0.126,0,Progress Stagnation; Anomalous Project Pattern,LOW_PREDICTIVE_SIGNAL
618534,618534,35.71,-0.08297361826776489,30.0,57.9,31.05,LOW,0.0455,0,Limited Adverse Evidence,LOW_PREDICTIVE_SIGNAL
618535,618535,0.0,-0.048068283990653604,10.0,90.0,1.58,LOW,0.0936,0,Limited Adverse Evidence,LOW_PREDICTIVE_SIGNAL
618536,618536,0.0,-0.08230160109373863,10.0,90.0,1.58,LOW,0.2063,0,Limited Adverse Evidence,LOW_PREDICTIVE_SIGNAL
618537,618537,0.0,-0.0951008387067484,10.0,90.0,1.58,LOW,0.2446,0,Limited Adverse Evidence,LOW_PREDICTIVE_SIGNAL
618538,618538,0.0,-0.046453265299014446,10.0,85.7,1.58,LOW,0.0467,0,Limited Adverse Evidence,LOW_PREDICTIVE_SIGNAL
618539,618539,1.01,-0.08884345871334881,10.0,85.7,2.32,LOW,0.3654,0,Limited Adverse Evidence,WATCH
618540,618540,0.0,-0.09825368367427634,10.0,90.0,1.58,LOW,0.2413,0,Limited Adverse Evidence,LOW_PREDICTIVE_SIGNAL
618541,618541,21.63,-0.11745823992967697,30.0,90.0,20.67,LOW,0.3962,0,Limited Adverse Evidence,WATCH
618542,618542,56.72,-0.06051283441118632,30.0,57.9,46.53,MEDIUM,0.0572,0,High Expenditure Progress Gap,LOW_PREDICTIVE_SIGNAL
618543,618543,17.01,-0.05466601702068519,30.0,90.0,17.27,LOW,0.2055,0,Limited Adverse Evidence,LOW_PREDICTIVE_SIGNAL
618544,618544,47.39,-0.0763512491798678,60.0,90.0,44.39,MEDIUM,0.1534,0,Progress Stagnation,LOW_PREDICTIVE_SIGNAL
618545,618545,54.92,-0.06745769487227232,60.0,90.0,49.94,MEDIUM,0.4052,0,High Expenditure Progress Gap; Progress Stagnation,WATCH
618546,618546,100.0,-0.11680978166070483,,28.6,87.5,REVIEW_DATA,0.4789,0,Data review is required before risk escalation.,WATCH
618547,618547,13.59,-0.06921728279379308,10.0,90.0,11.59,LOW,0.1831,0,Limited Adverse Evidence,LOW_PREDICTIVE_SIGNAL
618548,618548,100.0,-0.13102993963979293,,28.6,87.5,REVIEW_DATA,0.1533,0,Data review is required before risk escalation.,LOW_PREDICTIVE_SIGNAL
618549,618549,84.5,0.014404564086349547,60.0,90.0,82.26,HIGH,0.0914,0,High Cost Escalation; Progress Stagnation,LOW_PREDICTIVE_SIGNAL
618550,618550,50.1,-0.047498800241412564,60.0,90.0,46.39,MEDIUM,0.1123,0,Progress Stagnation,LOW_PREDICTIVE_SIGNAL
618551,618551,9.08,-0.09476037960339384,30.0,90.0,11.43,LOW,0.3087,0,Limited Adverse Evidence,WATCH
618552,618552,14.88,-0.07395543343103927,10.0,90.0,12.54,LOW,0.2201,0,Limited Adverse Evidence,LOW_PREDICTIVE_SIGNAL
618553,618553,80.28,-0.13066814091526502,30.0,56.4,63.89,HIGH,0.0717,0,Limited Adverse Evidence,LOW_PREDICTIVE_SIGNAL
618554,618554,19.51,-0.11586422617587128,30.0,90.0,19.11,LOW,0.0944,0,Limited Adverse Evidence,LOW_PREDICTIVE_SIGNAL
618555,618555,54.44,-0.1317019989252256,30.0,32.9,44.85,REVIEW_DATA,0.0921,0,Data review is required before risk escalation.,LOW_PREDICTIVE_SIGNAL
618556,618556,20.15,-0.11363775401662968,30.0,85.7,19.58,LOW,0.2243,0,Limited Adverse Evidence,LOW_PREDICTIVE_SIGNAL
618557,618557,20.01,-0.12010622465315768,30.0,90.0,19.48,LOW,0.2138,0,Limited Adverse Evidence,LOW_PREDICTIVE_SIGNAL
618558,618558,89.35,-0.1169667667904199,60.0,60.7,75.31,HIGH,0.3653,0,Progress Stagnation,WATCH
618559,618559,100.0,-0.12643844303628382,60.0,60.7,83.16,CRITICAL,0.5668,1,Progress Stagnation,ELEVATED
618560,618560,100.0,-0.09940714745529322,60.0,60.7,83.16,CRITICAL,0.5542,1,Progress Stagnation,ELEVATED
618561,618561,0.0,-0.0779912662691799,10.0,85.7,1.58,LOW,0.2804,0,Limited Adverse Evidence,LOW_PREDICTIVE_SIGNAL
618562,618562,100.0,-0.13135685269033343,60.0,52.1,83.16,CRITICAL,0.1316,0,Progress Stagnation,LOW_PREDICTIVE_SIGNAL
618563,618563,24.3,-0.09485087430502381,30.0,90.0,22.64,LOW,0.1071,0,Limited Adverse Evidence,LOW_PREDICTIVE_SIGNAL
618564,618564,13.77,-0.0250883087620018,10.0,85.7,11.73,LOW,0.1104,0,Limited Adverse Evidence,LOW_PREDICTIVE_SIGNAL
618565,618565,83.23,-0.13374164682081657,30.0,56.4,66.06,HIGH,0.4339,0,Limited Adverse Evidence,WATCH
618566,618566,8.16,-0.08143965700481065,30.0,90.0,10.75,LOW,0.0674,0,Limited Adverse Evidence,LOW_PREDICTIVE_SIGNAL
618567,618567,0.0,-0.07617906976744698,10.0,90.0,1.58,LOW,0.1086,0,Limited Adverse Evidence,LOW_PREDICTIVE_SIGNAL
618568,618568,5.0,-0.08407843650595365,30.0,85.7,8.42,LOW,0.1974,0,Limited Adverse Evidence,LOW_PREDICTIVE_SIGNAL
618569,618569,100.0,-0.13063501591222298,60.0,60.7,83.16,CRITICAL,0.8077,1,Progress Stagnation,HIGH_PREDICTIVE_SIGNAL
618570,618570,84.62,-0.13042894980725694,30.0,56.4,67.09,HIGH,0.0833,0,Limited Adverse Evidence,LOW_PREDICTIVE_SIGNAL
618571,618571,43.86,-0.1078515217578041,30.0,90.0,37.05,MEDIUM,0.3751,0,Limited Adverse Evidence,WATCH
618572,618572,17.4,-0.0774601682010117,30.0,90.0,17.56,LOW,0.2807,0,Limited Adverse Evidence,LOW_PREDICTIVE_SIGNAL
618574,618574,0.0,-0.0825347878630539,10.0,85.7,1.58,LOW,0.4288,0,Limited Adverse Evidence,WATCH
618575,618575,100.0,-0.13049571252206366,,28.6,87.5,REVIEW_DATA,0.1026,0,Data review is required before risk escalation.,LOW_PREDICTIVE_SIGNAL
618576,618576,99.21,-0.1315768938361504,60.0,56.4,82.58,HIGH,0.2599,0,Progress Stagnation,LOW_PREDICTIVE_SIGNAL
618577,618577,100.0,-0.09079004223594672,60.0,56.4,83.16,CRITICAL,0.1527,0,Progress Stagnation,LOW_PREDICTIVE_SIGNAL
618578,618578,75.35,-0.12334990551095121,30.0,56.4,60.26,HIGH,0.292,0,Limited Adverse Evidence,LOW_PREDICTIVE_SIGNAL
618579,618579,46.46,-0.030455382262769504,60.0,90.0,43.71,MEDIUM,0.0803,0,Progress Stagnation,LOW_PREDICTIVE_SIGNAL
618580,618580,69.48,-0.06238074134350413,60.0,90.0,60.67,HIGH,0.1568,0,High Cost Escalation; Progress Stagnation,LOW_PREDICTIVE_SIGNAL
618581,618581,35.99,-0.10515118599037582,60.0,90.0,35.99,MEDIUM,0.373,0,Progress Stagnation,WATCH
618582,618582,100.0,-0.13135685269033343,60.0,52.1,83.16,CRITICAL,0.1316,0,Progress Stagnation,LOW_PREDICTIVE_SIGNAL
618583,618583,100.0,-0.13135685269033343,60.0,52.1,83.16,CRITICAL,0.1316,0,Progress Stagnation,LOW_PREDICTIVE_SIGNAL
618584,618584,0.01,-0.06420673985723196,10.0,90.0,1.59,LOW,0.2085,0,Limited Adverse Evidence,LOW_PREDICTIVE_SIGNAL
618585,618585,0.0,-0.08401702669336442,10.0,85.7,1.58,LOW,0.3235,0,Limited Adverse Evidence,WATCH
618586,618586,28.67,-0.09226282856828583,30.0,85.7,25.86,LOW,0.15,0,Limited Adverse Evidence,LOW_PREDICTIVE_SIGNAL
618588,618588,35.71,-0.09878341071980162,60.0,90.0,35.79,MEDIUM,0.0481,0,Progress Stagnation,LOW_PREDICTIVE_SIGNAL
618589,618589,0.0,-0.10831617965469037,10.0,90.0,1.58,LOW,0.0793,0,Limited Adverse Evidence,LOW_PREDICTIVE_SIGNAL
618590,618590,0.0,-0.09808762458044296,10.0,90.0,1.58,LOW,0.0888,0,Limited Adverse Evidence,LOW_PREDICTIVE_SIGNAL
618591,618591,6.13,-0.0814918550568493,30.0,85.7,9.25,LOW,0.2592,0,Limited Adverse Evidence,LOW_PREDICTIVE_SIGNAL
618592,618592,0.0,-0.07375385279889374,10.0,90.0,1.58,LOW,0.2229,0,Limited Adverse Evidence,LOW_PREDICTIVE_SIGNAL
618593,618593,27.61,-0.043259880441928134,30.0,85.7,25.08,LOW,0.2815,0,Limited Adverse Evidence,LOW_PREDICTIVE_SIGNAL
618594,618594,23.25,-0.08038424602204891,30.0,90.0,21.87,LOW,0.3536,0,Limited Adverse Evidence,WATCH
618595,618595,59.82,-0.07981242317222453,60.0,90.0,53.55,HIGH,0.1457,0,Progress Stagnation,LOW_PREDICTIVE_SIGNAL
618596,618596,49.47,-0.05567255641982205,30.0,90.0,41.19,MEDIUM,0.1889,0,Limited Adverse Evidence,LOW_PREDICTIVE_SIGNAL
618597,618597,49.85,-0.00959507211959898,60.0,90.0,46.21,MEDIUM,0.3236,0,Progress Stagnation,WATCH
618598,618598,37.8,-0.11370542301182657,60.0,90.0,37.33,MEDIUM,0.1134,0,Progress Stagnation,LOW_PREDICTIVE_SIGNAL
618599,618599,33.95,-0.006891984859043354,60.0,90.0,34.49,MEDIUM,0.0684,0,Progress Stagnation,LOW_PREDICTIVE_SIGNAL
618600,618600,27.54,-0.049278615188153685,30.0,90.0,25.03,LOW,0.0103,0,Limited Adverse Evidence,LOW_PREDICTIVE_SIGNAL
618601,618601,0.0,0.02852207690414199,10.0,90.0,12.11,LOW,0.0748,0,Anomalous Project Pattern,LOW_PREDICTIVE_SIGNAL
618602,618602,0.0,0.031072449042008565,10.0,90.0,12.11,LOW,0.0727,0,Anomalous Project Pattern,LOW_PREDICTIVE_SIGNAL
618603,618603,2.56,-0.03311679198313511,10.0,90.0,3.47,LOW,0.1549,0,Limited Adverse Evidence,LOW_PREDICTIVE_SIGNAL
618604,618604,0.0,-0.10925110164119006,10.0,90.0,1.58,LOW,0.0853,0,Limited Adverse Evidence,LOW_PREDICTIVE_SIGNAL
618605,618605,22.94,-0.0895604530381891,30.0,90.0,21.64,LOW,0.282,0,Limited Adverse Evidence,LOW_PREDICTIVE_SIGNAL
618606,618606,48.86,-0.009400103305437835,60.0,90.0,45.48,MEDIUM,0.2114,0,Progress Stagnation,LOW_PREDICTIVE_SIGNAL
618607,618607,54.33,-0.02483239657683778,60.0,90.0,49.51,MEDIUM,0.4492,0,Progress Stagnation,WATCH
618608,618608,0.0,-0.10634929552319988,10.0,90.0,1.58,LOW,0.1508,0,Limited Adverse Evidence,LOW_PREDICTIVE_SIGNAL
618609,618609,0.0,-0.059369166744256574,10.0,85.7,1.58,LOW,0.3129,0,Limited Adverse Evidence,WATCH
618610,618610,78.07,-0.05912703052860152,60.0,90.0,67.0,HIGH,0.2477,0,High Cost Escalation; Progress Stagnation,LOW_PREDICTIVE_SIGNAL
618611,618611,39.08,-0.11710636691039655,60.0,85.7,38.27,MEDIUM,0.082,0,Progress Stagnation,LOW_PREDICTIVE_SIGNAL
618612,618612,35.71,-0.1053019245489325,60.0,90.0,35.79,MEDIUM,0.0405,0,Progress Stagnation,LOW_PREDICTIVE_SIGNAL
618613,618613,35.71,-0.10821632458581337,60.0,90.0,35.79,MEDIUM,0.0834,0,Progress Stagnation,LOW_PREDICTIVE_SIGNAL
618614,618614,100.0,-0.1316072032169236,60.0,56.4,83.16,CRITICAL,0.2305,0,Progress Stagnation,LOW_PREDICTIVE_SIGNAL
618615,618615,40.37,-0.10889990532195226,60.0,90.0,39.22,MEDIUM,0.1115,0,Progress Stagnation,LOW_PREDICTIVE_SIGNAL
618616,618616,0.0,-0.07030426723420652,10.0,90.0,1.58,LOW,0.2134,0,Limited Adverse Evidence,LOW_PREDICTIVE_SIGNAL
618617,618617,37.14,-0.11452011452682809,30.0,90.0,32.1,LOW,0.2568,0,Limited Adverse Evidence,LOW_PREDICTIVE_SIGNAL
618618,618618,41.79,-0.0554069979624196,30.0,90.0,35.53,MEDIUM,0.2854,0,Limited Adverse Evidence,LOW_PREDICTIVE_SIGNAL
618619,618619,49.96,-0.06267923679779824,60.0,90.0,46.29,MEDIUM,0.1116,0,Progress Stagnation,LOW_PREDICTIVE_SIGNAL
618620,618620,16.0,-0.12511343118886348,30.0,85.7,16.53,LOW,0.3749,0,Limited Adverse Evidence,WATCH
618621,618621,38.08,-0.09808044811199573,30.0,90.0,32.8,MEDIUM,0.1541,0,Limited Adverse Evidence,LOW_PREDICTIVE_SIGNAL
618622,618622,11.4,-0.09860213923090788,30.0,90.0,13.14,LOW,0.1933,0,Limited Adverse Evidence,LOW_PREDICTIVE_SIGNAL
618623,618623,8.24,-0.09693608069871373,30.0,85.7,10.81,LOW,0.0434,0,Limited Adverse Evidence,LOW_PREDICTIVE_SIGNAL
618624,618624,99.61,-0.13193270715063377,60.0,52.1,82.87,HIGH,0.3507,0,Progress Stagnation,WATCH
618625,618625,81.66,-0.13103026332082163,30.0,52.1,64.91,HIGH,0.097,0,Limited Adverse Evidence,LOW_PREDICTIVE_SIGNAL
618626,618626,0.0,-0.06095164141844267,10.0,85.7,1.58,LOW,0.2771,0,Limited Adverse Evidence,LOW_PREDICTIVE_SIGNAL
618627,618627,0.0,-0.07001106347407227,10.0,90.0,1.58,LOW,0.1315,0,Limited Adverse Evidence,LOW_PREDICTIVE_SIGNAL
618628,618628,13.07,-0.00041955859540049323,10.0,85.7,11.21,LOW,0.0716,0,Limited Adverse Evidence,LOW_PREDICTIVE_SIGNAL
618629,618629,40.04,-0.10685602196487892,60.0,85.7,38.98,MEDIUM,0.161,0,Progress Stagnation,LOW_PREDICTIVE_SIGNAL
618630,618630,0.0,-0.10183685274530158,30.0,90.0,4.74,LOW,0.0385,0,Limited Adverse Evidence,LOW_PREDICTIVE_SIGNAL
618631,618631,35.71,-0.11397782524526312,60.0,85.7,35.79,MEDIUM,0.0788,0,Progress Stagnation,LOW_PREDICTIVE_SIGNAL
618632,618632,14.61,-0.10379464018169354,30.0,90.0,15.5,LOW,0.146,0,Limited Adverse Evidence,LOW_PREDICTIVE_SIGNAL
618633,618633,0.51,-0.07452480004983125,30.0,77.1,5.11,LOW,0.0599,0,Limited Adverse Evidence,LOW_PREDICTIVE_SIGNAL
618634,618634,35.71,-0.1135625496919887,60.0,90.0,35.79,MEDIUM,0.1564,0,Progress Stagnation,LOW_PREDICTIVE_SIGNAL
618635,618635,0.0,-0.11201421993611504,10.0,90.0,1.58,LOW,0.5153,1,Limited Adverse Evidence,ELEVATED
618636,618636,1.51,-0.08961888252246847,10.0,85.7,2.69,LOW,0.387,0,Limited Adverse Evidence,WATCH
618637,618637,22.06,-0.11076897826780818,30.0,90.0,20.99,LOW,0.3681,0,Limited Adverse Evidence,WATCH
618638,618638,83.43,-0.12557799865339542,30.0,52.1,66.21,HIGH,0.2951,0,Limited Adverse Evidence,LOW_PREDICTIVE_SIGNAL
618639,618639,58.45,-0.0957408759129062,60.0,90.0,52.54,HIGH,0.1399,0,Progress Stagnation,LOW_PREDICTIVE_SIGNAL
618640,618640,16.72,-0.08002269082582109,10.0,85.7,13.9,LOW,0.1028,0,Limited Adverse Evidence,LOW_PREDICTIVE_SIGNAL
618641,618641,8.72,-0.05160352727317108,10.0,85.7,8.0,LOW,0.1982,0,Limited Adverse Evidence,LOW_PREDICTIVE_SIGNAL
618642,618642,29.52,-0.09736659623511684,30.0,90.0,26.49,LOW,0.215,0,Limited Adverse Evidence,LOW_PREDICTIVE_SIGNAL
618644,618644,48.56,-0.11840113019645204,60.0,90.0,45.25,MEDIUM,0.275,0,Progress Stagnation,LOW_PREDICTIVE_SIGNAL
618645,618645,37.13,-0.12432116306083801,60.0,90.0,36.83,MEDIUM,0.5294,1,Progress Stagnation,ELEVATED
618646,618646,35.71,-0.08483816337844197,30.0,57.9,31.05,LOW,0.0299,0,Limited Adverse Evidence,LOW_PREDICTIVE_SIGNAL
618647,618647,43.65,-0.12182842464549609,60.0,90.0,41.64,MEDIUM,0.3288,0,Progress Stagnation,WATCH
618648,618648,3.53,-0.0885648564877109,,53.6,3.09,LOW,0.0497,0,Limited Adverse Evidence,LOW_PREDICTIVE_SIGNAL
618649,618649,0.0,-0.09269353237239986,10.0,85.7,1.58,LOW,0.3207,0,Limited Adverse Evidence,WATCH
618650,618650,0.0,-0.08320327879085843,10.0,85.7,1.58,LOW,0.2012,0,Limited Adverse Evidence,LOW_PREDICTIVE_SIGNAL
618651,618651,0.0,-0.07530629737886868,10.0,90.0,1.58,LOW,0.1956,0,Limited Adverse Evidence,LOW_PREDICTIVE_SIGNAL
618652,618652,100.0,-0.13135685269033343,60.0,52.1,83.16,CRITICAL,0.1316,0,Progress Stagnation,LOW_PREDICTIVE_SIGNAL
618653,618653,78.43,0.04476461265396303,60.0,85.7,77.79,HIGH,0.1161,0,High Cost Escalation; Progress Stagnation,LOW_PREDICTIVE_SIGNAL
618654,618654,34.52,-0.11817562708156709,60.0,90.0,34.91,MEDIUM,0.6711,1,Progress Stagnation,ELEVATED
618655,618655,3.9,-0.012962744992491448,10.0,85.7,4.45,LOW,0.0335,0,Limited Adverse Evidence,LOW_PREDICTIVE_SIGNAL
618661,618661,0.36,-0.07545599929577973,10.0,90.0,1.84,LOW,0.2552,0,Limited Adverse Evidence,LOW_PREDICTIVE_SIGNAL
618662,618662,0.0,-0.06685525412591847,10.0,77.1,1.58,LOW,0.0559,0,Limited Adverse Evidence,LOW_PREDICTIVE_SIGNAL
618663,618663,0.0,-0.10557176094669912,10.0,90.0,1.58,LOW,0.0387,0,Limited Adverse Evidence,LOW_PREDICTIVE_SIGNAL
618664,618664,0.14,-0.11189372269914932,30.0,90.0,4.84,LOW,0.0808,0,Limited Adverse Evidence,LOW_PREDICTIVE_SIGNAL
618665,618665,0.0,-0.12228638634784811,10.0,56.4,1.58,LOW,0.1001,0,Limited Adverse Evidence,LOW_PREDICTIVE_SIGNAL
618666,618666,0.0,-0.046364142988629786,10.0,85.7,1.58,LOW,0.0578,0,Limited Adverse Evidence,LOW_PREDICTIVE_SIGNAL
618667,618667,0.0,-0.05460882804317452,10.0,90.0,1.58,LOW,0.2347,0,Limited Adverse Evidence,LOW_PREDICTIVE_SIGNAL
618668,618668,0.0,-0.05229450738363883,10.0,90.0,1.58,LOW,0.1208,0,Limited Adverse Evidence,LOW_PREDICTIVE_SIGNAL
618669,618669,0.0,-0.08218787858778431,10.0,85.7,1.58,LOW,0.2177,0,Limited Adverse Evidence,LOW_PREDICTIVE_SIGNAL
618671,618671,0.0,-0.027070781817358447,10.0,90.0,1.58,LOW,0.0754,0,Limited Adverse Evidence,LOW_PREDICTIVE_SIGNAL
618672,618672,0.0,-0.06091605941948808,10.0,90.0,1.58,LOW,0.1333,0,Limited Adverse Evidence,LOW_PREDICTIVE_SIGNAL
618673,618673,28.95,-0.10361038861950078,30.0,90.0,26.07,LOW,0.0781,0,Limited Adverse Evidence,LOW_PREDICTIVE_SIGNAL
618674,618674,28.67,-0.11073596328704827,30.0,90.0,25.86,LOW,0.0146,0,Limited Adverse Evidence,LOW_PREDICTIVE_SIGNAL
618675,618675,0.0,-0.11543341736189167,10.0,90.0,1.58,LOW,0.334,0,Limited Adverse Evidence,WATCH
618676,618676,81.26,-0.13079880885291978,30.0,56.4,64.61,HIGH,0.0833,0,Limited Adverse Evidence,LOW_PREDICTIVE_SIGNAL
618677,618677,30.18,-0.09634946574417996,30.0,90.0,26.97,LOW,0.0465,0,Limited Adverse Evidence,LOW_PREDICTIVE_SIGNAL
618678,618678,49.65,-0.09662313945853562,60.0,90.0,46.06,MEDIUM,0.0748,0,Progress Stagnation,LOW_PREDICTIVE_SIGNAL
618680,618680,36.36,-0.09271331647819697,30.0,90.0,31.53,LOW,0.042,0,Limited Adverse Evidence,LOW_PREDICTIVE_SIGNAL
618681,618681,13.09,-0.1047916958915196,30.0,90.0,14.38,LOW,0.0283,0,Limited Adverse Evidence,LOW_PREDICTIVE_SIGNAL
618682,618682,34.87,-0.1181250072021578,60.0,85.7,35.17,MEDIUM,0.1623,0,Progress Stagnation,LOW_PREDICTIVE_SIGNAL
618684,618684,6.2,-0.11821108075396292,30.0,85.7,9.31,LOW,0.1818,0,Limited Adverse Evidence,LOW_PREDICTIVE_SIGNAL
618685,618685,15.99,-0.11572779137053485,30.0,85.7,16.52,LOW,0.505,1,Limited Adverse Evidence,ELEVATED
618686,618686,10.85,-0.1131711568708283,30.0,85.7,12.73,LOW,0.3995,0,Limited Adverse Evidence,WATCH
618687,618687,23.6,-0.12855835041984232,30.0,90.0,22.13,LOW,0.2379,0,Limited Adverse Evidence,LOW_PREDICTIVE_SIGNAL
618688,618688,0.0,-0.06850614198751942,10.0,90.0,1.58,LOW,0.1358,0,Limited Adverse Evidence,LOW_PREDICTIVE_SIGNAL
618689,618689,100.0,-0.13102993963979293,,28.6,87.5,REVIEW_DATA,0.1398,0,Data review is required before risk escalation.,LOW_PREDICTIVE_SIGNAL
618690,618690,10.65,-0.09238091700035017,10.0,85.7,9.43,LOW,0.4135,0,Limited Adverse Evidence,WATCH
618691,618691,7.3,-0.0699338545430559,10.0,90.0,6.96,LOW,0.2215,0,Limited Adverse Evidence,LOW_PREDICTIVE_SIGNAL
618692,618692,100.0,-0.09430449611425196,60.0,56.4,83.16,CRITICAL,0.1527,0,Progress Stagnation,LOW_PREDICTIVE_SIGNAL
618693,618693,35.71,-0.1158578724322728,60.0,90.0,35.79,MEDIUM,0.1819,0,Progress Stagnation,LOW_PREDICTIVE_SIGNAL
618694,618694,5.0,-0.08861811155592952,30.0,90.0,8.42,LOW,0.0591,0,Limited Adverse Evidence,LOW_PREDICTIVE_SIGNAL
618695,618695,56.41,-0.12911749611887752,30.0,56.4,46.3,MEDIUM,0.3914,0,Limited Adverse Evidence,WATCH
618696,618696,,-0.13049571252206366,,24.3,0.0,REVIEW_DATA,0.1002,0,Data review is required before risk escalation.,LOW_PREDICTIVE_SIGNAL
618697,618697,11.27,-0.06233906081730872,30.0,90.0,13.04,LOW,0.3463,0,Limited Adverse Evidence,WATCH
618698,618698,90.14,-0.13014415785609434,60.0,52.1,75.89,HIGH,0.1745,0,Progress Stagnation,LOW_PREDICTIVE_SIGNAL
618699,618699,100.0,-0.13135685269033343,60.0,52.1,83.16,CRITICAL,0.1316,0,Progress Stagnation,LOW_PREDICTIVE_SIGNAL
618700,618700,57.64,-0.09560402096621429,60.0,90.0,51.95,HIGH,0.2526,0,Progress Stagnation,LOW_PREDICTIVE_SIGNAL
618701,618701,97.24,-0.12962706732568252,60.0,56.4,81.12,HIGH,0.7165,1,Progress Stagnation,HIGH_PREDICTIVE_SIGNAL
618702,618702,47.18,-0.0712129976438674,60.0,90.0,44.24,MEDIUM,0.1837,0,Progress Stagnation,LOW_PREDICTIVE_SIGNAL
618704,618704,35.57,-0.07823230646887147,60.0,85.7,35.68,MEDIUM,0.0624,0,Progress Stagnation,LOW_PREDICTIVE_SIGNAL
618705,618705,22.34,-0.07089352374539815,30.0,77.1,21.2,LOW,0.2707,0,Limited Adverse Evidence,LOW_PREDICTIVE_SIGNAL
618706,618706,50.51,0.05027247138285684,60.0,85.7,57.22,HIGH,0.0643,0,Progress Stagnation; Anomalous Project Pattern,LOW_PREDICTIVE_SIGNAL
618707,618707,0.0,-0.08232266897814594,10.0,90.0,1.58,LOW,0.0887,0,Limited Adverse Evidence,LOW_PREDICTIVE_SIGNAL
618708,618708,4.15,-0.021969634534712457,10.0,90.0,4.64,LOW,0.1116,0,Limited Adverse Evidence,LOW_PREDICTIVE_SIGNAL
618709,618709,28.3,-0.0968159235923754,30.0,90.0,25.59,LOW,0.057,0,Limited Adverse Evidence,LOW_PREDICTIVE_SIGNAL
618710,618710,35.71,-0.11125692574162649,60.0,90.0,35.79,MEDIUM,0.0404,0,Progress Stagnation,LOW_PREDICTIVE_SIGNAL
618711,618711,35.71,-0.09192204475280552,60.0,90.0,35.79,MEDIUM,0.0955,0,Progress Stagnation,LOW_PREDICTIVE_SIGNAL
618712,618712,17.12,-0.11040661994434192,30.0,90.0,17.35,LOW,0.3468,0,Limited Adverse Evidence,WATCH
618713,618713,0.0,-0.08741814473159815,10.0,90.0,1.58,LOW,0.2846,0,Limited Adverse Evidence,LOW_PREDICTIVE_SIGNAL
618714,618714,0.28,-0.10993627417460966,30.0,90.0,4.94,LOW,0.2381,0,Limited Adverse Evidence,LOW_PREDICTIVE_SIGNAL
618715,618715,14.3,-0.112885107709434,30.0,90.0,15.27,LOW,0.5726,1,Limited Adverse Evidence,ELEVATED
618716,618716,6.76,-0.10837350778198246,30.0,90.0,9.72,LOW,0.0626,0,Limited Adverse Evidence,LOW_PREDICTIVE_SIGNAL
618717,618717,0.07,-0.09739476314075546,30.0,90.0,4.79,LOW,0.109,0,Limited Adverse Evidence,LOW_PREDICTIVE_SIGNAL
618718,618718,0.0,-0.04942620270716436,10.0,90.0,1.58,LOW,0.1523,0,Limited Adverse Evidence,LOW_PREDICTIVE_SIGNAL
618719,618719,0.0,-0.08952131235967609,10.0,90.0,1.58,LOW,0.2287,0,Limited Adverse Evidence,LOW_PREDICTIVE_SIGNAL
618720,618720,0.0,-0.10164021819579261,10.0,90.0,1.58,LOW,0.2534,0,Limited Adverse Evidence,LOW_PREDICTIVE_SIGNAL
618721,618721,0.0,-0.10602148717019161,10.0,90.0,1.58,LOW,0.2404,0,Limited Adverse Evidence,LOW_PREDICTIVE_SIGNAL
618722,618722,0.0,-0.08381327221160634,10.0,90.0,1.58,LOW,0.2912,0,Limited Adverse Evidence,LOW_PREDICTIVE_SIGNAL
618723,618723,0.0,-0.09711236202623835,10.0,90.0,1.58,LOW,0.1853,0,Limited Adverse Evidence,LOW_PREDICTIVE_SIGNAL
618724,618724,0.15,-0.07481001315292224,10.0,90.0,1.69,LOW,0.1899,0,Limited Adverse Evidence,LOW_PREDICTIVE_SIGNAL
618725,618725,0.14,-0.04895743527135943,10.0,90.0,1.68,LOW,0.1127,0,Limited Adverse Evidence,LOW_PREDICTIVE_SIGNAL
618726,618726,5.12,-0.06847370260616958,10.0,90.0,5.35,LOW,0.1375,0,Limited Adverse Evidence,LOW_PREDICTIVE_SIGNAL
618727,618727,5.38,-0.07504042770884312,10.0,90.0,5.54,LOW,0.1605,0,Limited Adverse Evidence,LOW_PREDICTIVE_SIGNAL
618728,618728,5.76,-0.09821017546315303,10.0,85.7,5.82,LOW,0.4173,0,Limited Adverse Evidence,WATCH
618729,618729,45.77,-0.0779103050760252,,53.6,40.05,MEDIUM,0.0432,0,Limited Adverse Evidence,LOW_PREDICTIVE_SIGNAL
618730,618730,3.99,-0.08811989445074592,30.0,57.9,7.68,LOW,0.029,0,Limited Adverse Evidence,LOW_PREDICTIVE_SIGNAL
618731,618731,10.9,-0.08015594793027725,,49.3,9.54,LOW,0.0359,0,Limited Adverse Evidence,LOW_PREDICTIVE_SIGNAL
618732,618732,40.81,-0.08806658804923195,30.0,57.9,34.81,MEDIUM,0.0789,0,Limited Adverse Evidence,LOW_PREDICTIVE_SIGNAL
618733,618733,43.74,-0.07729503149427525,,53.6,38.27,MEDIUM,0.0455,0,Limited Adverse Evidence,LOW_PREDICTIVE_SIGNAL
618734,618734,9.0,-0.0705158679228633,10.0,90.0,8.21,LOW,0.1616,0,Limited Adverse Evidence,LOW_PREDICTIVE_SIGNAL
618735,618735,40.34,-0.10553857438263248,60.0,90.0,39.2,MEDIUM,0.1051,0,Progress Stagnation,LOW_PREDICTIVE_SIGNAL
618736,618736,0.0,-0.11191289523327769,10.0,85.7,1.58,LOW,0.3022,0,Limited Adverse Evidence,WATCH
618737,618737,57.14,0.08648202651897796,60.0,90.0,62.1,HIGH,0.014,0,High Expenditure Progress Gap; Progress Stagnation,LOW_PREDICTIVE_SIGNAL
618738,618738,14.37,-0.04679431261973255,30.0,90.0,15.33,LOW,0.5027,1,Limited Adverse Evidence,ELEVATED
618739,618739,1.66,-0.0962594370986507,10.0,90.0,2.8,LOW,0.2311,0,Limited Adverse Evidence,LOW_PREDICTIVE_SIGNAL
618740,618740,2.19,-0.09703944988303781,10.0,90.0,3.19,LOW,0.1483,0,Limited Adverse Evidence,LOW_PREDICTIVE_SIGNAL
618741,618741,19.49,-0.06899678849929358,30.0,90.0,19.1,LOW,0.2356,0,Limited Adverse Evidence,LOW_PREDICTIVE_SIGNAL
618742,618742,30.08,-0.08246842361414103,30.0,77.1,26.9,LOW,0.1878,0,Limited Adverse Evidence,LOW_PREDICTIVE_SIGNAL
618743,618743,100.0,-0.13135685269033343,60.0,52.1,83.16,CRITICAL,0.1316,0,Progress Stagnation,LOW_PREDICTIVE_SIGNAL
618744,618744,31.91,-0.0989611247361114,60.0,90.0,32.99,MEDIUM,0.1355,0,Progress Stagnation,LOW_PREDICTIVE_SIGNAL
618745,618745,80.47,-0.1308996844863357,30.0,56.4,64.03,HIGH,0.1298,0,Limited Adverse Evidence,LOW_PREDICTIVE_SIGNAL
618746,618746,68.16,-0.06522923955166543,30.0,90.0,54.96,HIGH,0.0646,0,High Cost Escalation,LOW_PREDICTIVE_SIGNAL
618747,618747,65.97,-0.07689119240511583,60.0,90.0,58.08,HIGH,0.1119,0,High Cost Escalation; Progress Stagnation,LOW_PREDICTIVE_SIGNAL
618748,618748,100.0,-0.13135685269033343,60.0,56.4,83.16,CRITICAL,0.1316,0,Progress Stagnation,LOW_PREDICTIVE_SIGNAL
618749,618749,59.76,-0.12506915567690702,30.0,60.7,48.77,MEDIUM,0.1676,0,Limited Adverse Evidence,LOW_PREDICTIVE_SIGNAL
618751,618751,36.91,-0.12643484302749586,60.0,90.0,36.67,MEDIUM,0.6296,1,Progress Stagnation,ELEVATED
618754,618754,5.95,-0.04888982034758865,10.0,85.7,5.96,LOW,0.0874,0,Limited Adverse Evidence,LOW_PREDICTIVE_SIGNAL
618755,618755,0.0,-0.10544041239481938,10.0,52.1,1.58,LOW,0.0526,0,Limited Adverse Evidence,LOW_PREDICTIVE_SIGNAL
618756,618756,0.0,-0.10085186053592765,10.0,90.0,1.58,LOW,0.0356,0,Limited Adverse Evidence,LOW_PREDICTIVE_SIGNAL
618757,618757,40.84,-0.09012029302989405,60.0,85.7,39.57,MEDIUM,0.3737,0,Progress Stagnation,WATCH
618758,618758,1.8,-0.07349475359719249,10.0,85.7,2.91,LOW,0.0822,0,Limited Adverse Evidence,LOW_PREDICTIVE_SIGNAL
618759,618759,38.11,-0.12108856445077398,60.0,90.0,37.55,MEDIUM,0.2013,0,Progress Stagnation,LOW_PREDICTIVE_SIGNAL
618760,618760,100.0,-0.13271242338123995,60.0,56.4,83.16,CRITICAL,0.3057,0,Progress Stagnation,WATCH
618761,618761,23.32,-0.11711613233037865,30.0,90.0,21.92,LOW,0.0968,0,Limited Adverse Evidence,LOW_PREDICTIVE_SIGNAL
618762,618762,35.71,-0.09884971377943658,60.0,85.7,35.79,MEDIUM,0.1155,0,Progress Stagnation,LOW_PREDICTIVE_SIGNAL
618764,618764,49.87,-0.12134518645122483,60.0,90.0,46.22,MEDIUM,0.3563,0,Progress Stagnation,WATCH
618765,618765,45.7,-0.09891868514311492,60.0,90.0,43.15,MEDIUM,0.1056,0,Progress Stagnation,LOW_PREDICTIVE_SIGNAL
618766,618766,0.0,-0.06533905094407955,10.0,85.7,1.58,LOW,0.1868,0,Limited Adverse Evidence,LOW_PREDICTIVE_SIGNAL
618768,618768,22.19,-0.051114199977664865,30.0,77.1,21.09,LOW,0.2642,0,Limited Adverse Evidence,LOW_PREDICTIVE_SIGNAL
618769,618769,2.48,-0.07741119701510751,10.0,90.0,3.41,LOW,0.1862,0,Limited Adverse Evidence,LOW_PREDICTIVE_SIGNAL
618770,618770,95.46,-0.13508442827029982,60.0,56.4,79.81,HIGH,0.6306,1,Progress Stagnation,ELEVATED
618771,618771,96.25,-0.13055008704058324,60.0,56.4,80.39,HIGH,0.2513,0,Progress Stagnation,LOW_PREDICTIVE_SIGNAL
618772,618772,29.97,-0.09984304166975566,30.0,90.0,26.82,LOW,0.0167,0,Limited Adverse Evidence,LOW_PREDICTIVE_SIGNAL
618773,618773,100.0,-0.13135685269033343,60.0,52.1,83.16,CRITICAL,0.1316,0,Progress Stagnation,LOW_PREDICTIVE_SIGNAL
618774,618774,100.0,-0.13135685269033343,60.0,56.4,83.16,CRITICAL,0.1316,0,Progress Stagnation,LOW_PREDICTIVE_SIGNAL
618775,618775,0.0,-0.07590728877456143,10.0,90.0,1.58,LOW,0.3943,0,Limited Adverse Evidence,WATCH
618776,618776,8.83,-0.04254233903230226,10.0,85.7,8.09,LOW,0.1246,0,Limited Adverse Evidence,LOW_PREDICTIVE_SIGNAL
618777,618777,35.71,-0.047938720381418165,60.0,90.0,35.79,MEDIUM,0.3655,0,Progress Stagnation,WATCH
618778,618778,39.64,-0.11745602380992132,60.0,90.0,38.68,MEDIUM,0.1571,0,Progress Stagnation,LOW_PREDICTIVE_SIGNAL
618779,618779,90.14,-0.13172692676708836,60.0,56.4,75.89,HIGH,0.2677,0,Progress Stagnation,LOW_PREDICTIVE_SIGNAL
618782,618782,0.0,-0.12238734304927285,10.0,85.7,1.58,LOW,0.2094,0,Limited Adverse Evidence,LOW_PREDICTIVE_SIGNAL
618783,618783,0.0,-0.10824175809127518,10.0,85.7,1.58,LOW,0.2763,0,Limited Adverse Evidence,LOW_PREDICTIVE_SIGNAL
618784,618784,35.71,-0.1293145113046597,60.0,85.7,35.79,MEDIUM,0.4974,0,Progress Stagnation,WATCH
618785,618785,37.3,-0.12039691051328427,30.0,90.0,32.22,LOW,0.2329,0,Limited Adverse Evidence,LOW_PREDICTIVE_SIGNAL
618786,618786,28.47,-0.045879491475173395,10.0,85.7,22.56,LOW,0.2415,0,Limited Adverse Evidence,LOW_PREDICTIVE_SIGNAL
618787,618787,50.16,-0.1024921247665933,60.0,90.0,46.43,MEDIUM,0.1098,0,Progress Stagnation,LOW_PREDICTIVE_SIGNAL
618788,618788,52.49,-0.10369173115735347,60.0,90.0,48.15,MEDIUM,0.2326,0,Progress Stagnation,LOW_PREDICTIVE_SIGNAL
618789,618789,100.0,-0.13224011681138098,,28.6,87.5,REVIEW_DATA,0.171,0,Data review is required before risk escalation.,LOW_PREDICTIVE_SIGNAL
618790,618790,5.13,-0.0910566946044516,10.0,77.1,5.36,LOW,0.2157,0,Limited Adverse Evidence,LOW_PREDICTIVE_SIGNAL
618791,618791,7.85,-0.05268373965230161,10.0,90.0,7.36,LOW,0.1812,0,Limited Adverse Evidence,LOW_PREDICTIVE_SIGNAL
618792,618792,35.71,-0.09514528979708481,60.0,90.0,35.79,MEDIUM,0.0958,0,Progress Stagnation,LOW_PREDICTIVE_SIGNAL
618793,618793,11.83,-0.0998417775304814,10.0,85.7,10.3,LOW,0.0707,0,Limited Adverse Evidence,LOW_PREDICTIVE_SIGNAL
618794,618794,35.71,-0.09851003654460938,60.0,90.0,35.79,MEDIUM,0.0853,0,Progress Stagnation,LOW_PREDICTIVE_SIGNAL
618795,618795,34.84,-0.07727285800102446,30.0,90.0,30.41,LOW,0.2147,0,Limited Adverse Evidence,LOW_PREDICTIVE_SIGNAL
618796,618796,35.85,-0.10588148836046529,60.0,90.0,35.89,MEDIUM,0.4402,0,Progress Stagnation,WATCH
618797,618797,0.0,-0.02769014771935968,10.0,90.0,1.58,LOW,0.0502,0,Limited Adverse Evidence,LOW_PREDICTIVE_SIGNAL
618798,618798,0.49,-0.10842494871937275,30.0,90.0,5.1,LOW,0.0491,0,Limited Adverse Evidence,LOW_PREDICTIVE_SIGNAL
618799,618799,18.17,-0.09036217799115287,30.0,90.0,18.13,LOW,0.1155,0,Limited Adverse Evidence,LOW_PREDICTIVE_SIGNAL
618800,618800,31.56,-0.10221788884424743,60.0,90.0,32.73,MEDIUM,0.5665,1,Progress Stagnation,ELEVATED
618801,618801,29.59,-0.10468622989925647,30.0,90.0,26.54,LOW,0.6093,1,Limited Adverse Evidence,ELEVATED
618803,618803,28.33,-0.10919007246363743,30.0,90.0,25.61,LOW,0.1563,0,Limited Adverse Evidence,LOW_PREDICTIVE_SIGNAL
618804,618804,27.3,-0.11162594293015471,30.0,90.0,24.85,LOW,0.3598,0,Limited Adverse Evidence,WATCH
618805,618805,19.08,-0.08202995308207339,30.0,85.7,18.8,LOW,0.0992,0,Limited Adverse Evidence,LOW_PREDICTIVE_SIGNAL
618806,618806,35.71,-0.12943845589946074,60.0,85.7,35.79,MEDIUM,0.4057,0,Progress Stagnation,WATCH
618807,618807,14.13,-0.07954878253779113,10.0,90.0,11.99,LOW,0.1116,0,Limited Adverse Evidence,LOW_PREDICTIVE_SIGNAL
618808,618808,17.12,-0.11299891915725713,30.0,85.7,17.35,LOW,0.6565,1,Limited Adverse Evidence,ELEVATED
618809,618809,32.55,-0.11218972995662863,30.0,90.0,28.72,LOW,0.5472,1,Limited Adverse Evidence,ELEVATED
618810,618810,22.26,-0.121666381360934,30.0,90.0,21.14,LOW,0.3436,0,Limited Adverse Evidence,WATCH
618811,618811,8.66,-0.06573223694320973,10.0,90.0,7.96,LOW,0.0421,0,Limited Adverse Evidence,LOW_PREDICTIVE_SIGNAL
618812,618812,23.7,-0.08392570428750812,30.0,85.7,22.2,LOW,0.4406,0,Limited Adverse Evidence,WATCH
618813,618813,21.45,-0.0882877259585057,30.0,85.7,20.54,LOW,0.3573,0,Limited Adverse Evidence,WATCH
618814,618814,41.82,-0.06775373400357171,60.0,85.7,40.29,MEDIUM,0.1225,0,Progress Stagnation,LOW_PREDICTIVE_SIGNAL
618815,618815,0.0,-0.09030916360208702,10.0,85.7,1.58,LOW,0.0756,0,Limited Adverse Evidence,LOW_PREDICTIVE_SIGNAL
618816,618816,3.44,-0.08054436702539158,30.0,85.7,7.27,LOW,0.2998,0,Limited Adverse Evidence,LOW_PREDICTIVE_SIGNAL
618817,618817,12.51,-0.10883644657071001,30.0,90.0,13.95,LOW,0.7319,1,Limited Adverse Evidence,HIGH_PREDICTIVE_SIGNAL
618818,618818,25.92,-0.06059032006400705,30.0,85.7,23.84,LOW,0.3933,0,Limited Adverse Evidence,WATCH
618819,618819,100.0,-0.13137614243589457,60.0,56.4,83.16,CRITICAL,0.2599,0,Progress Stagnation,LOW_PREDICTIVE_SIGNAL
618820,618820,34.15,-0.11021775894805602,30.0,90.0,29.9,LOW,0.0836,0,Limited Adverse Evidence,LOW_PREDICTIVE_SIGNAL
618821,618821,2.05,-0.08952918860108572,10.0,90.0,3.09,LOW,0.0619,0,Limited Adverse Evidence,LOW_PREDICTIVE_SIGNAL
618822,618822,4.37,-0.10065444886605363,30.0,85.7,7.96,LOW,0.132,0,Limited Adverse Evidence,LOW_PREDICTIVE_SIGNAL
618823,618823,0.0,-0.10458655846773784,10.0,85.7,1.58,LOW,0.4758,0,Limited Adverse Evidence,WATCH
618824,618824,0.0,-0.11364844909589722,10.0,85.7,1.58,LOW,0.2814,0,Limited Adverse Evidence,LOW_PREDICTIVE_SIGNAL
618825,618825,34.35,-0.0978132790283413,60.0,90.0,34.78,MEDIUM,0.2813,0,Progress Stagnation,LOW_PREDICTIVE_SIGNAL
618826,618826,29.09,-0.12177101406907181,30.0,90.0,26.17,LOW,0.0558,0,Limited Adverse Evidence,LOW_PREDICTIVE_SIGNAL
618827,618827,0.0,-0.0771257660148722,10.0,90.0,1.58,LOW,0.1426,0,Limited Adverse Evidence,LOW_PREDICTIVE_SIGNAL
618828,618828,99.61,-0.13478046865857085,60.0,56.4,82.87,HIGH,0.3961,0,Progress Stagnation,WATCH
618829,618829,91.12,-0.1335526747122166,60.0,56.4,76.61,HIGH,0.2904,0,Progress Stagnation,LOW_PREDICTIVE_SIGNAL
618830,618830,41.3,-0.12446854747881247,60.0,90.0,39.91,MEDIUM,0.422,0,Progress Stagnation,WATCH
618831,618831,18.95,-0.08820543975842088,30.0,85.7,18.7,LOW,0.6673,1,Limited Adverse Evidence,ELEVATED
618832,618832,5.98,-0.07490785095300262,10.0,85.7,5.99,LOW,0.1044,0,Limited Adverse Evidence,LOW_PREDICTIVE_SIGNAL
618833,618833,100.0,-0.12299738126929544,60.0,60.7,83.16,CRITICAL,0.1829,0,Progress Stagnation,LOW_PREDICTIVE_SIGNAL
618834,618834,100.0,-0.13158792662514363,60.0,56.4,83.16,CRITICAL,0.1259,0,Progress Stagnation,LOW_PREDICTIVE_SIGNAL
618835,618835,100.0,-0.13135685269033343,60.0,56.4,83.16,CRITICAL,0.1316,0,Progress Stagnation,LOW_PREDICTIVE_SIGNAL
618836,618836,18.88,-0.07932730182418568,30.0,90.0,18.65,LOW,0.6435,1,Limited Adverse Evidence,ELEVATED
618837,618837,18.1,-0.09853236089260331,30.0,90.0,18.07,LOW,0.3169,0,Limited Adverse Evidence,WATCH
618838,618838,28.67,-0.09034558844043578,30.0,90.0,25.86,LOW,0.0956,0,Limited Adverse Evidence,LOW_PREDICTIVE_SIGNAL
618839,618839,100.0,-0.13135685269033343,60.0,56.4,83.16,CRITICAL,0.1259,0,Progress Stagnation,LOW_PREDICTIVE_SIGNAL
618840,618840,56.93,-0.08774573192689478,60.0,90.0,51.42,MEDIUM,0.1423,0,Progress Stagnation,LOW_PREDICTIVE_SIGNAL
618841,618841,26.54,-0.07914574195819402,30.0,90.0,24.29,LOW,0.0516,0,Limited Adverse Evidence,LOW_PREDICTIVE_SIGNAL
618842,618842,46.91,-0.07726734906196481,,53.6,41.05,MEDIUM,0.0179,0,Limited Adverse Evidence,LOW_PREDICTIVE_SIGNAL
618843,618843,7.06,-0.058319462403419564,10.0,90.0,6.78,LOW,0.1578,0,Limited Adverse Evidence,LOW_PREDICTIVE_SIGNAL
618844,618844,35.71,-0.1007229479203623,60.0,85.7,35.79,MEDIUM,0.159,0,Progress Stagnation,LOW_PREDICTIVE_SIGNAL
618845,618845,35.71,-0.0871742324480484,60.0,90.0,35.79,MEDIUM,0.2471,0,Progress Stagnation,LOW_PREDICTIVE_SIGNAL
618846,618846,35.71,-0.1022068652688502,60.0,85.7,35.79,MEDIUM,0.061,0,Progress Stagnation,LOW_PREDICTIVE_SIGNAL
618847,618847,12.47,-0.1059671672557827,30.0,90.0,13.93,LOW,0.1529,0,Limited Adverse Evidence,LOW_PREDICTIVE_SIGNAL
618848,618848,0.0,-0.04921004936482043,10.0,90.0,1.58,LOW,0.3838,0,Limited Adverse Evidence,WATCH
618849,618849,100.0,-0.13135685269033343,60.0,56.4,83.16,CRITICAL,0.1316,0,Progress Stagnation,LOW_PREDICTIVE_SIGNAL
618850,618850,43.8,-0.07416928916783255,60.0,90.0,41.75,MEDIUM,0.0975,0,Progress Stagnation,LOW_PREDICTIVE_SIGNAL
618851,618851,54.81,-0.04812350748976779,60.0,85.7,49.86,MEDIUM,0.2028,0,Progress Stagnation,LOW_PREDICTIVE_SIGNAL
618852,618852,36.04,-0.11163703360446658,60.0,90.0,36.03,MEDIUM,0.0573,0,Progress Stagnation,LOW_PREDICTIVE_SIGNAL
618853,618853,0.0,-0.08187454476329331,10.0,85.7,1.58,LOW,0.2634,0,Limited Adverse Evidence,LOW_PREDICTIVE_SIGNAL
618854,618854,96.06,-0.131936424593519,60.0,56.4,80.25,HIGH,0.3057,0,Progress Stagnation,WATCH
618855,618855,96.06,-0.13055008704058324,60.0,56.4,80.25,HIGH,0.2513,0,Progress Stagnation,LOW_PREDICTIVE_SIGNAL
618856,618856,6.33,-0.11099477211736114,10.0,90.0,6.24,LOW,0.2436,0,Limited Adverse Evidence,LOW_PREDICTIVE_SIGNAL
618858,618858,0.0,-0.11701683910512806,10.0,85.7,1.58,LOW,0.1524,0,Limited Adverse Evidence,LOW_PREDICTIVE_SIGNAL
618859,618859,35.71,-0.11310040179186681,60.0,90.0,35.79,MEDIUM,0.3078,0,Progress Stagnation,WATCH
618861,618861,70.88,-0.08318354542056983,60.0,90.0,61.7,HIGH,0.2292,0,High Cost Escalation; Progress Stagnation,LOW_PREDICTIVE_SIGNAL
618862,618862,61.78,-0.08708625498316158,60.0,85.7,55.0,HIGH,0.1417,0,Progress Stagnation,LOW_PREDICTIVE_SIGNAL
618863,618863,51.6,-0.08626803844988579,60.0,85.7,47.49,MEDIUM,0.0922,0,Progress Stagnation,LOW_PREDICTIVE_SIGNAL
618864,618864,80.28,-0.13066814091526502,30.0,56.4,63.89,HIGH,0.0813,0,Limited Adverse Evidence,LOW_PREDICTIVE_SIGNAL
618865,618865,80.47,-0.13066814091526502,30.0,56.4,64.03,HIGH,0.0833,0,Limited Adverse Evidence,LOW_PREDICTIVE_SIGNAL
618866,618866,6.28,0.00879621053495383,10.0,90.0,16.73,LOW,0.0741,0,Anomalous Project Pattern,LOW_PREDICTIVE_SIGNAL
618867,618867,0.0,-0.07377718827565377,10.0,90.0,1.58,LOW,0.1353,0,Limited Adverse Evidence,LOW_PREDICTIVE_SIGNAL
618868,618868,0.0,-0.05647327839036165,10.0,85.7,1.58,LOW,0.1247,0,Limited Adverse Evidence,LOW_PREDICTIVE_SIGNAL
618869,618869,54.17,0.00013811151535708666,10.0,90.0,52.02,HIGH,0.3956,0,High Cost Escalation; Anomalous Project Pattern,WATCH
618870,618870,42.86,0.004371844090713006,10.0,85.7,43.69,MEDIUM,0.2502,0,High Cost Escalation; Anomalous Project Pattern,LOW_PREDICTIVE_SIGNAL
618871,618871,15.98,-0.05129821376420157,10.0,90.0,13.35,LOW,0.1866,0,High Expenditure Progress Gap,LOW_PREDICTIVE_SIGNAL
618872,618872,8.57,-0.07789872485999311,30.0,85.7,11.05,LOW,0.1864,0,Limited Adverse Evidence,LOW_PREDICTIVE_SIGNAL
618873,618873,20.77,-0.056221587273537155,30.0,85.7,20.04,LOW,0.2377,0,High Expenditure Progress Gap,LOW_PREDICTIVE_SIGNAL
618874,618874,100.0,-0.13158792662514363,60.0,52.1,83.16,CRITICAL,0.119,0,Progress Stagnation,LOW_PREDICTIVE_SIGNAL
618875,618875,45.53,-0.09400310525506678,60.0,85.7,43.02,MEDIUM,0.2157,0,Progress Stagnation,LOW_PREDICTIVE_SIGNAL
618876,618876,,-0.13224011681138098,,24.3,0.0,REVIEW_DATA,0.1614,0,Data review is required before risk escalation.,LOW_PREDICTIVE_SIGNAL
618878,618878,24.78,-0.10204168732367935,30.0,90.0,23.0,LOW,0.0594,0,Limited Adverse Evidence,LOW_PREDICTIVE_SIGNAL
618879,618879,0.0,-0.08185903471793216,10.0,85.7,1.58,LOW,0.0599,0,Limited Adverse Evidence,LOW_PREDICTIVE_SIGNAL
618880,618880,13.12,-0.08029973819741176,30.0,85.7,14.4,LOW,0.1687,0,Limited Adverse Evidence,LOW_PREDICTIVE_SIGNAL
618881,618881,9.88,-0.08990548593881686,10.0,90.0,8.86,LOW,0.1356,0,Limited Adverse Evidence,LOW_PREDICTIVE_SIGNAL
618882,618882,0.0,-0.07733624762279367,10.0,90.0,1.58,LOW,0.1643,0,Limited Adverse Evidence,LOW_PREDICTIVE_SIGNAL
618883,618883,29.44,-0.08575241241198212,30.0,90.0,26.43,LOW,0.0903,0,Limited Adverse Evidence,LOW_PREDICTIVE_SIGNAL
618884,618884,15.29,-0.1031562848304508,30.0,90.0,16.0,LOW,0.1187,0,Limited Adverse Evidence,LOW_PREDICTIVE_SIGNAL
618885,618885,0.0,-0.10214130522078485,10.0,90.0,1.58,LOW,0.0328,0,Limited Adverse Evidence,LOW_PREDICTIVE_SIGNAL
618886,618886,21.43,0.2743634173824119,10.0,90.0,27.9,LOW,0.097,0,High Expenditure Progress Gap; Anomalous Project Pattern,LOW_PREDICTIVE_SIGNAL
618887,618887,40.07,-0.0840043664447448,30.0,90.0,34.26,MEDIUM,0.1929,0,Limited Adverse Evidence,LOW_PREDICTIVE_SIGNAL
618888,618888,11.7,-0.06416035780993079,10.0,90.0,10.2,LOW,0.2579,0,Limited Adverse Evidence,LOW_PREDICTIVE_SIGNAL
618889,618889,59.88,-0.08536025077726356,60.0,90.0,53.6,HIGH,0.1094,0,Progress Stagnation,LOW_PREDICTIVE_SIGNAL
618890,618890,24.35,-0.11329547816827013,30.0,90.0,22.68,LOW,0.3248,0,Limited Adverse Evidence,WATCH
618891,618891,0.0,-0.04701643384339482,10.0,85.7,1.58,LOW,0.0553,0,Limited Adverse Evidence,LOW_PREDICTIVE_SIGNAL
618892,618892,21.34,-0.08304878654566333,,53.6,18.67,LOW,0.1305,0,Limited Adverse Evidence,LOW_PREDICTIVE_SIGNAL
618893,618893,47.35,0.031067621043442073,60.0,85.7,54.89,HIGH,0.0998,0,Progress Stagnation; Anomalous Project Pattern,LOW_PREDICTIVE_SIGNAL
618894,618894,0.0,-0.07418062500254619,10.0,90.0,1.58,LOW,0.0294,0,Limited Adverse Evidence,LOW_PREDICTIVE_SIGNAL
618895,618895,23.95,-0.10991652210637232,30.0,90.0,22.38,LOW,0.1321,0,Limited Adverse Evidence,LOW_PREDICTIVE_SIGNAL
618896,618896,29.7,-0.09135317869165427,10.0,90.0,23.46,LOW,0.0724,0,Limited Adverse Evidence,LOW_PREDICTIVE_SIGNAL
618897,618897,100.0,-0.13135685269033343,60.0,56.4,83.16,CRITICAL,0.1316,0,Progress Stagnation,LOW_PREDICTIVE_SIGNAL
618898,618898,0.0,-0.06783608969100363,10.0,85.7,1.58,LOW,0.1099,0,Limited Adverse Evidence,LOW_PREDICTIVE_SIGNAL
618899,618899,35.71,-0.10484442426579654,60.0,85.7,35.79,MEDIUM,0.1512,0,Progress Stagnation,LOW_PREDICTIVE_SIGNAL
618901,618901,18.67,-0.11499181147866372,30.0,85.7,18.49,LOW,0.1985,0,Limited Adverse Evidence,LOW_PREDICTIVE_SIGNAL
618902,618902,44.62,-0.049821549022893485,30.0,90.0,37.61,MEDIUM,0.0905,0,High Cost Escalation,LOW_PREDICTIVE_SIGNAL
618903,618903,17.78,-0.09204949122495426,30.0,90.0,17.84,LOW,0.1599,0,Limited Adverse Evidence,LOW_PREDICTIVE_SIGNAL
618904,618904,100.0,-0.12280006905831864,60.0,60.7,83.16,CRITICAL,0.2047,0,Progress Stagnation,LOW_PREDICTIVE_SIGNAL
618905,618905,7.78,-0.10516857657510531,10.0,85.7,7.31,LOW,0.1679,0,Limited Adverse Evidence,LOW_PREDICTIVE_SIGNAL
618906,618906,65.89,-0.07846001233148286,30.0,90.0,53.29,HIGH,0.5033,1,High Cost Escalation,ELEVATED
618907,618907,44.74,-0.06351904961586713,30.0,85.7,37.7,MEDIUM,0.1798,0,High Expenditure Progress Gap,LOW_PREDICTIVE_SIGNAL
618908,618908,57.14,-0.05533066175054935,60.0,90.0,51.58,HIGH,0.287,0,High Expenditure Progress Gap; Progress Stagnation,LOW_PREDICTIVE_SIGNAL
618909,618909,38.52,-0.06536644137236453,60.0,90.0,37.86,MEDIUM,0.0992,0,Progress Stagnation,LOW_PREDICTIVE_SIGNAL
618910,618910,100.0,-0.13381491528901457,60.0,60.7,83.16,CRITICAL,0.3596,0,Progress Stagnation,WATCH
618911,618911,35.71,-0.12255702339939722,60.0,90.0,35.79,MEDIUM,0.4998,0,Progress Stagnation,WATCH
618912,618912,38.86,-0.12725521031102743,30.0,52.1,33.37,MEDIUM,0.1947,0,Limited Adverse Evidence,LOW_PREDICTIVE_SIGNAL
618913,618913,89.74,-0.13192087214599435,60.0,56.4,75.6,HIGH,0.2443,0,Progress Stagnation,LOW_PREDICTIVE_SIGNAL
618914,618914,0.0,-0.0736501444606037,10.0,85.7,1.58,LOW,0.18,0,Limited Adverse Evidence,LOW_PREDICTIVE_SIGNAL
618915,618915,99.8,-0.13527443750805063,60.0,56.4,83.01,HIGH,0.4531,0,Progress Stagnation,WATCH
618916,618916,100.0,-0.13478046865857085,60.0,56.4,83.16,CRITICAL,0.4531,0,Progress Stagnation,WATCH
618917,618917,0.0,-0.07116188908004267,10.0,85.7,1.58,LOW,0.2776,0,Limited Adverse Evidence,LOW_PREDICTIVE_SIGNAL
618919,618919,81.46,-0.13079880885291978,30.0,56.4,64.76,HIGH,0.0833,0,Limited Adverse Evidence,LOW_PREDICTIVE_SIGNAL
618920,618920,0.0,-0.09167220219568623,10.0,85.7,1.58,LOW,0.227,0,Limited Adverse Evidence,LOW_PREDICTIVE_SIGNAL
618921,618921,35.03,-0.06026033985653523,10.0,90.0,27.39,LOW,0.4047,0,High Cost Escalation,WATCH
618922,618922,65.54,-0.058019964395683354,85.0,85.7,61.71,HIGH,0.5195,1,Progress Deterioration,ELEVATED
618923,618923,12.68,-0.0862962520869871,30.0,85.7,14.08,LOW,0.1065,0,Limited Adverse Evidence,LOW_PREDICTIVE_SIGNAL
618924,618924,0.0,-0.07824388929101139,10.0,85.7,1.58,LOW,0.0907,0,Limited Adverse Evidence,LOW_PREDICTIVE_SIGNAL
618925,618925,25.29,-0.10715652053266533,30.0,90.0,23.37,LOW,0.0677,0,Limited Adverse Evidence,LOW_PREDICTIVE_SIGNAL
618926,618926,62.12,-0.033447433394054704,30.0,85.7,50.51,MEDIUM,0.5914,1,Limited Adverse Evidence,ELEVATED
618927,618927,0.0,-0.11036622300910726,10.0,85.7,1.58,LOW,0.083,0,Limited Adverse Evidence,LOW_PREDICTIVE_SIGNAL
618928,618928,0.0,-0.08181541069621107,10.0,90.0,1.58,LOW,0.1586,0,Limited Adverse Evidence,LOW_PREDICTIVE_SIGNAL
618929,618929,0.06,-0.11640104831779768,10.0,85.7,1.62,LOW,0.1349,0,Limited Adverse Evidence,LOW_PREDICTIVE_SIGNAL
618930,618930,0.0,-0.05653732092880415,10.0,81.4,1.58,LOW,0.0647,0,Limited Adverse Evidence,LOW_PREDICTIVE_SIGNAL
618931,618931,2.64,-0.044745797385554065,10.0,90.0,3.52,LOW,0.0931,0,Limited Adverse Evidence,LOW_PREDICTIVE_SIGNAL
618932,618932,12.34,-0.018491240166248257,10.0,90.0,10.67,LOW,0.1205,0,Limited Adverse Evidence,LOW_PREDICTIVE_SIGNAL
618933,618933,21.38,0.01718579124013797,10.0,85.7,27.86,LOW,0.3559,0,High Expenditure Progress Gap; Anomalous Project Pattern,WATCH
618934,618934,39.34,-0.05320744014056572,60.0,90.0,38.46,MEDIUM,0.1127,0,Progress Stagnation,LOW_PREDICTIVE_SIGNAL
618935,618935,100.0,-0.13135685269033343,60.0,56.4,83.16,CRITICAL,0.1379,0,Progress Stagnation,LOW_PREDICTIVE_SIGNAL
618936,618936,7.03,-0.0892199360531189,30.0,90.0,9.92,LOW,0.105,0,Limited Adverse Evidence,LOW_PREDICTIVE_SIGNAL
618937,618937,50.1,-0.11272261279734341,60.0,90.0,46.39,MEDIUM,0.3174,0,Progress Stagnation,WATCH
618938,618938,100.0,-0.13049817535207098,60.0,56.4,83.16,CRITICAL,0.2605,0,Progress Stagnation,LOW_PREDICTIVE_SIGNAL
618939,618939,0.0,-0.05913980386080703,10.0,90.0,1.58,LOW,0.2871,0,Limited Adverse Evidence,LOW_PREDICTIVE_SIGNAL
618941,618941,14.29,-0.09307254220252259,10.0,85.7,12.11,LOW,0.2111,0,Limited Adverse Evidence,LOW_PREDICTIVE_SIGNAL
618942,618942,19.86,-0.09954162506742559,30.0,90.0,19.37,LOW,0.4539,0,Limited Adverse Evidence,WATCH
618943,618943,100.0,-0.128589993140452,60.0,56.4,83.16,CRITICAL,0.2997,0,Progress Stagnation,LOW_PREDICTIVE_SIGNAL
618944,618944,24.92,-0.05160141718572481,10.0,85.7,19.94,LOW,0.3026,0,Limited Adverse Evidence,WATCH
618945,618945,60.86,-0.0858486278184819,60.0,90.0,54.32,HIGH,0.0436,0,Progress Stagnation,LOW_PREDICTIVE_SIGNAL
618946,618946,90.14,-0.13037605873402897,60.0,56.4,75.89,HIGH,0.2061,0,Progress Stagnation,LOW_PREDICTIVE_SIGNAL
618947,618947,35.86,-0.12201309738583133,60.0,90.0,35.9,MEDIUM,0.6257,1,Progress Stagnation,ELEVATED
618948,618948,19.65,-0.06842347788230074,30.0,90.0,19.22,LOW,0.1535,0,Limited Adverse Evidence,LOW_PREDICTIVE_SIGNAL
618949,618949,11.66,-0.11018974638767048,30.0,90.0,13.33,LOW,0.0138,0,Limited Adverse Evidence,LOW_PREDICTIVE_SIGNAL
618950,618950,0.0,-0.08357294259371306,10.0,90.0,1.58,LOW,0.0845,0,Limited Adverse Evidence,LOW_PREDICTIVE_SIGNAL
618951,618951,39.12,-0.12007989142825298,60.0,90.0,38.3,MEDIUM,0.6227,1,Progress Stagnation,ELEVATED
618952,618952,34.45,-0.09580191898394136,30.0,90.0,30.12,LOW,0.4733,0,Limited Adverse Evidence,WATCH
618953,618953,25.27,-0.08211476787082195,30.0,90.0,23.36,LOW,0.4708,0,Limited Adverse Evidence,WATCH
618954,618954,19.87,-0.07132037997110507,10.0,85.7,16.22,LOW,0.3697,0,Limited Adverse Evidence,WATCH
618955,618955,78.61,-0.04904158484617405,60.0,90.0,67.4,HIGH,0.0571,0,High Cost Escalation; Progress Stagnation,LOW_PREDICTIVE_SIGNAL
618956,618956,0.0,-0.07536972400696207,10.0,85.7,1.58,LOW,0.2674,0,Limited Adverse Evidence,LOW_PREDICTIVE_SIGNAL
618957,618957,54.74,-0.10132437137031819,60.0,85.7,49.81,MEDIUM,0.5494,1,Progress Stagnation,ELEVATED
618958,618958,35.71,-0.0914736070851318,60.0,85.7,35.79,MEDIUM,0.4385,0,Progress Stagnation,WATCH
618959,618959,100.0,-0.13135685269033343,60.0,56.4,83.16,CRITICAL,0.1316,0,Progress Stagnation,LOW_PREDICTIVE_SIGNAL
618960,618960,18.95,-0.09269575828886284,30.0,90.0,18.7,LOW,0.5989,1,Limited Adverse Evidence,ELEVATED
618961,618961,0.0,-0.0026109934312891214,10.0,90.0,1.58,LOW,0.0454,0,Limited Adverse Evidence,LOW_PREDICTIVE_SIGNAL
618962,618962,0.0,-0.05591969831745486,10.0,90.0,1.58,LOW,0.1027,0,Limited Adverse Evidence,LOW_PREDICTIVE_SIGNAL
618963,618963,4.23,-0.1015151561211532,10.0,85.7,4.7,LOW,0.5085,1,Limited Adverse Evidence,ELEVATED
618964,618964,11.69,-0.08840017229517189,30.0,90.0,13.35,LOW,0.6073,1,Limited Adverse Evidence,ELEVATED
618966,618966,0.0,-0.09779595481641018,10.0,90.0,1.58,LOW,0.0983,0,Limited Adverse Evidence,LOW_PREDICTIVE_SIGNAL
618967,618967,28.11,-0.12763853019143745,30.0,90.0,25.45,LOW,0.2461,0,Limited Adverse Evidence,LOW_PREDICTIVE_SIGNAL
618968,618968,23.95,-0.10232874861776159,30.0,90.0,22.38,LOW,0.1229,0,Limited Adverse Evidence,LOW_PREDICTIVE_SIGNAL
618969,618969,38.65,-0.11473262134675649,30.0,90.0,33.22,MEDIUM,0.1361,0,Limited Adverse Evidence,LOW_PREDICTIVE_SIGNAL
618970,618970,0.0,-0.09755565664866506,30.0,90.0,4.74,LOW,0.0433,0,Limited Adverse Evidence,LOW_PREDICTIVE_SIGNAL
618971,618971,28.53,-0.088782734808249,30.0,90.0,25.76,LOW,0.0254,0,Limited Adverse Evidence,LOW_PREDICTIVE_SIGNAL
618972,618972,100.0,-0.0813549872504335,60.0,60.7,83.16,CRITICAL,0.1117,0,Progress Stagnation,LOW_PREDICTIVE_SIGNAL
618976,618976,7.54,-0.04670424749392227,30.0,90.0,10.29,LOW,0.1217,0,Limited Adverse Evidence,LOW_PREDICTIVE_SIGNAL
618977,618977,30.08,-0.09578015468223999,30.0,90.0,26.9,LOW,0.328,0,Limited Adverse Evidence,WATCH
618978,618978,80.28,-0.07888160772869307,30.0,60.7,63.89,HIGH,0.2178,0,Limited Adverse Evidence,LOW_PREDICTIVE_SIGNAL
618981,618981,39.56,-0.08216916119496703,60.0,77.1,38.62,MEDIUM,0.0841,0,Progress Stagnation,LOW_PREDICTIVE_SIGNAL
618982,618982,20.57,-0.13051649568279106,30.0,90.0,19.89,LOW,0.3581,0,Limited Adverse Evidence,WATCH
618985,618985,28.46,-0.08415527984812787,30.0,90.0,25.71,LOW,0.0303,0,Limited Adverse Evidence,LOW_PREDICTIVE_SIGNAL
618986,618986,100.0,-0.08182189005952645,60.0,60.7,83.16,CRITICAL,0.1323,0,Progress Stagnation,LOW_PREDICTIVE_SIGNAL
618991,618991,39.43,-0.08235330125622498,60.0,90.0,38.53,MEDIUM,0.0318,0,Progress Stagnation,LOW_PREDICTIVE_SIGNAL
618992,618992,35.71,-0.08516421875986907,60.0,90.0,35.79,MEDIUM,0.3111,0,Progress Stagnation,WATCH
618995,618995,100.0,-0.08069897422220595,60.0,60.7,83.16,CRITICAL,0.1073,0,Progress Stagnation,LOW_PREDICTIVE_SIGNAL
619003,619003,78.57,-0.053257282864691835,60.0,90.0,67.37,HIGH,0.2223,0,High Cost Escalation; Progress Stagnation,LOW_PREDICTIVE_SIGNAL
619004,619004,4.02,-0.08420185203061348,30.0,90.0,7.7,LOW,0.2335,0,Limited Adverse Evidence,LOW_PREDICTIVE_SIGNAL
619005,619005,28.67,-0.07140388572165324,30.0,90.0,25.86,LOW,0.6235,1,Limited Adverse Evidence,ELEVATED
619007,619007,35.71,-0.08474948165553065,60.0,85.7,35.79,MEDIUM,0.0433,0,Progress Stagnation,LOW_PREDICTIVE_SIGNAL
619008,619008,0.0,0.04103834935954742,10.0,85.7,12.11,LOW,0.0525,0,Anomalous Project Pattern,LOW_PREDICTIVE_SIGNAL
619009,619009,35.71,-0.08682146310200828,60.0,77.1,35.79,MEDIUM,0.0802,0,Progress Stagnation,LOW_PREDICTIVE_SIGNAL
619010,619010,0.0,-0.02616341130950306,10.0,90.0,1.58,LOW,0.0316,0,Limited Adverse Evidence,LOW_PREDICTIVE_SIGNAL
619013,619013,4.23,-0.017535811280743274,10.0,90.0,4.7,LOW,0.091,0,Limited Adverse Evidence,LOW_PREDICTIVE_SIGNAL
619014,619014,0.0,-0.05516780747247946,10.0,77.1,1.58,LOW,0.0411,0,Limited Adverse Evidence,LOW_PREDICTIVE_SIGNAL
619022,619022,0.0,-0.06567874387919748,10.0,90.0,1.58,LOW,0.0515,0,Limited Adverse Evidence,LOW_PREDICTIVE_SIGNAL
619024,619024,0.0,-0.06734785662492504,10.0,90.0,1.58,LOW,0.0751,0,Limited Adverse Evidence,LOW_PREDICTIVE_SIGNAL
619025,619025,0.0,-0.04034894575985509,10.0,90.0,1.58,LOW,0.0286,0,Limited Adverse Evidence,LOW_PREDICTIVE_SIGNAL
619026,619026,35.71,-0.08550580977131572,60.0,90.0,35.79,MEDIUM,0.2548,0,Progress Stagnation,LOW_PREDICTIVE_SIGNAL
619027,619027,35.71,-0.08619114550974138,60.0,90.0,35.79,MEDIUM,0.3406,0,Progress Stagnation,WATCH
619028,619028,35.71,-0.0846451020979822,60.0,90.0,35.79,MEDIUM,0.4379,0,Progress Stagnation,WATCH
619029,619029,0.0,-0.06803878234729727,10.0,90.0,1.58,LOW,0.3507,0,Limited Adverse Evidence,WATCH
619030,619030,23.92,-0.07375423071192572,30.0,90.0,22.36,LOW,0.0325,0,Limited Adverse Evidence,LOW_PREDICTIVE_SIGNAL
619031,619031,33.53,-0.0655555626124581,60.0,90.0,34.18,MEDIUM,0.2727,0,Progress Stagnation,LOW_PREDICTIVE_SIGNAL
619032,619032,30.22,-0.0689621018782749,30.0,90.0,27.0,LOW,0.0456,0,Limited Adverse Evidence,LOW_PREDICTIVE_SIGNAL
619033,619033,0.0,-0.10686519494567653,10.0,90.0,1.58,LOW,0.5723,1,Limited Adverse Evidence,ELEVATED
619038,619038,35.71,-0.1131092795184373,60.0,90.0,35.79,MEDIUM,0.0393,0,Progress Stagnation,LOW_PREDICTIVE_SIGNAL
619039,619039,35.71,-0.08494308975970782,,53.6,31.25,LOW,0.0299,0,Limited Adverse Evidence,LOW_PREDICTIVE_SIGNAL
619042,619042,17.26,-0.12158318512923122,30.0,90.0,17.45,LOW,0.1407,0,Limited Adverse Evidence,LOW_PREDICTIVE_SIGNAL
619043,619043,0.0,-0.09031658681381588,,49.3,0.0,LOW,0.1962,0,Limited Adverse Evidence,LOW_PREDICTIVE_SIGNAL
619045,619045,31.25,-0.0955338271585443,60.0,85.7,32.5,LOW,0.2609,0,Progress Stagnation,LOW_PREDICTIVE_SIGNAL
619049,619049,0.0,-0.0809591387483023,10.0,90.0,1.58,LOW,0.0326,0,Limited Adverse Evidence,LOW_PREDICTIVE_SIGNAL
619051,619051,1.69,-0.03685274726262072,30.0,90.0,5.98,LOW,0.0437,0,Limited Adverse Evidence,LOW_PREDICTIVE_SIGNAL
619052,619052,28.67,-0.08729865676452075,30.0,90.0,25.86,LOW,0.0732,0,Limited Adverse Evidence,LOW_PREDICTIVE_SIGNAL
619053,619053,38.31,-0.08161669541901179,60.0,90.0,37.7,MEDIUM,0.2306,0,Progress Stagnation,LOW_PREDICTIVE_SIGNAL
619054,619054,0.0,-0.08958546354601227,10.0,90.0,1.58,LOW,0.4713,0,Limited Adverse Evidence,WATCH
619055,619055,35.71,-0.08682146310200828,60.0,90.0,35.79,MEDIUM,0.0802,0,Progress Stagnation,LOW_PREDICTIVE_SIGNAL
619056,619056,31.48,-0.08129659250797422,60.0,77.1,32.67,LOW,0.1268,0,Progress Stagnation,LOW_PREDICTIVE_SIGNAL
619057,619057,35.71,-0.13119787707584402,60.0,90.0,35.79,MEDIUM,0.249,0,Progress Stagnation,LOW_PREDICTIVE_SIGNAL
619059,619059,7.68,-0.12183152167163053,30.0,90.0,10.4,LOW,0.3696,0,Limited Adverse Evidence,WATCH
619060,619060,42.86,-0.007121952646936991,10.0,90.0,33.16,MEDIUM,0.1157,0,High Cost Escalation,LOW_PREDICTIVE_SIGNAL
619061,619061,0.0,-0.0878026361645653,30.0,57.9,4.74,LOW,0.0952,0,Limited Adverse Evidence,LOW_PREDICTIVE_SIGNAL
619063,619063,100.0,-0.13064963389063494,60.0,56.4,83.16,CRITICAL,0.5401,1,Progress Stagnation,ELEVATED
619064,619064,63.43,-0.059756979704504276,60.0,90.0,56.21,HIGH,0.4746,0,Progress Stagnation,WATCH
619065,619065,35.71,-0.11459811748494464,30.0,57.9,31.05,LOW,0.0149,0,Limited Adverse Evidence,LOW_PREDICTIVE_SIGNAL
619066,619066,23.42,-0.10294853342605842,30.0,85.7,21.99,LOW,0.2343,0,Limited Adverse Evidence,LOW_PREDICTIVE_SIGNAL
619067,619067,100.0,-0.1308018838495527,60.0,56.4,83.16,CRITICAL,0.255,0,Progress Stagnation,LOW_PREDICTIVE_SIGNAL
619068,619068,12.21,-0.07219434660899521,10.0,90.0,10.58,LOW,0.0812,0,Limited Adverse Evidence,LOW_PREDICTIVE_SIGNAL
619069,619069,46.85,-0.10184785301112731,60.0,90.0,43.99,MEDIUM,0.1288,0,Progress Stagnation,LOW_PREDICTIVE_SIGNAL
619070,619070,100.0,-0.13135685269033343,60.0,52.1,83.16,CRITICAL,0.1339,0,Progress Stagnation,LOW_PREDICTIVE_SIGNAL
619071,619071,27.16,-0.08699173999553872,30.0,90.0,24.75,LOW,0.2115,0,Limited Adverse Evidence,LOW_PREDICTIVE_SIGNAL
619072,619072,40.72,-0.10625002933446259,60.0,90.0,39.48,MEDIUM,0.1246,0,Progress Stagnation,LOW_PREDICTIVE_SIGNAL
619073,619073,61.04,-0.08427496642674631,60.0,90.0,54.45,HIGH,0.2778,0,Progress Stagnation,LOW_PREDICTIVE_SIGNAL
619074,619074,35.71,-0.06177599826273644,60.0,90.0,35.79,MEDIUM,0.1792,0,Progress Stagnation,LOW_PREDICTIVE_SIGNAL
619075,619075,90.53,-0.13105153994629865,60.0,56.4,76.18,HIGH,0.257,0,Progress Stagnation,LOW_PREDICTIVE_SIGNAL
619076,619076,47.79,-0.10351098001061576,60.0,90.0,44.69,MEDIUM,0.0979,0,Progress Stagnation,LOW_PREDICTIVE_SIGNAL
619077,619077,36.77,-0.1134812072173999,60.0,90.0,36.57,MEDIUM,0.1794,0,Progress Stagnation,LOW_PREDICTIVE_SIGNAL
619078,619078,35.71,-0.09344474226361277,60.0,90.0,35.79,MEDIUM,0.2909,0,Progress Stagnation,LOW_PREDICTIVE_SIGNAL
619080,619080,7.62,-0.06288307653518388,10.0,90.0,7.19,LOW,0.0967,0,Limited Adverse Evidence,LOW_PREDICTIVE_SIGNAL
619083,619083,100.0,-0.12687821788907638,60.0,56.4,83.16,CRITICAL,0.2415,0,Progress Stagnation,LOW_PREDICTIVE_SIGNAL
619084,619084,100.0,-0.13118452915381634,60.0,56.4,83.16,CRITICAL,0.1678,0,Progress Stagnation,LOW_PREDICTIVE_SIGNAL
619086,619086,35.71,0.013296062575512357,60.0,90.0,46.31,MEDIUM,0.2426,0,Progress Stagnation; Anomalous Project Pattern,LOW_PREDICTIVE_SIGNAL
619087,619087,1.92,-0.0832276602916549,10.0,90.0,2.99,LOW,0.2496,0,Limited Adverse Evidence,LOW_PREDICTIVE_SIGNAL
619089,619089,28.68,-0.07353665994455055,30.0,90.0,25.87,LOW,0.0697,0,Limited Adverse Evidence,LOW_PREDICTIVE_SIGNAL
619090,619090,54.11,-0.0944102121340587,60.0,90.0,49.34,MEDIUM,0.291,0,Progress Stagnation,LOW_PREDICTIVE_SIGNAL
619092,619092,74.61,-0.05980262172482664,60.0,90.0,64.45,HIGH,0.1007,0,High Cost Escalation; Progress Stagnation,LOW_PREDICTIVE_SIGNAL
619093,619093,0.0,-0.10409819148147625,10.0,90.0,1.58,LOW,0.0324,0,Limited Adverse Evidence,LOW_PREDICTIVE_SIGNAL
619094,619094,37.16,-0.09590443028246359,85.0,90.0,40.8,MEDIUM,0.5258,1,Progress Deterioration,ELEVATED
619095,619095,0.0,-0.057814523926421224,10.0,90.0,1.58,LOW,0.1132,0,Limited Adverse Evidence,LOW_PREDICTIVE_SIGNAL
619096,619096,48.01,-0.017579227382477303,60.0,90.0,44.85,MEDIUM,0.0995,0,Progress Stagnation,LOW_PREDICTIVE_SIGNAL
619097,619097,56.67,-0.05680159032087945,60.0,90.0,51.23,MEDIUM,0.0487,0,Progress Stagnation,LOW_PREDICTIVE_SIGNAL
619098,619098,67.37,-0.07347280833453534,60.0,90.0,59.11,HIGH,0.0997,0,High Cost Escalation; Progress Stagnation,LOW_PREDICTIVE_SIGNAL
619099,619099,32.31,-0.08890377682088185,30.0,90.0,28.54,LOW,0.3295,0,Limited Adverse Evidence,WATCH
619100,619100,58.97,-0.09228631613755145,60.0,90.0,52.93,HIGH,0.0514,0,Progress Stagnation,LOW_PREDICTIVE_SIGNAL
619101,619101,35.71,-0.11601594490476408,60.0,90.0,35.79,MEDIUM,0.3587,0,Progress Stagnation,WATCH
619102,619102,23.55,-0.07730719121369084,30.0,77.1,22.09,LOW,0.0736,0,Limited Adverse Evidence,LOW_PREDICTIVE_SIGNAL
619103,619103,40.08,-0.07376311606357117,60.0,90.0,39.01,MEDIUM,0.0855,0,Progress Stagnation,LOW_PREDICTIVE_SIGNAL
619104,619104,83.43,-0.13042894980725694,30.0,56.4,66.21,HIGH,0.0833,0,Limited Adverse Evidence,LOW_PREDICTIVE_SIGNAL
619105,619105,14.91,-0.06113146630422217,10.0,90.0,12.57,LOW,0.3775,0,Limited Adverse Evidence,WATCH
619106,619106,0.0,-0.08524672307204617,10.0,90.0,1.58,LOW,0.3821,0,Limited Adverse Evidence,WATCH
619107,619107,3.27,-0.06826234140464638,10.0,90.0,3.99,LOW,0.1705,0,Limited Adverse Evidence,LOW_PREDICTIVE_SIGNAL
619108,619108,0.0,-0.08661672907788187,10.0,90.0,1.58,LOW,0.2866,0,Limited Adverse Evidence,LOW_PREDICTIVE_SIGNAL
619109,619109,51.34,-0.09559149530426991,60.0,90.0,47.3,MEDIUM,0.0404,0,Progress Stagnation,LOW_PREDICTIVE_SIGNAL
619111,619111,32.12,-0.11625443894255533,60.0,90.0,33.14,MEDIUM,0.0425,0,Progress Stagnation,LOW_PREDICTIVE_SIGNAL
619112,619112,10.78,-0.1235406427162764,30.0,90.0,12.68,LOW,0.5852,1,Limited Adverse Evidence,ELEVATED
619113,619113,100.0,-0.13049571252206366,,28.6,87.5,REVIEW_DATA,0.1268,0,Data review is required before risk escalation.,LOW_PREDICTIVE_SIGNAL
619114,619114,39.52,-0.1145104935434696,60.0,90.0,38.59,MEDIUM,0.5216,1,Progress Stagnation,ELEVATED
619115,619115,100.0,-0.13049571252206366,,28.6,87.5,REVIEW_DATA,0.1268,0,Data review is required before risk escalation.,LOW_PREDICTIVE_SIGNAL
619117,619117,40.03,-0.09159910906761698,60.0,90.0,38.97,MEDIUM,0.1792,0,Progress Stagnation,LOW_PREDICTIVE_SIGNAL
619118,619118,38.8,-0.033770292632098464,60.0,90.0,38.06,MEDIUM,0.1132,0,Progress Stagnation,LOW_PREDICTIVE_SIGNAL
619119,619119,47.02,-0.08058304986256903,60.0,90.0,44.12,MEDIUM,0.1032,0,Progress Stagnation,LOW_PREDICTIVE_SIGNAL
619120,619120,61.53,-0.010927686786212032,60.0,90.0,54.81,HIGH,0.1163,0,Progress Stagnation,LOW_PREDICTIVE_SIGNAL
619121,619121,87.18,-0.09154752873604721,60.0,56.4,73.71,HIGH,0.2035,0,Progress Stagnation,LOW_PREDICTIVE_SIGNAL
619122,619122,100.0,-0.13143759241341663,60.0,56.4,83.16,CRITICAL,0.2321,0,Progress Stagnation,LOW_PREDICTIVE_SIGNAL
619123,619123,3.17,-0.10350733926429839,30.0,90.0,7.07,LOW,0.2389,0,Limited Adverse Evidence,LOW_PREDICTIVE_SIGNAL
619124,619124,31.49,-0.11252292482636828,60.0,90.0,32.68,LOW,0.454,0,Progress Stagnation,WATCH
619125,619125,25.85,-0.1029361888062027,30.0,90.0,23.78,LOW,0.6521,1,Limited Adverse Evidence,ELEVATED
619126,619126,35.71,-0.1119601360807102,60.0,90.0,35.79,MEDIUM,0.7374,1,Progress Stagnation,HIGH_PREDICTIVE_SIGNAL
619127,619127,3.6,-0.0784415895059386,10.0,90.0,4.23,LOW,0.164,0,Limited Adverse Evidence,LOW_PREDICTIVE_SIGNAL
619128,619128,73.22,-0.06990980441711875,60.0,90.0,63.43,HIGH,0.1749,0,High Cost Escalation; Progress Stagnation,LOW_PREDICTIVE_SIGNAL
619129,619129,42.36,-0.10425780345520291,60.0,90.0,40.69,MEDIUM,0.3487,0,Progress Stagnation,WATCH
619130,619130,55.79,-0.09244472531812042,60.0,90.0,50.58,MEDIUM,0.4213,0,Progress Stagnation,WATCH
619131,619131,35.71,-0.10342606860363374,60.0,90.0,35.79,MEDIUM,0.1025,0,Progress Stagnation,LOW_PREDICTIVE_SIGNAL
619132,619132,3.75,-0.08408899263525232,10.0,90.0,4.34,LOW,0.073,0,Limited Adverse Evidence,LOW_PREDICTIVE_SIGNAL
619134,619134,10.12,-0.06268981526511225,10.0,90.0,9.04,LOW,0.2618,0,Limited Adverse Evidence,LOW_PREDICTIVE_SIGNAL
619136,619136,34.04,-0.10937325331996478,60.0,90.0,34.56,MEDIUM,0.0279,0,Progress Stagnation,LOW_PREDICTIVE_SIGNAL
619137,619137,100.0,-0.1195656910405904,60.0,52.1,83.16,CRITICAL,0.2561,0,Progress Stagnation,LOW_PREDICTIVE_SIGNAL
619138,619138,17.51,-0.09508488879363691,30.0,90.0,17.64,LOW,0.4924,0,Limited Adverse Evidence,WATCH
619139,619139,33.18,-0.10243214446160842,60.0,90.0,33.92,MEDIUM,0.6176,1,Progress Stagnation,ELEVATED
619140,619140,0.0,-0.07665010989979898,10.0,90.0,1.58,LOW,0.2647,0,Limited Adverse Evidence,LOW_PREDICTIVE_SIGNAL
619141,619141,0.0,-0.12152749778946959,10.0,90.0,1.58,LOW,0.4097,0,Limited Adverse Evidence,WATCH
619142,619142,52.3,-0.10692843286613762,60.0,90.0,48.01,MEDIUM,0.3332,0,Progress Stagnation,WATCH
619143,619143,12.45,-0.10125037426669942,30.0,90.0,13.91,LOW,0.5105,1,Limited Adverse Evidence,ELEVATED
619144,619144,100.0,-0.13118477403098744,60.0,56.4,83.16,CRITICAL,0.1415,0,Progress Stagnation,LOW_PREDICTIVE_SIGNAL
619145,619145,53.62,-0.09567501148859442,60.0,90.0,48.98,MEDIUM,0.0712,0,Progress Stagnation,LOW_PREDICTIVE_SIGNAL
619146,619146,100.0,-0.11310723974765702,60.0,60.7,83.16,CRITICAL,0.1514,0,Progress Stagnation,LOW_PREDICTIVE_SIGNAL
619147,619147,86.0,-0.11551058680719778,60.0,56.4,72.84,HIGH,0.177,0,Progress Stagnation,LOW_PREDICTIVE_SIGNAL
619148,619148,100.0,-0.13135685269033343,60.0,56.4,83.16,CRITICAL,0.1316,0,Progress Stagnation,LOW_PREDICTIVE_SIGNAL
619149,619149,21.9,-0.06440892284264599,30.0,90.0,20.87,LOW,0.203,0,Limited Adverse Evidence,LOW_PREDICTIVE_SIGNAL
619150,619150,59.27,-0.009189307186942441,60.0,90.0,53.15,HIGH,0.0898,0,Progress Stagnation,LOW_PREDICTIVE_SIGNAL
619152,619152,35.71,-0.061928192860486786,60.0,90.0,35.79,MEDIUM,0.0643,0,Progress Stagnation,LOW_PREDICTIVE_SIGNAL
619153,619153,22.74,-0.08538238519312574,10.0,90.0,18.33,LOW,0.1459,0,Limited Adverse Evidence,LOW_PREDICTIVE_SIGNAL
619154,619154,0.0,-0.09391446210860022,10.0,90.0,1.58,LOW,0.3896,0,Limited Adverse Evidence,WATCH
619155,619155,10.21,-0.11285444754586815,30.0,90.0,12.26,LOW,0.2861,0,Limited Adverse Evidence,LOW_PREDICTIVE_SIGNAL
619156,619156,41.96,-0.07998906929193245,30.0,57.9,35.65,MEDIUM,0.012,0,Limited Adverse Evidence,LOW_PREDICTIVE_SIGNAL
619157,619157,36.95,-0.1080213677585874,60.0,90.0,36.7,MEDIUM,0.2137,0,Progress Stagnation,LOW_PREDICTIVE_SIGNAL
619158,619158,45.2,-0.1200809703299735,60.0,90.0,42.78,MEDIUM,0.2805,0,Progress Stagnation,LOW_PREDICTIVE_SIGNAL
619160,619160,35.71,-0.09051166113974196,60.0,90.0,35.79,MEDIUM,0.1265,0,Progress Stagnation,LOW_PREDICTIVE_SIGNAL
619161,619161,0.0,-0.07264804605513003,10.0,90.0,1.58,LOW,0.2438,0,Limited Adverse Evidence,LOW_PREDICTIVE_SIGNAL
619162,619162,35.71,-0.11965503537850902,60.0,90.0,35.79,MEDIUM,0.0701,0,Progress Stagnation,LOW_PREDICTIVE_SIGNAL
619163,619163,35.71,-0.11690896146284735,60.0,90.0,35.79,MEDIUM,0.3753,0,Progress Stagnation,WATCH
619164,619164,14.95,-0.10771825911454963,30.0,90.0,15.75,LOW,0.3156,0,Limited Adverse Evidence,WATCH
619165,619165,35.71,-0.03919982037838621,60.0,90.0,35.79,MEDIUM,0.2462,0,Progress Stagnation,LOW_PREDICTIVE_SIGNAL
619166,619166,51.45,-0.09524135143176399,60.0,90.0,47.38,MEDIUM,0.0683,0,Progress Stagnation,LOW_PREDICTIVE_SIGNAL
619167,619167,65.64,-0.09166968849300094,60.0,90.0,57.84,HIGH,0.2412,0,Progress Stagnation,LOW_PREDICTIVE_SIGNAL
619168,619168,34.45,-0.10513575471186826,60.0,90.0,34.86,MEDIUM,0.1249,0,Progress Stagnation,LOW_PREDICTIVE_SIGNAL
619171,619171,35.71,-0.08515835529904636,60.0,85.7,35.79,MEDIUM,0.041,0,Progress Stagnation,LOW_PREDICTIVE_SIGNAL
619172,619172,35.71,-0.0865157282513826,60.0,85.7,35.79,MEDIUM,0.0802,0,Progress Stagnation,LOW_PREDICTIVE_SIGNAL
619181,619181,16.51,-0.09259461096021321,30.0,85.7,16.9,LOW,0.4652,0,Limited Adverse Evidence,WATCH
619183,619183,13.23,-0.010475527369806004,10.0,85.7,11.33,LOW,0.0931,0,Limited Adverse Evidence,LOW_PREDICTIVE_SIGNAL
619184,619184,72.25,0.3321913828874826,30.0,85.7,68.5,HIGH,0.7028,1,High Expenditure Progress Gap; High Cost Escalation,HIGH_PREDICTIVE_SIGNAL
619185,619185,58.35,-0.051425645048580826,30.0,85.7,47.73,MEDIUM,0.0842,0,High Cost Escalation,LOW_PREDICTIVE_SIGNAL
619186,619186,71.88,-0.0417437804288438,60.0,85.7,62.44,HIGH,0.3317,0,Progress Stagnation,WATCH
619187,619187,0.0,-0.0971493726752456,10.0,85.7,1.58,LOW,0.1559,0,Limited Adverse Evidence,LOW_PREDICTIVE_SIGNAL
619191,619191,1.69,-0.10674402624190987,10.0,85.7,2.82,LOW,0.4544,0,Limited Adverse Evidence,WATCH
619193,619193,65.55,-0.0680476807123171,60.0,85.7,57.77,HIGH,0.3509,0,High Expenditure Progress Gap; Progress Stagnation,WATCH
619194,619194,0.0,-0.09077989451872792,30.0,57.9,4.74,LOW,0.2951,0,Limited Adverse Evidence,LOW_PREDICTIVE_SIGNAL
619196,619196,0.0,-0.09508821556655433,10.0,85.7,1.58,LOW,0.1643,0,Limited Adverse Evidence,LOW_PREDICTIVE_SIGNAL
619197,619197,26.25,-0.11228060376026128,30.0,85.7,24.08,LOW,0.4268,0,Limited Adverse Evidence,WATCH
619198,619198,57.24,-0.07109129971467937,60.0,85.7,51.65,HIGH,0.063,0,Progress Stagnation,LOW_PREDICTIVE_SIGNAL
619199,619199,30.57,-0.08947199095317143,60.0,85.7,32.0,LOW,0.0452,0,Progress Stagnation,LOW_PREDICTIVE_SIGNAL
619200,619200,59.34,-0.04116413390345652,30.0,85.7,48.46,MEDIUM,0.5298,1,High Expenditure Progress Gap,ELEVATED
619201,619201,11.02,-0.06917592380510446,30.0,85.7,12.86,LOW,0.0307,0,Limited Adverse Evidence,LOW_PREDICTIVE_SIGNAL
619202,619202,78.57,-0.05411733718740641,60.0,85.7,67.37,HIGH,0.2166,0,High Cost Escalation; Progress Stagnation,LOW_PREDICTIVE_SIGNAL
619203,619203,5.96,-0.08263889482663839,10.0,85.7,5.97,LOW,0.0436,0,Limited Adverse Evidence,LOW_PREDICTIVE_SIGNAL
619204,619204,35.71,-0.08366543457445547,,53.6,31.25,LOW,0.0356,0,Limited Adverse Evidence,LOW_PREDICTIVE_SIGNAL
619205,619205,52.4,-0.061637659847110005,30.0,85.7,43.35,MEDIUM,0.0209,0,Limited Adverse Evidence,LOW_PREDICTIVE_SIGNAL
619206,619206,52.86,-0.02587215785050312,60.0,85.7,48.42,MEDIUM,0.2649,0,Progress Stagnation,LOW_PREDICTIVE_SIGNAL
619207,619207,51.67,-0.051986041105466674,60.0,85.7,47.55,MEDIUM,0.2843,0,Progress Stagnation,LOW_PREDICTIVE_SIGNAL
619208,619208,47.15,-0.01886070049534394,60.0,85.7,44.22,MEDIUM,0.234,0,Progress Stagnation,LOW_PREDICTIVE_SIGNAL
619209,619209,89.74,-0.13106481706432555,60.0,52.1,75.6,HIGH,0.182,0,Progress Stagnation,LOW_PREDICTIVE_SIGNAL
619210,619210,43.47,-0.07417370897258363,60.0,85.7,41.5,MEDIUM,0.0889,0,Progress Stagnation,LOW_PREDICTIVE_SIGNAL
619211,619211,35.71,-0.12120132523068528,60.0,85.7,35.79,MEDIUM,0.6001,1,Progress Stagnation,ELEVATED
619212,619212,4.54,-0.1137972064153695,10.0,85.7,4.92,LOW,0.2441,0,Limited Adverse Evidence,LOW_PREDICTIVE_SIGNAL
619213,619213,57.73,-0.09700678253069128,60.0,85.7,52.01,HIGH,0.0409,0,Progress Stagnation,LOW_PREDICTIVE_SIGNAL
619214,619214,39.06,-0.11899140362218913,60.0,85.7,38.25,MEDIUM,0.1488,0,Progress Stagnation,LOW_PREDICTIVE_SIGNAL
619215,619215,47.01,-0.0849212312909417,60.0,85.7,44.11,MEDIUM,0.0534,0,Progress Stagnation,LOW_PREDICTIVE_SIGNAL
619216,619216,0.0,-0.0868981896455861,10.0,85.7,1.58,LOW,0.2678,0,Limited Adverse Evidence,LOW_PREDICTIVE_SIGNAL
619217,619217,20.15,-0.07431369825746353,30.0,85.7,19.58,LOW,0.0814,0,Limited Adverse Evidence,LOW_PREDICTIVE_SIGNAL
619218,619218,50.89,-0.07199450707846833,60.0,85.7,46.97,MEDIUM,0.0803,0,Progress Stagnation,LOW_PREDICTIVE_SIGNAL
619219,619219,55.93,-0.06645087352781026,60.0,85.7,50.69,MEDIUM,0.0771,0,Progress Stagnation,LOW_PREDICTIVE_SIGNAL
619220,619220,47.84,-0.09062402396980884,60.0,85.7,44.72,MEDIUM,0.0624,0,Progress Stagnation,LOW_PREDICTIVE_SIGNAL
619221,619221,0.0,-0.08462822488155602,,49.3,0.0,LOW,0.0196,0,Limited Adverse Evidence,LOW_PREDICTIVE_SIGNAL
619222,619222,66.96,-0.08992291398636537,60.0,85.7,58.81,HIGH,0.2646,0,High Cost Escalation; Progress Stagnation,LOW_PREDICTIVE_SIGNAL
619223,619223,15.99,-0.0839983607453973,30.0,85.7,16.52,LOW,0.0689,0,Limited Adverse Evidence,LOW_PREDICTIVE_SIGNAL
619224,619224,20.92,-0.08881062161795572,30.0,85.7,20.15,LOW,0.4752,0,Limited Adverse Evidence,WATCH
619225,619225,35.71,-0.08682146310200828,60.0,85.7,35.79,MEDIUM,0.0802,0,Progress Stagnation,LOW_PREDICTIVE_SIGNAL
619226,619226,0.0,-0.07711989115262985,10.0,85.7,1.58,LOW,0.3819,0,Limited Adverse Evidence,WATCH
619227,619227,11.62,-0.08386380908172636,30.0,77.1,13.3,LOW,0.036,0,Limited Adverse Evidence,LOW_PREDICTIVE_SIGNAL
619228,619228,35.71,-0.08204982118790677,60.0,77.1,35.79,MEDIUM,0.0717,0,Progress Stagnation,LOW_PREDICTIVE_SIGNAL
619229,619229,100.0,-0.08000893837173584,,28.6,87.5,REVIEW_DATA,0.0508,0,Data review is required before risk escalation.,LOW_PREDICTIVE_SIGNAL
619248,619248,0.0,-0.09787055113606896,,53.6,0.0,LOW,0.089,0,Limited Adverse Evidence,LOW_PREDICTIVE_SIGNAL
619251,619251,0.0,-0.037661358586218,10.0,81.4,1.58,LOW,0.1817,0,Limited Adverse Evidence,LOW_PREDICTIVE_SIGNAL
619253,619253,0.0,-0.06420829634766934,10.0,77.1,1.58,LOW,0.2137,0,Limited Adverse Evidence,LOW_PREDICTIVE_SIGNAL
619265,619265,0.0,-0.08494308975970782,,49.3,0.0,LOW,0.0196,0,Limited Adverse Evidence,LOW_PREDICTIVE_SIGNAL
619270,619270,35.71,-0.08494308975970782,,53.6,31.25,LOW,0.0299,0,Limited Adverse Evidence,LOW_PREDICTIVE_SIGNAL
619271,619271,35.71,-0.08336952974887002,,53.6,31.25,LOW,0.0299,0,Limited Adverse Evidence,LOW_PREDICTIVE_SIGNAL
619289,619289,4.5,-0.10984939111204661,30.0,81.4,8.05,LOW,0.1721,0,Limited Adverse Evidence,LOW_PREDICTIVE_SIGNAL
619291,619291,100.0,-0.13245750473705187,60.0,52.1,83.16,CRITICAL,0.6213,1,Progress Stagnation,ELEVATED
619292,619292,35.71,-0.12594972654915926,60.0,81.4,35.79,MEDIUM,0.3018,0,Progress Stagnation,WATCH
619293,619293,0.0,-0.04635168688449104,10.0,81.4,1.58,LOW,0.1675,0,Limited Adverse Evidence,LOW_PREDICTIVE_SIGNAL
619294,619294,6.62,-0.02241764965756904,30.0,81.4,9.61,LOW,0.0222,0,Limited Adverse Evidence,LOW_PREDICTIVE_SIGNAL
619295,619295,36.47,-0.06179786278037369,60.0,81.4,36.35,MEDIUM,0.0303,0,Progress Stagnation,LOW_PREDICTIVE_SIGNAL
619297,619297,0.49,-0.08298392214067912,,49.3,0.43,LOW,0.0402,0,Limited Adverse Evidence,LOW_PREDICTIVE_SIGNAL
619298,619298,35.71,-0.08483816337844197,,53.6,31.25,LOW,0.0222,0,Limited Adverse Evidence,LOW_PREDICTIVE_SIGNAL
619299,619299,35.71,-0.08462822488155602,,53.6,31.25,LOW,0.0222,0,Limited Adverse Evidence,LOW_PREDICTIVE_SIGNAL
619300,619300,35.71,-0.08494308975970782,,53.6,31.25,LOW,0.0299,0,Limited Adverse Evidence,LOW_PREDICTIVE_SIGNAL
619301,619301,46.98,-0.09823669148920255,60.0,81.4,44.09,MEDIUM,0.06,0,Progress Stagnation,LOW_PREDICTIVE_SIGNAL
619305,619305,28.89,-0.10492276072250734,30.0,81.4,26.02,LOW,0.2476,0,Limited Adverse Evidence,LOW_PREDICTIVE_SIGNAL
619306,619306,29.48,-0.09677127600349972,30.0,81.4,26.46,LOW,0.0517,0,Limited Adverse Evidence,LOW_PREDICTIVE_SIGNAL
619307,619307,29.4,-0.1020638920145337,30.0,81.4,26.4,LOW,0.097,0,Limited Adverse Evidence,LOW_PREDICTIVE_SIGNAL
619308,619308,35.71,-0.10966099582239952,60.0,81.4,35.79,MEDIUM,0.108,0,Progress Stagnation,LOW_PREDICTIVE_SIGNAL
619311,619311,35.96,-0.08410357759497722,60.0,77.1,35.97,MEDIUM,0.0513,0,Progress Stagnation,LOW_PREDICTIVE_SIGNAL
619312,619312,0.0,-0.11380987574679974,10.0,77.1,1.58,LOW,0.3912,0,Limited Adverse Evidence,WATCH
619313,619313,0.0,-0.05746636096580937,10.0,77.1,1.58,LOW,0.1107,0,Limited Adverse Evidence,LOW_PREDICTIVE_SIGNAL
619314,619314,0.0,-0.04882157118322966,10.0,77.1,1.58,LOW,0.0496,0,Limited Adverse Evidence,LOW_PREDICTIVE_SIGNAL
619316,619316,20.92,-0.0900545720951842,30.0,77.1,20.15,LOW,0.2787,0,Limited Adverse Evidence,LOW_PREDICTIVE_SIGNAL
619317,619317,39.96,0.013056295572419274,60.0,77.1,49.44,MEDIUM,0.1602,0,Progress Stagnation; Anomalous Project Pattern,LOW_PREDICTIVE_SIGNAL
619318,619318,53.44,-0.08161450591032354,60.0,77.1,48.85,MEDIUM,0.7525,1,High Expenditure Progress Gap; Progress Stagnation,HIGH_PREDICTIVE_SIGNAL
619320,619320,100.0,-0.13049571252206366,,28.6,87.5,REVIEW_DATA,0.1026,0,Data review is required before risk escalation.,LOW_PREDICTIVE_SIGNAL
619321,619321,35.71,-0.08670951358405532,30.0,57.9,31.05,LOW,0.0434,0,Limited Adverse Evidence,LOW_PREDICTIVE_SIGNAL
619326,619326,100.0,-0.07962795629943048,,28.6,87.5,REVIEW_DATA,0.0508,0,Data review is required before risk escalation.,LOW_PREDICTIVE_SIGNAL
619328,619328,4.58,-0.12047592185177936,30.0,57.9,8.11,LOW,0.1998,0,Limited Adverse Evidence,LOW_PREDICTIVE_SIGNAL
619341,619341,32.09,-0.08142480999551205,30.0,57.9,28.38,LOW,0.0424,0,Limited Adverse Evidence,LOW_PREDICTIVE_SIGNAL
619347,619347,35.71,-0.08494308975970782,,53.6,31.25,LOW,0.0299,0,Limited Adverse Evidence,LOW_PREDICTIVE_SIGNAL
635651,635651,0.0,-0.12347733965027641,,49.3,0.0,LOW,0.2249,0,Limited Adverse Evidence,LOW_PREDICTIVE_SIGNAL
660056,660056,11.67,-0.07739224831947061,,49.3,10.21,LOW,0.0718,0,Limited Adverse Evidence,LOW_PREDICTIVE_SIGNAL
665021,665021,0.0,-0.10535452159705788,,49.3,0.0,LOW,0.3716,0,Limited Adverse Evidence,WATCH
701101,701101,28.39,-0.10556163328716489,30.0,90.0,25.66,LOW,0.0366,0,Limited Adverse Evidence,LOW_PREDICTIVE_SIGNAL
701105,701105,80.28,-0.13066814091526502,30.0,56.4,63.89,HIGH,0.1039,0,Limited Adverse Evidence,LOW_PREDICTIVE_SIGNAL
701107,701107,40.03,-0.1092599321639725,30.0,90.0,34.23,MEDIUM,0.524,1,Limited Adverse Evidence,ELEVATED
701113,701113,0.0,-0.102717135585079,10.0,90.0,1.58,LOW,0.2911,0,Limited Adverse Evidence,LOW_PREDICTIVE_SIGNAL
701121,701121,0.0,-0.1048586424095066,10.0,90.0,1.58,LOW,0.0535,0,Limited Adverse Evidence,LOW_PREDICTIVE_SIGNAL
701122,701122,1.13,-0.12064115502840123,30.0,90.0,5.57,LOW,0.306,0,Limited Adverse Evidence,WATCH
701126,701126,11.9,-0.11153160999289036,10.0,90.0,10.35,LOW,0.0631,0,Limited Adverse Evidence,LOW_PREDICTIVE_SIGNAL
701127,701127,17.05,-0.11442583661897776,30.0,90.0,17.3,LOW,0.0992,0,Limited Adverse Evidence,LOW_PREDICTIVE_SIGNAL
701128,701128,0.0,-0.11028934306028315,10.0,90.0,1.58,LOW,0.1686,0,Limited Adverse Evidence,LOW_PREDICTIVE_SIGNAL
701167,701167,40.21,-0.10766372926436152,30.0,90.0,34.37,MEDIUM,0.3713,0,Limited Adverse Evidence,WATCH
701168,701168,37.83,-0.05765651570432673,10.0,90.0,29.45,LOW,0.5351,1,High Cost Escalation,ELEVATED
701170,701170,33.6,-0.12438503199433515,60.0,90.0,34.23,MEDIUM,0.1519,0,Progress Stagnation,LOW_PREDICTIVE_SIGNAL
701171,701171,53.86,-0.11437959615525112,60.0,90.0,49.16,MEDIUM,0.31,0,Progress Stagnation,WATCH
701172,701172,49.25,0.2741535451528099,30.0,90.0,51.55,MEDIUM,0.197,0,High Expenditure Progress Gap; Anomalous Project Pattern,LOW_PREDICTIVE_SIGNAL
701173,701173,16.88,-0.08835911041531397,10.0,90.0,14.02,LOW,0.2303,0,Limited Adverse Evidence,LOW_PREDICTIVE_SIGNAL
701228,701228,72.94,-0.05198545363380985,30.0,90.0,58.48,HIGH,0.4588,0,High Cost Escalation,WATCH
701263,701263,78.3,0.010037130732715893,30.0,56.4,72.96,HIGH,0.1029,0,Anomalous Project Pattern,LOW_PREDICTIVE_SIGNAL
701289,701289,30.88,-0.06779075291320946,30.0,90.0,27.49,LOW,0.0986,0,Limited Adverse Evidence,LOW_PREDICTIVE_SIGNAL
701324,701324,37.53,-0.1206898596163064,30.0,90.0,32.39,LOW,0.139,0,Limited Adverse Evidence,LOW_PREDICTIVE_SIGNAL
701329,701329,26.56,-0.11633693559490388,30.0,90.0,24.31,LOW,0.1619,0,Limited Adverse Evidence,LOW_PREDICTIVE_SIGNAL
701330,701330,35.71,-0.12478473285288527,60.0,90.0,35.79,MEDIUM,0.185,0,Progress Stagnation,LOW_PREDICTIVE_SIGNAL
701338,701338,57.14,-0.07786487529289038,60.0,90.0,51.58,HIGH,0.6526,1,High Expenditure Progress Gap; Progress Stagnation,ELEVATED
701343,701343,82.25,-0.13259162997161444,30.0,60.7,65.34,HIGH,0.1405,0,Limited Adverse Evidence,LOW_PREDICTIVE_SIGNAL
701344,701344,36.56,-0.12016602153097761,60.0,90.0,36.41,MEDIUM,0.048,0,Progress Stagnation,LOW_PREDICTIVE_SIGNAL
701346,701346,0.0,-0.1298181113933049,,49.3,0.0,LOW,0.0776,0,Limited Adverse Evidence,LOW_PREDICTIVE_SIGNAL
701349,701349,43.53,-0.10605839094222325,30.0,90.0,36.81,MEDIUM,0.0401,0,Limited Adverse Evidence,LOW_PREDICTIVE_SIGNAL
701350,701350,100.0,-0.13102993963979293,,28.6,87.5,REVIEW_DATA,0.1533,0,Data review is required before risk escalation.,LOW_PREDICTIVE_SIGNAL
701354,701354,62.52,-0.12682944790602324,30.0,52.1,50.8,MEDIUM,0.1596,0,Limited Adverse Evidence,LOW_PREDICTIVE_SIGNAL
701370,701370,35.71,-0.10385190615331985,60.0,90.0,35.79,MEDIUM,0.6944,1,Progress Stagnation,ELEVATED
701372,701372,75.13,-0.07613043578451761,60.0,90.0,64.83,HIGH,0.4479,0,High Cost Escalation; Progress Stagnation,WATCH
701376,701376,78.57,-0.025826319165305534,60.0,90.0,67.37,HIGH,0.2356,0,High Cost Escalation; Progress Stagnation,LOW_PREDICTIVE_SIGNAL
701377,701377,78.57,-0.04278689348833492,60.0,90.0,67.37,HIGH,0.2101,0,High Cost Escalation; Progress Stagnation,LOW_PREDICTIVE_SIGNAL
701383,701383,79.57,-0.07785409016798817,60.0,90.0,68.1,HIGH,0.4107,0,High Cost Escalation; Progress Stagnation,WATCH
701386,701386,100.0,-0.0135467475949273,60.0,90.0,83.16,CRITICAL,0.7999,1,High Expenditure Progress Gap; High Cost Escalation,HIGH_PREDICTIVE_SIGNAL
701391,701391,78.11,0.12257402470970091,30.0,90.0,72.82,HIGH,0.0227,0,High Cost Escalation; Anomalous Project Pattern,LOW_PREDICTIVE_SIGNAL
701395,701395,100.0,-0.11053723643188346,60.0,60.7,83.16,CRITICAL,0.6777,1,Progress Stagnation,ELEVATED
701396,701396,100.0,0.23118805874423565,60.0,90.0,93.68,CRITICAL,0.2559,0,High Expenditure Progress Gap; High Cost Escalation,LOW_PREDICTIVE_SIGNAL
701398,701398,83.02,0.08038793741421124,30.0,90.0,76.44,HIGH,0.3407,0,High Expenditure Progress Gap; High Cost Escalation,WATCH
701399,701399,35.71,-0.1270073431236799,60.0,90.0,35.79,MEDIUM,0.2666,0,Progress Stagnation,LOW_PREDICTIVE_SIGNAL
701400,701400,52.32,-0.09448575335215287,60.0,90.0,48.03,MEDIUM,0.0563,0,Progress Stagnation,LOW_PREDICTIVE_SIGNAL
701402,701402,95.52,0.022858218322274804,60.0,85.7,90.38,CRITICAL,0.4004,0,High Cost Escalation; High Expenditure Progress Gap,WATCH
701404,701404,100.0,0.03099772866882944,60.0,90.0,93.68,CRITICAL,0.4594,0,High Expenditure Progress Gap; High Cost Escalation,WATCH
701405,701405,78.57,-0.046405364830717166,60.0,90.0,67.37,HIGH,0.3866,0,High Cost Escalation; Progress Stagnation,WATCH
701406,701406,100.0,-0.13135685269033343,60.0,60.7,83.16,CRITICAL,0.1316,0,Progress Stagnation,LOW_PREDICTIVE_SIGNAL
701408,701408,94.08,0.0701483006617637,60.0,90.0,89.32,CRITICAL,0.2826,0,High Cost Escalation; High Expenditure Progress Gap,LOW_PREDICTIVE_SIGNAL
701410,701410,43.35,-0.05470227438609426,30.0,90.0,36.68,MEDIUM,0.1144,0,High Cost Escalation,LOW_PREDICTIVE_SIGNAL
701411,701411,47.59,-0.12232659481454489,60.0,90.0,44.54,MEDIUM,0.2637,0,Progress Stagnation,LOW_PREDICTIVE_SIGNAL
701412,701412,31.46,-0.038381476726579766,10.0,90.0,24.76,LOW,0.039,0,High Cost Escalation,LOW_PREDICTIVE_SIGNAL
701415,701415,78.5,0.12339810147503272,60.0,90.0,77.84,HIGH,0.0106,0,High Cost Escalation; Anomalous Project Pattern,LOW_PREDICTIVE_SIGNAL
701530,701530,57.14,-0.04837455939085389,60.0,85.7,51.58,HIGH,0.1644,0,High Expenditure Progress Gap; Progress Stagnation,LOW_PREDICTIVE_SIGNAL
701565,701565,8.24,7.403975212949554e-05,30.0,90.0,21.33,LOW,0.1623,0,Anomalous Project Pattern,LOW_PREDICTIVE_SIGNAL
701568,701568,100.0,-0.13562713328142012,,28.6,87.5,REVIEW_DATA,0.2796,0,Data review is required before risk escalation.,LOW_PREDICTIVE_SIGNAL
701570,701570,43.66,-0.11894885779630632,30.0,90.0,36.91,MEDIUM,0.1894,0,Limited Adverse Evidence,LOW_PREDICTIVE_SIGNAL
701574,701574,0.0,-0.11856197754734243,10.0,90.0,1.58,LOW,0.131,0,Limited Adverse Evidence,LOW_PREDICTIVE_SIGNAL
701576,701576,100.0,-0.13049571252206366,,28.6,87.5,REVIEW_DATA,0.1026,0,Data review is required before risk escalation.,LOW_PREDICTIVE_SIGNAL
701577,701577,82.25,-0.07891142872413565,30.0,32.9,65.34,REVIEW_DATA,0.0939,0,Data review is required before risk escalation.,LOW_PREDICTIVE_SIGNAL
701586,701586,100.0,-0.08000893837173584,30.0,32.9,78.42,REVIEW_DATA,0.0508,0,Data review is required before risk escalation.,LOW_PREDICTIVE_SIGNAL
701593,701593,33.39,-0.04486942061587673,60.0,90.0,34.08,MEDIUM,0.2144,0,Progress Stagnation,LOW_PREDICTIVE_SIGNAL
701597,701597,32.83,-0.04811477481184434,60.0,90.0,33.66,MEDIUM,0.0704,0,Progress Stagnation,LOW_PREDICTIVE_SIGNAL
701598,701598,35.71,-0.04763731640142754,60.0,90.0,35.79,MEDIUM,0.1332,0,Progress Stagnation,LOW_PREDICTIVE_SIGNAL
701599,701599,26.49,-0.0662055882456225,30.0,90.0,24.26,LOW,0.283,0,Limited Adverse Evidence,LOW_PREDICTIVE_SIGNAL
701600,701600,,-0.13529299579073717,,8.6,0.0,REVIEW_DATA,0.4126,0,Data review is required before risk escalation.,WATCH
701602,701602,35.71,-0.022905934456338595,85.0,90.0,39.73,MEDIUM,0.4891,0,Progress Deterioration,WATCH
701657,701657,7.96,-0.10552549012351037,30.0,90.0,10.6,LOW,0.4013,0,Limited Adverse Evidence,WATCH
701658,701658,0.0,-0.10627262571320784,10.0,90.0,1.58,LOW,0.2452,0,Limited Adverse Evidence,LOW_PREDICTIVE_SIGNAL
701661,701661,0.0,-0.08864174109644568,,49.3,0.0,LOW,0.0295,0,Limited Adverse Evidence,LOW_PREDICTIVE_SIGNAL
701662,701662,0.0,-0.08933141227705393,,49.3,0.0,LOW,0.095,0,Limited Adverse Evidence,LOW_PREDICTIVE_SIGNAL
701668,701668,5.42,-0.08084415147122603,30.0,77.1,8.73,LOW,0.0588,0,Limited Adverse Evidence,LOW_PREDICTIVE_SIGNAL
701719,701719,48.12,-0.07594528490402735,60.0,90.0,44.93,MEDIUM,0.1246,0,Progress Stagnation,LOW_PREDICTIVE_SIGNAL
701745,701745,10.06,0.01877603215089141,10.0,90.0,19.52,LOW,0.0572,0,Anomalous Project Pattern,LOW_PREDICTIVE_SIGNAL
701766,701766,56.61,-0.08049005582054891,60.0,90.0,51.19,MEDIUM,0.4956,0,Progress Stagnation,WATCH
701991,701991,27.6,-0.11803632494774158,30.0,90.0,25.07,LOW,0.4092,0,Limited Adverse Evidence,WATCH
702355,702355,100.0,-0.10490648911188172,60.0,52.1,83.16,CRITICAL,0.6817,1,Progress Stagnation,ELEVATED
702625,702625,17.11,-0.1169280866519215,30.0,90.0,17.34,LOW,0.1397,0,Limited Adverse Evidence,LOW_PREDICTIVE_SIGNAL
702626,702626,27.43,-0.1210563756575751,30.0,90.0,24.95,LOW,0.3498,0,Limited Adverse Evidence,WATCH
702627,702627,56.79,-0.00725721384408784,60.0,90.0,51.32,MEDIUM,0.4556,0,High Expenditure Progress Gap; Progress Stagnation,WATCH
702628,702628,22.01,-0.10744545248394066,30.0,90.0,20.95,LOW,0.1871,0,Limited Adverse Evidence,LOW_PREDICTIVE_SIGNAL
702629,702629,12.58,-0.1133293604554163,30.0,90.0,14.01,LOW,0.1811,0,Limited Adverse Evidence,LOW_PREDICTIVE_SIGNAL
702630,702630,18.81,-0.11686622949173958,30.0,90.0,18.6,LOW,0.1165,0,Limited Adverse Evidence,LOW_PREDICTIVE_SIGNAL
702631,702631,100.0,-0.13049571252206366,,28.6,87.5,REVIEW_DATA,0.4098,0,Data review is required before risk escalation.,WATCH
702632,702632,16.35,-0.05849685372277125,30.0,90.0,16.78,LOW,0.2614,0,Limited Adverse Evidence,LOW_PREDICTIVE_SIGNAL
702633,702633,100.0,-0.13181278986979483,,28.6,87.5,REVIEW_DATA,0.1015,0,Data review is required before risk escalation.,LOW_PREDICTIVE_SIGNAL
702635,702635,44.15,-0.10087508697803199,60.0,90.0,42.01,MEDIUM,0.116,0,Progress Stagnation,LOW_PREDICTIVE_SIGNAL
702637,702637,64.29,0.048425263841421096,30.0,90.0,62.63,HIGH,0.0993,0,High Cost Escalation; Anomalous Project Pattern,LOW_PREDICTIVE_SIGNAL
702639,702639,80.47,-0.12613041084767485,30.0,52.1,64.03,HIGH,0.1136,0,Limited Adverse Evidence,LOW_PREDICTIVE_SIGNAL
702658,702658,6.76,-0.1082242533966315,30.0,90.0,9.72,LOW,0.1429,0,Limited Adverse Evidence,LOW_PREDICTIVE_SIGNAL
702664,702664,0.28,-0.11068303333353818,30.0,90.0,4.94,LOW,0.4588,0,Limited Adverse Evidence,WATCH
702665,702665,21.98,-0.09641609007024077,30.0,90.0,20.93,LOW,0.3425,0,Limited Adverse Evidence,WATCH
702668,702668,13.31,-0.02791614818739041,30.0,90.0,14.54,LOW,0.1204,0,Limited Adverse Evidence,LOW_PREDICTIVE_SIGNAL
702674,702674,57.14,0.30415797448025106,60.0,90.0,62.1,HIGH,0.4271,0,High Expenditure Progress Gap; Anomalous Project Pattern,WATCH
702699,702699,28.67,-0.12105602636135954,30.0,90.0,25.86,LOW,0.2535,0,Limited Adverse Evidence,LOW_PREDICTIVE_SIGNAL
702734,702734,35.71,-0.12855822148570917,60.0,90.0,35.79,MEDIUM,0.3161,0,Progress Stagnation,WATCH
702735,702735,0.0,-0.13049571252206366,30.0,32.9,4.74,REVIEW_DATA,0.2734,0,Data review is required before risk escalation.,LOW_PREDICTIVE_SIGNAL
702741,702741,35.71,-0.1293907818678739,60.0,90.0,35.79,MEDIUM,0.3384,0,Progress Stagnation,WATCH
702742,702742,35.71,-0.13006565455405822,60.0,90.0,35.79,MEDIUM,0.4001,0,Progress Stagnation,WATCH
702746,702746,35.71,-0.12985952042970028,60.0,90.0,35.79,MEDIUM,0.3462,0,Progress Stagnation,WATCH
702760,702760,35.71,-0.12604700617547482,60.0,90.0,35.79,MEDIUM,0.5056,1,Progress Stagnation,ELEVATED
702764,702764,100.0,-0.1322595365860187,30.0,32.9,78.42,REVIEW_DATA,0.4551,0,Data review is required before risk escalation.,WATCH
702793,702793,35.71,-0.11784595950273546,60.0,90.0,35.79,MEDIUM,0.1479,0,Progress Stagnation,LOW_PREDICTIVE_SIGNAL
702798,702798,0.0,-0.13049571252206366,30.0,32.9,4.74,REVIEW_DATA,0.3458,0,Data review is required before risk escalation.,WATCH
702808,702808,43.73,-0.10828685256803505,60.0,90.0,41.7,MEDIUM,0.1425,0,Progress Stagnation,LOW_PREDICTIVE_SIGNAL
702810,702810,41.38,-0.12192201838567768,60.0,90.0,39.96,MEDIUM,0.1382,0,Progress Stagnation,LOW_PREDICTIVE_SIGNAL
702833,702833,35.71,-0.1287049955191628,60.0,90.0,35.79,MEDIUM,0.6639,1,Progress Stagnation,ELEVATED
702840,702840,100.0,-0.13137614243589457,60.0,52.1,83.16,CRITICAL,0.2599,0,Progress Stagnation,LOW_PREDICTIVE_SIGNAL
702851,702851,80.28,-0.13193280304829436,30.0,60.7,63.89,HIGH,0.2022,0,Limited Adverse Evidence,LOW_PREDICTIVE_SIGNAL
702854,702854,100.0,-0.13271242338123995,60.0,52.1,83.16,CRITICAL,0.2492,0,Progress Stagnation,LOW_PREDICTIVE_SIGNAL
702948,702948,,-0.13049571252206366,,24.3,0.0,REVIEW_DATA,0.1002,0,Data review is required before risk escalation.,LOW_PREDICTIVE_SIGNAL
702949,702949,35.71,-0.12084268795943198,60.0,90.0,35.79,MEDIUM,0.1147,0,Progress Stagnation,LOW_PREDICTIVE_SIGNAL
702958,702958,49.34,-0.11548118709921429,60.0,77.1,45.83,MEDIUM,0.1566,0,Progress Stagnation,LOW_PREDICTIVE_SIGNAL
703021,703021,1.98,-0.016927127158017752,10.0,90.0,3.04,LOW,0.0349,0,Limited Adverse Evidence,LOW_PREDICTIVE_SIGNAL
703057,703057,35.71,-0.12032106428596451,60.0,90.0,35.79,MEDIUM,0.1983,0,Progress Stagnation,LOW_PREDICTIVE_SIGNAL
703585,703585,84.22,-0.12967082338877278,30.0,60.7,66.79,HIGH,0.553,1,Limited Adverse Evidence,ELEVATED
703586,703586,78.57,-0.01805757000753644,85.0,90.0,71.31,HIGH,0.4941,0,High Cost Escalation; Progress Deterioration,WATCH
704495,704495,31.56,-0.0747022008986038,60.0,90.0,32.73,MEDIUM,0.3471,0,Progress Stagnation,WATCH
705237,705237,81.25,-0.005867039734045176,60.0,90.0,69.34,HIGH,0.1187,0,High Cost Escalation; Progress Stagnation,LOW_PREDICTIVE_SIGNAL
705244,705244,57.14,-0.04932549825889676,60.0,90.0,51.58,HIGH,0.1766,0,High Expenditure Progress Gap; Progress Stagnation,LOW_PREDICTIVE_SIGNAL
705252,705252,100.0,-0.08182189005952645,60.0,60.7,83.16,CRITICAL,0.1323,0,Progress Stagnation,LOW_PREDICTIVE_SIGNAL
705253,705253,57.07,0.004962916816197094,60.0,90.0,62.05,HIGH,0.1508,0,High Expenditure Progress Gap; Progress Stagnation,LOW_PREDICTIVE_SIGNAL
705298,705298,35.71,-0.0928178153854694,60.0,90.0,35.79,MEDIUM,0.4649,0,Progress Stagnation,WATCH
705356,705356,78.57,0.012517450898283544,85.0,90.0,81.84,HIGH,0.506,1,High Cost Escalation; Progress Deterioration,ELEVATED
705357,705357,80.28,0.10034917967997137,60.0,90.0,79.15,HIGH,0.2079,0,High Cost Escalation; Progress Stagnation,LOW_PREDICTIVE_SIGNAL
705358,705358,69.12,-0.036790853897749665,30.0,90.0,55.67,HIGH,0.3281,0,High Cost Escalation,WATCH
705359,705359,78.57,-0.02701277728519419,60.0,90.0,67.37,HIGH,0.4526,0,High Cost Escalation; Progress Stagnation,WATCH
705362,705362,100.0,-0.13509047381025613,60.0,60.7,83.16,CRITICAL,0.6306,1,Progress Stagnation,ELEVATED
705364,705364,98.03,-0.12905928651579313,60.0,60.7,81.71,HIGH,0.7004,1,Progress Stagnation,HIGH_PREDICTIVE_SIGNAL
705366,705366,78.57,-0.02984610570402596,85.0,90.0,71.31,HIGH,0.3227,0,High Cost Escalation; Progress Deterioration,WATCH
705368,705368,97.1,0.019128193925443293,85.0,90.0,95.49,CRITICAL,0.3893,0,High Expenditure Progress Gap; High Cost Escalation,WATCH
705373,705373,78.57,-0.00511055923603998,85.0,90.0,71.31,HIGH,0.1114,0,High Cost Escalation; Progress Deterioration,LOW_PREDICTIVE_SIGNAL
705375,705375,68.77,-0.06143141735515284,85.0,90.0,64.09,HIGH,0.3679,0,Progress Deterioration; High Cost Escalation,WATCH
705385,705385,58.31,0.02664220200165024,85.0,90.0,66.91,HIGH,0.1828,0,High Expenditure Progress Gap; Progress Deterioration,LOW_PREDICTIVE_SIGNAL
705391,705391,33.33,-0.044645034162234365,10.0,90.0,26.14,LOW,0.2929,0,High Cost Escalation,LOW_PREDICTIVE_SIGNAL
705392,705392,64.48,-0.0016451191168713186,30.0,90.0,52.25,HIGH,0.6038,1,High Cost Escalation,ELEVATED
705394,705394,36.6,-0.11591010433617299,30.0,77.1,31.71,LOW,0.1114,0,Limited Adverse Evidence,LOW_PREDICTIVE_SIGNAL
705396,705396,100.0,-0.08160625239023694,30.0,32.9,78.42,REVIEW_DATA,0.1013,0,Data review is required before risk escalation.,LOW_PREDICTIVE_SIGNAL
705401,705401,87.18,0.021633201777747135,85.0,90.0,88.19,CRITICAL,0.2116,0,High Cost Escalation; Progress Deterioration,LOW_PREDICTIVE_SIGNAL
705410,705410,78.57,-0.039956100303016495,60.0,81.4,67.37,HIGH,0.3137,0,High Cost Escalation; Progress Stagnation,WATCH
705419,705419,58.12,-0.06674281814543737,85.0,90.0,56.25,HIGH,0.1481,0,Progress Deterioration,LOW_PREDICTIVE_SIGNAL
705424,705424,30.71,-0.0681453874343208,30.0,90.0,27.37,LOW,0.101,0,Limited Adverse Evidence,LOW_PREDICTIVE_SIGNAL
705428,705428,80.28,-0.12572575429329425,30.0,60.7,63.89,HIGH,0.4781,0,Limited Adverse Evidence,WATCH
705429,705429,21.1,-0.10675495043117789,30.0,60.7,20.28,LOW,0.2912,0,Limited Adverse Evidence,LOW_PREDICTIVE_SIGNAL
705432,705432,77.07,-0.0152068014010035,85.0,90.0,70.21,HIGH,0.4231,0,Progress Deterioration; High Cost Escalation,WATCH
705433,705433,39.93,-0.11881992246244144,60.0,90.0,38.9,MEDIUM,0.3186,0,Progress Stagnation,WATCH
705434,705434,80.28,-0.1314832729151032,30.0,60.7,63.89,HIGH,0.5006,1,Limited Adverse Evidence,ELEVATED
705436,705436,99.61,-0.10817058806554031,60.0,60.7,82.87,HIGH,0.6604,1,Progress Stagnation,ELEVATED
705437,705437,99.61,-0.13375827966839215,60.0,60.7,82.87,HIGH,0.7725,1,Progress Stagnation,HIGH_PREDICTIVE_SIGNAL
705444,705444,57.61,-0.10086614320374215,30.0,90.0,47.19,MEDIUM,0.4896,0,High Cost Escalation,WATCH
705450,705450,47.21,-0.12092871540267647,60.0,90.0,44.26,MEDIUM,0.2473,0,Progress Stagnation,LOW_PREDICTIVE_SIGNAL
705453,705453,64.48,0.12124115969694749,30.0,90.0,62.77,HIGH,0.113,0,High Cost Escalation; Anomalous Project Pattern,LOW_PREDICTIVE_SIGNAL
705454,705454,64.17,0.018339089691956023,85.0,90.0,71.23,HIGH,0.5427,1,High Expenditure Progress Gap; Progress Deterioration,ELEVATED
705457,705457,78.57,0.12575347872236253,85.0,90.0,81.84,HIGH,0.0425,0,High Cost Escalation; Progress Deterioration,LOW_PREDICTIVE_SIGNAL
705458,705458,100.0,0.07083748140454382,85.0,90.0,97.63,CRITICAL,0.6081,1,High Expenditure Progress Gap; High Cost Escalation,ELEVATED
705464,705464,100.0,-0.08000893837173584,30.0,32.9,78.42,REVIEW_DATA,0.0508,0,Data review is required before risk escalation.,LOW_PREDICTIVE_SIGNAL
705479,705479,14.58,-0.12403763068870632,30.0,90.0,15.48,LOW,0.1116,0,Limited Adverse Evidence,LOW_PREDICTIVE_SIGNAL
705480,705480,35.93,-0.09381776795361785,85.0,90.0,39.9,MEDIUM,0.4076,0,Progress Deterioration,WATCH
705481,705481,44.27,-0.061339748943713024,30.0,85.7,37.36,MEDIUM,0.1828,0,High Cost Escalation,LOW_PREDICTIVE_SIGNAL
705482,705482,86.19,-0.12691520690702018,60.0,60.7,72.98,HIGH,0.6369,1,Progress Stagnation,ELEVATED
705489,705489,80.17,0.05842674902270706,30.0,57.9,74.34,HIGH,0.2837,0,High Cost Escalation; Anomalous Project Pattern,LOW_PREDICTIVE_SIGNAL
705490,705490,70.04,-0.02671054302196091,60.0,90.0,61.08,HIGH,0.1464,0,High Expenditure Progress Gap; Progress Stagnation,LOW_PREDICTIVE_SIGNAL
705491,705491,84.72,-0.02388821557319659,85.0,90.0,75.85,HIGH,0.7638,1,High Cost Escalation; Progress Deterioration,HIGH_PREDICTIVE_SIGNAL
705492,705492,52.41,-0.11253479456812943,85.0,90.0,52.04,HIGH,0.1781,0,Progress Deterioration,LOW_PREDICTIVE_SIGNAL
705493,705493,18.38,0.007536915774977948,10.0,77.1,25.65,LOW,0.1032,0,High Expenditure Progress Gap; Anomalous Project Pattern,LOW_PREDICTIVE_SIGNAL
705494,705494,78.57,-0.029309544797429754,85.0,90.0,71.31,HIGH,0.7633,1,High Cost Escalation; Progress Deterioration,HIGH_PREDICTIVE_SIGNAL
705495,705495,59.09,-0.07790593236305815,85.0,90.0,56.96,HIGH,0.5839,1,Progress Deterioration,ELEVATED
705496,705496,11.18,-0.08475732344343512,10.0,90.0,9.82,LOW,0.141,0,Limited Adverse Evidence,LOW_PREDICTIVE_SIGNAL
705497,705497,67.87,-0.027114727657246207,60.0,77.1,59.48,HIGH,0.4971,0,High Expenditure Progress Gap; Progress Stagnation,WATCH
705498,705498,85.56,-0.07104794650898988,60.0,90.0,72.52,HIGH,0.7455,1,High Cost Escalation; Progress Stagnation,HIGH_PREDICTIVE_SIGNAL
705500,705500,80.77,-0.0778117464948041,60.0,90.0,68.99,HIGH,0.2272,0,High Cost Escalation; Progress Stagnation,LOW_PREDICTIVE_SIGNAL
705502,705502,78.57,-0.007373900679287115,85.0,90.0,71.31,HIGH,0.8135,1,High Cost Escalation; Progress Deterioration,HIGH_PREDICTIVE_SIGNAL
705503,705503,100.0,-0.13049571252206366,30.0,32.9,78.42,REVIEW_DATA,0.4131,0,Data review is required before risk escalation.,WATCH
705504,705504,57.44,-0.07056431266446084,30.0,90.0,47.06,MEDIUM,0.4398,0,High Cost Escalation,WATCH
705505,705505,80.31,-0.06591058179700454,60.0,90.0,68.65,HIGH,0.4173,0,High Cost Escalation; Progress Stagnation,WATCH
705506,705506,78.57,-0.05424439358876637,60.0,90.0,67.37,HIGH,0.0636,0,High Cost Escalation; Progress Stagnation,LOW_PREDICTIVE_SIGNAL
705507,705507,58.67,-0.07293783093263873,60.0,90.0,52.7,HIGH,0.5963,1,High Expenditure Progress Gap; Progress Stagnation,ELEVATED
705510,705510,51.25,-0.07021482306840154,85.0,90.0,51.18,MEDIUM,0.3681,0,Progress Deterioration,WATCH
705511,705511,35.73,-0.0938682964416776,85.0,90.0,39.75,MEDIUM,0.2021,0,Progress Deterioration,LOW_PREDICTIVE_SIGNAL
705512,705512,55.95,-0.10891606649922658,30.0,90.0,45.96,MEDIUM,0.2022,0,Limited Adverse Evidence,LOW_PREDICTIVE_SIGNAL
705513,705513,59.82,0.0007915636197669551,85.0,90.0,68.03,HIGH,0.8051,1,High Expenditure Progress Gap; Progress Deterioration,HIGH_PREDICTIVE_SIGNAL
705514,705514,57.14,0.0769360213662077,85.0,90.0,66.05,HIGH,0.1725,0,High Expenditure Progress Gap; Progress Deterioration,LOW_PREDICTIVE_SIGNAL
705515,705515,78.57,-0.0007059259804189089,85.0,90.0,71.31,HIGH,0.4736,0,High Cost Escalation; Progress Deterioration,WATCH
705526,705526,78.57,-0.03334751574920636,85.0,90.0,71.31,HIGH,0.2563,0,High Cost Escalation; Progress Deterioration,LOW_PREDICTIVE_SIGNAL
705527,705527,54.79,-0.0467997070235448,85.0,90.0,53.79,HIGH,0.192,0,Progress Deterioration,LOW_PREDICTIVE_SIGNAL
705528,705528,42.04,-0.11289601276432099,60.0,90.0,40.45,MEDIUM,0.4748,0,Progress Stagnation,WATCH
705562,705562,41.09,-0.0982537836267896,85.0,90.0,43.7,MEDIUM,0.2591,0,Progress Deterioration,LOW_PREDICTIVE_SIGNAL
705567,705567,18.12,-0.030984278018976852,10.0,90.0,14.93,LOW,0.0228,0,Limited Adverse Evidence,LOW_PREDICTIVE_SIGNAL
705572,705572,50.08,-0.09639490455544747,85.0,90.0,50.32,MEDIUM,0.1753,0,Progress Deterioration,LOW_PREDICTIVE_SIGNAL
705583,705583,60.44,-0.0641961254656121,60.0,90.0,54.01,HIGH,0.6733,1,High Expenditure Progress Gap; Progress Stagnation,ELEVATED
705588,705588,42.86,0.009833757959721912,10.0,90.0,43.69,MEDIUM,0.7086,1,High Cost Escalation; Anomalous Project Pattern,HIGH_PREDICTIVE_SIGNAL
705598,705598,21.63,-0.10662628129291402,30.0,90.0,20.67,LOW,0.0442,0,Limited Adverse Evidence,LOW_PREDICTIVE_SIGNAL
705608,705608,0.49,-0.11784211386631305,30.0,90.0,5.1,LOW,0.3277,0,Limited Adverse Evidence,WATCH
705610,705610,78.57,0.12470970052599673,85.0,90.0,81.84,HIGH,0.2933,0,High Cost Escalation; Progress Deterioration,LOW_PREDICTIVE_SIGNAL
705612,705612,99.61,-0.1329428529256742,60.0,60.7,82.87,HIGH,0.5337,1,Progress Stagnation,ELEVATED
705613,705613,96.06,-0.13252015489274743,60.0,60.7,80.25,HIGH,0.4538,0,Progress Stagnation,WATCH
705616,705616,60.45,-0.055187138984643225,85.0,90.0,57.96,HIGH,0.1232,0,Progress Deterioration,LOW_PREDICTIVE_SIGNAL
705617,705617,35.71,-0.07342317464511816,85.0,90.0,39.73,MEDIUM,0.186,0,Progress Deterioration,LOW_PREDICTIVE_SIGNAL
705628,705628,14.58,-0.11628241624615537,30.0,90.0,15.48,LOW,0.2661,0,Limited Adverse Evidence,LOW_PREDICTIVE_SIGNAL
705629,705629,26.97,-0.08423489674441903,10.0,90.0,21.45,LOW,0.1496,0,Limited Adverse Evidence,LOW_PREDICTIVE_SIGNAL
705632,705632,53.32,-0.03988908546932285,85.0,90.0,52.71,HIGH,0.2978,0,Progress Deterioration,LOW_PREDICTIVE_SIGNAL
705633,705633,99.01,-0.13251459176145441,60.0,60.7,82.43,HIGH,0.5746,1,Progress Stagnation,ELEVATED
705635,705635,77.47,0.03177667418126684,30.0,85.7,72.35,HIGH,0.5826,1,High Cost Escalation; High Expenditure Progress Gap,ELEVATED
705638,705638,65.62,-0.048766809128240274,85.0,90.0,61.77,HIGH,0.1667,0,Progress Deterioration,LOW_PREDICTIVE_SIGNAL
705639,705639,68.54,-0.05691592609885471,60.0,90.0,59.98,HIGH,0.5877,1,Progress Stagnation,ELEVATED
705648,705648,100.0,-0.1314979319638474,60.0,60.7,83.16,CRITICAL,0.3717,0,Progress Stagnation,WATCH
705650,705650,99.8,-0.1292926961797144,60.0,60.7,83.01,HIGH,0.2404,0,Progress Stagnation,LOW_PREDICTIVE_SIGNAL
705651,705651,40.83,-0.13049571252206366,,28.6,35.73,REVIEW_DATA,0.2342,0,Data review is required before risk escalation.,LOW_PREDICTIVE_SIGNAL
705659,705659,45.19,-0.09849739389281198,30.0,90.0,38.03,MEDIUM,0.2203,0,Limited Adverse Evidence,LOW_PREDICTIVE_SIGNAL
705660,705660,95.07,-0.13436927229917373,60.0,60.7,79.53,HIGH,0.6809,1,Progress Stagnation,ELEVATED
705661,705661,78.57,-0.016309579362273452,85.0,90.0,71.31,HIGH,0.4237,0,High Cost Escalation; Progress Deterioration,WATCH
705662,705662,100.0,-0.13462508564267162,,28.6,87.5,REVIEW_DATA,0.3137,0,Data review is required before risk escalation.,WATCH
705663,705663,64.46,-0.025466607111536255,85.0,90.0,60.92,HIGH,0.1365,0,Progress Deterioration,LOW_PREDICTIVE_SIGNAL
705667,705667,36.51,-0.07992879742263848,85.0,90.0,40.32,MEDIUM,0.0749,0,Progress Deterioration,LOW_PREDICTIVE_SIGNAL
705668,705668,36.08,-0.10843834436776917,60.0,90.0,36.06,MEDIUM,0.0643,0,Progress Stagnation,LOW_PREDICTIVE_SIGNAL
705728,705728,35.69,-0.08420535643961552,30.0,90.0,31.03,LOW,0.8493,1,High Expenditure Progress Gap,HIGH_PREDICTIVE_SIGNAL
705730,705730,100.0,-0.12341081631466005,60.0,60.7,83.16,CRITICAL,0.35,0,Progress Stagnation,WATCH
705735,705735,64.29,0.03733485909561318,10.0,90.0,59.48,HIGH,0.6825,1,High Expenditure Progress Gap; High Cost Escalation,ELEVATED
705741,705741,35.8,-0.07130206977871928,85.0,90.0,39.8,MEDIUM,0.2988,0,Progress Deterioration,LOW_PREDICTIVE_SIGNAL
705742,705742,54.47,0.02587925656092488,85.0,85.7,64.08,HIGH,0.1938,0,High Expenditure Progress Gap; Progress Deterioration,LOW_PREDICTIVE_SIGNAL
705747,705747,100.0,-0.07909787469249696,30.0,32.9,78.42,REVIEW_DATA,0.0508,0,Data review is required before risk escalation.,LOW_PREDICTIVE_SIGNAL
705752,705752,28.67,-0.08655171871386613,30.0,90.0,25.86,LOW,0.2598,0,Limited Adverse Evidence,LOW_PREDICTIVE_SIGNAL
705761,705761,38.55,-0.029499730050538686,60.0,90.0,37.88,MEDIUM,0.2203,0,Progress Stagnation,LOW_PREDICTIVE_SIGNAL
705762,705762,100.0,-0.08000893837173584,30.0,32.9,78.42,REVIEW_DATA,0.031,0,Data review is required before risk escalation.,LOW_PREDICTIVE_SIGNAL
705763,705763,0.0,-0.10230603982790731,10.0,60.7,1.58,LOW,0.1541,0,Limited Adverse Evidence,LOW_PREDICTIVE_SIGNAL
705764,705764,81.2,-0.058631768447623356,60.0,90.0,69.31,HIGH,0.186,0,High Cost Escalation; Progress Stagnation,LOW_PREDICTIVE_SIGNAL
705765,705765,44.53,-0.08938303107691736,85.0,90.0,46.23,MEDIUM,0.6354,1,Progress Deterioration,ELEVATED
705766,705766,46.43,-0.1144313756974859,85.0,90.0,47.63,MEDIUM,0.1243,0,Progress Deterioration,LOW_PREDICTIVE_SIGNAL
705771,705771,21.1,-0.1312434174308466,30.0,60.7,20.28,LOW,0.4643,0,Limited Adverse Evidence,WATCH
705772,705772,0.01,-0.11906320214198346,10.0,90.0,1.59,LOW,0.2446,0,Limited Adverse Evidence,LOW_PREDICTIVE_SIGNAL
705774,705774,9.33,-0.1071043033640256,30.0,90.0,11.61,LOW,0.1732,0,Limited Adverse Evidence,LOW_PREDICTIVE_SIGNAL
705777,705777,43.05,-0.042198110961080726,30.0,90.0,36.46,MEDIUM,0.5001,1,High Expenditure Progress Gap,ELEVATED
705780,705780,35.73,-0.09983216889563662,85.0,90.0,39.75,MEDIUM,0.1727,0,Progress Deterioration,LOW_PREDICTIVE_SIGNAL
705782,705782,58.18,-0.10353930729076449,60.0,90.0,52.34,HIGH,0.342,0,Progress Stagnation,WATCH
705783,705783,6.03,-0.08090254045792583,10.0,90.0,6.02,LOW,0.3034,0,Limited Adverse Evidence,WATCH
705785,705785,28.97,-0.0156505066835686,30.0,90.0,26.08,LOW,0.7933,1,High Expenditure Progress Gap,HIGH_PREDICTIVE_SIGNAL
705789,705789,,-0.13568462094294376,,24.3,0.0,REVIEW_DATA,0.2122,0,Data review is required before risk escalation.,LOW_PREDICTIVE_SIGNAL
705793,705793,69.09,-0.03681024857532711,60.0,90.0,60.38,HIGH,0.3923,0,High Expenditure Progress Gap; Progress Stagnation,WATCH
705794,705794,100.0,-0.08182189005952645,60.0,60.7,83.16,CRITICAL,0.1323,0,Progress Stagnation,LOW_PREDICTIVE_SIGNAL
705799,705799,100.0,-0.1349615456074692,60.0,60.7,83.16,CRITICAL,0.5916,1,Progress Stagnation,ELEVATED
705912,705912,1.38,-0.0989968391745697,30.0,60.7,5.75,LOW,0.1554,0,Limited Adverse Evidence,LOW_PREDICTIVE_SIGNAL
705918,705918,0.0,-0.04192740716661475,10.0,60.7,1.58,LOW,0.1714,0,Limited Adverse Evidence,LOW_PREDICTIVE_SIGNAL
705919,705919,21.63,-0.12377698132381093,30.0,90.0,20.67,LOW,0.6285,1,Limited Adverse Evidence,ELEVATED
705933,705933,38.86,-0.060786832355065434,10.0,90.0,30.21,LOW,0.0554,0,High Cost Escalation,LOW_PREDICTIVE_SIGNAL
705941,705941,35.22,-0.1027622057675015,60.0,90.0,35.43,MEDIUM,0.7946,1,Progress Stagnation,HIGH_PREDICTIVE_SIGNAL
706718,706718,18.46,-0.12571024723059415,30.0,90.0,18.34,LOW,0.5836,1,Limited Adverse Evidence,ELEVATED
706724,706724,59.12,-0.06323391244076948,30.0,90.0,48.3,MEDIUM,0.0886,0,Limited Adverse Evidence,LOW_PREDICTIVE_SIGNAL
706757,706757,100.0,-0.13093954234911215,60.0,60.7,83.16,CRITICAL,0.682,1,Progress Stagnation,ELEVATED
706759,706759,40.01,-0.08097986609076657,85.0,90.0,42.9,MEDIUM,0.1555,0,Progress Deterioration,LOW_PREDICTIVE_SIGNAL
706763,706763,7.97,-0.08347472634422182,10.0,90.0,7.45,LOW,0.0978,0,Limited Adverse Evidence,LOW_PREDICTIVE_SIGNAL
706775,706775,21.43,0.21289457312812365,10.0,85.7,27.9,LOW,0.0217,0,High Expenditure Progress Gap; Anomalous Project Pattern,LOW_PREDICTIVE_SIGNAL
706776,706776,96.06,-0.11092419019330241,60.0,60.7,80.25,HIGH,0.7798,1,Progress Stagnation,HIGH_PREDICTIVE_SIGNAL
706777,706777,100.0,-0.09999124475602217,60.0,60.7,83.16,CRITICAL,0.6727,1,Progress Stagnation,ELEVATED
706779,706779,100.0,-0.1350313957735081,60.0,60.7,83.16,CRITICAL,0.5901,1,Progress Stagnation,ELEVATED
706780,706780,40.83,-0.08367222822969689,30.0,60.7,34.82,MEDIUM,0.1962,0,Limited Adverse Evidence,LOW_PREDICTIVE_SIGNAL
706781,706781,100.0,-0.1223798489721829,60.0,60.7,83.16,CRITICAL,0.2907,0,Progress Stagnation,LOW_PREDICTIVE_SIGNAL
706811,706811,66.6,-0.05984473294448406,30.0,90.0,53.81,HIGH,0.2358,0,High Cost Escalation,LOW_PREDICTIVE_SIGNAL
706835,706835,100.0,-0.08182189005952645,60.0,60.7,83.16,CRITICAL,0.1323,0,Progress Stagnation,LOW_PREDICTIVE_SIGNAL
706836,706836,56.39,-0.09789499531276624,60.0,77.1,51.02,MEDIUM,0.4063,0,Progress Stagnation,WATCH
706837,706837,32.19,-0.12636500918094112,60.0,90.0,33.19,MEDIUM,0.5179,1,Progress Stagnation,ELEVATED
706854,706854,9.21,-0.07705042078655489,10.0,90.0,8.37,LOW,0.0611,0,Limited Adverse Evidence,LOW_PREDICTIVE_SIGNAL
706860,706860,41.88,-0.008018819467481786,85.0,90.0,44.28,MEDIUM,0.1248,0,Progress Deterioration,LOW_PREDICTIVE_SIGNAL
706865,706865,35.71,-0.08682146310200828,60.0,77.1,35.79,MEDIUM,0.0802,0,Progress Stagnation,LOW_PREDICTIVE_SIGNAL
706866,706866,40.07,-0.10455099963539166,60.0,90.0,39.0,MEDIUM,0.1505,0,Progress Stagnation,LOW_PREDICTIVE_SIGNAL
706898,706898,100.0,-0.08182189005952645,60.0,60.7,83.16,CRITICAL,0.1323,0,Progress Stagnation,LOW_PREDICTIVE_SIGNAL
706922,706922,100.0,-0.13527443750805063,60.0,60.7,83.16,CRITICAL,0.4531,0,Progress Stagnation,WATCH
706940,706940,100.0,-0.08182189005952645,60.0,60.7,83.16,CRITICAL,0.1323,0,Progress Stagnation,LOW_PREDICTIVE_SIGNAL
706942,706942,100.0,-0.08182189005952645,60.0,60.7,83.16,CRITICAL,0.1323,0,Progress Stagnation,LOW_PREDICTIVE_SIGNAL
706950,706950,99.01,-0.13096819462176956,60.0,60.7,82.43,HIGH,0.1572,0,Progress Stagnation,LOW_PREDICTIVE_SIGNAL
706965,706965,57.14,-0.012570253272195131,30.0,57.9,46.84,MEDIUM,0.03,0,High Expenditure Progress Gap,LOW_PREDICTIVE_SIGNAL
706966,706966,57.14,-0.012570253272195131,30.0,57.9,46.84,MEDIUM,0.03,0,High Expenditure Progress Gap,LOW_PREDICTIVE_SIGNAL
706988,706988,14.48,-0.1031294019619925,30.0,57.9,15.41,LOW,0.2868,0,Limited Adverse Evidence,LOW_PREDICTIVE_SIGNAL
706989,706989,57.14,0.032359428200163354,30.0,57.9,57.37,HIGH,0.0371,0,High Expenditure Progress Gap; Anomalous Project Pattern,LOW_PREDICTIVE_SIGNAL
707016,707016,57.14,-0.012570253272195131,30.0,57.9,46.84,MEDIUM,0.03,0,High Expenditure Progress Gap,LOW_PREDICTIVE_SIGNAL
707017,707017,57.14,-0.012570253272195131,30.0,57.9,46.84,MEDIUM,0.03,0,High Expenditure Progress Gap,LOW_PREDICTIVE_SIGNAL
707018,707018,57.14,-0.012570253272195131,30.0,57.9,46.84,MEDIUM,0.03,0,High Expenditure Progress Gap,LOW_PREDICTIVE_SIGNAL
707019,707019,57.14,-0.012570253272195131,30.0,57.9,46.84,MEDIUM,0.03,0,High Expenditure Progress Gap,LOW_PREDICTIVE_SIGNAL
707020,707020,78.57,-0.030939931482893868,60.0,90.0,67.37,HIGH,0.7326,1,High Cost Escalation; Progress Stagnation,HIGH_PREDICTIVE_SIGNAL
707021,707021,88.3,-0.026851456231624826,60.0,90.0,74.54,HIGH,0.5699,1,High Cost Escalation; Progress Stagnation,ELEVATED
707022,707022,78.57,-0.03351131485513781,60.0,90.0,67.37,HIGH,0.7683,1,High Cost Escalation; Progress Stagnation,HIGH_PREDICTIVE_SIGNAL
707039,707039,87.81,0.0070873469503881514,60.0,90.0,84.7,CRITICAL,0.1506,0,High Cost Escalation; Progress Stagnation,LOW_PREDICTIVE_SIGNAL
707044,707044,28.67,-0.12052098278386147,30.0,90.0,25.86,LOW,0.3654,0,Limited Adverse Evidence,WATCH
707045,707045,32.36,-0.10225178500445037,30.0,90.0,28.58,LOW,0.7605,1,Limited Adverse Evidence,HIGH_PREDICTIVE_SIGNAL
707046,707046,35.71,-0.032441868095760384,85.0,90.0,39.73,MEDIUM,0.4938,0,Progress Deterioration,WATCH
707049,707049,75.05,-0.06553096694686916,60.0,90.0,64.77,HIGH,0.5156,1,High Cost Escalation; Progress Stagnation,ELEVATED
707050,707050,78.87,0.04566928479656718,30.0,90.0,73.38,HIGH,0.2945,0,High Expenditure Progress Gap; High Cost Escalation,LOW_PREDICTIVE_SIGNAL
707051,707051,35.71,-0.13051338004401236,30.0,57.9,31.05,LOW,0.1759,0,Limited Adverse Evidence,LOW_PREDICTIVE_SIGNAL
707052,707052,57.14,-0.032603111956964526,30.0,57.9,46.84,MEDIUM,0.0333,0,High Expenditure Progress Gap,LOW_PREDICTIVE_SIGNAL
707057,707057,57.14,-0.05017967171065829,30.0,57.9,46.84,MEDIUM,0.0944,0,High Expenditure Progress Gap,LOW_PREDICTIVE_SIGNAL
707058,707058,21.63,-0.1241207714013427,30.0,90.0,20.67,LOW,0.1405,0,Limited Adverse Evidence,LOW_PREDICTIVE_SIGNAL
707059,707059,21.63,-0.11598148209988418,30.0,90.0,20.67,LOW,0.7492,1,Limited Adverse Evidence,HIGH_PREDICTIVE_SIGNAL
707067,707067,57.14,-0.041051804168123374,30.0,57.9,46.84,MEDIUM,0.0654,0,High Expenditure Progress Gap,LOW_PREDICTIVE_SIGNAL
707069,707069,84.77,-0.013387949381938935,60.0,90.0,71.94,HIGH,0.0275,0,High Cost Escalation; Progress Stagnation,LOW_PREDICTIVE_SIGNAL
707070,707070,17.2,-0.0599730986092229,30.0,90.0,17.41,LOW,0.2788,0,Limited Adverse Evidence,LOW_PREDICTIVE_SIGNAL
707086,707086,9.68,0.03057678246359863,10.0,90.0,19.24,LOW,0.2013,0,Anomalous Project Pattern,LOW_PREDICTIVE_SIGNAL
707087,707087,78.57,-0.005829160818397905,85.0,90.0,71.31,HIGH,0.1154,0,High Cost Escalation; Progress Deterioration,LOW_PREDICTIVE_SIGNAL
707215,707215,73.58,0.19615592904411794,30.0,90.0,69.48,HIGH,0.5413,1,High Expenditure Progress Gap; High Cost Escalation,ELEVATED
707229,707229,6.05,-0.017187754069999728,10.0,90.0,6.04,LOW,0.0711,0,Limited Adverse Evidence,LOW_PREDICTIVE_SIGNAL
707267,707267,100.0,-0.09139040121645214,30.0,32.9,78.42,REVIEW_DATA,0.5001,1,Data review is required before risk escalation.,ELEVATED
707410,707410,54.93,-0.09401062595628012,60.0,90.0,49.95,MEDIUM,0.6991,1,High Expenditure Progress Gap; Progress Stagnation,ELEVATED
707414,707414,,-0.08000893837173584,,24.3,0.0,REVIEW_DATA,0.0351,0,Data review is required before risk escalation.,LOW_PREDICTIVE_SIGNAL
707419,707419,0.0,-0.03620486624304142,10.0,77.1,1.58,LOW,0.2715,0,Limited Adverse Evidence,LOW_PREDICTIVE_SIGNAL
707420,707420,0.0,-0.08974328110798113,,49.3,0.0,LOW,0.0927,0,Limited Adverse Evidence,LOW_PREDICTIVE_SIGNAL
708662,708662,100.0,-0.09428725749144201,30.0,32.9,78.42,REVIEW_DATA,0.4907,0,Data review is required before risk escalation.,WATCH
708687,708687,0.0,-0.08892935746560715,,53.6,0.0,LOW,0.073,0,Limited Adverse Evidence,LOW_PREDICTIVE_SIGNAL
709747,709747,57.14,-0.04075918481273355,60.0,90.0,51.58,HIGH,0.4894,0,High Expenditure Progress Gap; Progress Stagnation,WATCH
709749,709749,100.0,-0.13524441672244264,,28.6,87.5,REVIEW_DATA,0.4145,0,Data review is required before risk escalation.,WATCH
709750,709750,0.0,-0.12177983505716539,10.0,90.0,1.58,LOW,0.1004,0,Limited Adverse Evidence,LOW_PREDICTIVE_SIGNAL
709752,709752,42.48,-0.10360043626583298,30.0,90.0,36.04,MEDIUM,0.2992,0,Limited Adverse Evidence,LOW_PREDICTIVE_SIGNAL
709753,709753,18.53,-0.1096485358437701,30.0,90.0,18.39,LOW,0.4473,0,Limited Adverse Evidence,WATCH
709754,709754,21.43,0.08726666518086423,10.0,90.0,27.9,LOW,0.3946,0,High Expenditure Progress Gap; Anomalous Project Pattern,WATCH
709755,709755,0.0,-0.12120682547894474,30.0,90.0,4.74,LOW,0.096,0,Limited Adverse Evidence,LOW_PREDICTIVE_SIGNAL
709757,709757,21.1,-0.11519217116242958,30.0,52.1,20.28,LOW,0.7077,1,Limited Adverse Evidence,HIGH_PREDICTIVE_SIGNAL
709758,709758,15.19,-0.11367135901810727,30.0,52.1,15.93,LOW,0.5812,1,Limited Adverse Evidence,ELEVATED
709759,709759,0.0,-0.09615314118611695,10.0,90.0,1.58,LOW,0.0544,0,Limited Adverse Evidence,LOW_PREDICTIVE_SIGNAL
709760,709760,0.0,-0.08266515198147045,10.0,56.4,1.58,LOW,0.1733,0,Limited Adverse Evidence,LOW_PREDICTIVE_SIGNAL
709766,709766,100.0,-0.08493306956085134,,28.6,87.5,REVIEW_DATA,0.1679,0,Data review is required before risk escalation.,LOW_PREDICTIVE_SIGNAL
709770,709770,37.98,-0.08424405597502704,60.0,90.0,37.46,MEDIUM,0.3109,0,Progress Stagnation,WATCH
709771,709771,40.25,-0.08821612345872326,60.0,90.0,39.13,MEDIUM,0.194,0,Progress Stagnation,LOW_PREDICTIVE_SIGNAL
709772,709772,39.35,-0.087849428844052,60.0,90.0,38.47,MEDIUM,0.179,0,Progress Stagnation,LOW_PREDICTIVE_SIGNAL
709773,709773,35.71,-0.08329790650346103,60.0,90.0,35.79,MEDIUM,0.4256,0,Progress Stagnation,WATCH
709774,709774,22.53,-0.1212237324476585,30.0,90.0,21.34,LOW,0.1447,0,Limited Adverse Evidence,LOW_PREDICTIVE_SIGNAL
709776,709776,24.38,-0.12004074355026129,30.0,90.0,22.7,LOW,0.2326,0,Limited Adverse Evidence,LOW_PREDICTIVE_SIGNAL
709777,709777,3.4,-0.11249466375719941,10.0,90.0,4.08,LOW,0.2987,0,Limited Adverse Evidence,LOW_PREDICTIVE_SIGNAL
709778,709778,13.44,-0.11845749054220062,30.0,90.0,14.64,LOW,0.1779,0,Limited Adverse Evidence,LOW_PREDICTIVE_SIGNAL
709779,709779,6.83,-0.11226342432133324,30.0,90.0,9.77,LOW,0.1781,0,Limited Adverse Evidence,LOW_PREDICTIVE_SIGNAL
709780,709780,39.14,-0.11465015036711496,30.0,90.0,33.58,MEDIUM,0.4899,0,Limited Adverse Evidence,WATCH
709781,709781,0.49,-0.09719855905794711,30.0,90.0,5.1,LOW,0.345,0,Limited Adverse Evidence,WATCH
709782,709782,5.33,-0.12283872411335606,30.0,56.4,8.66,LOW,0.1471,0,Limited Adverse Evidence,LOW_PREDICTIVE_SIGNAL
709783,709783,31.56,-0.09548233240723225,10.0,90.0,24.83,LOW,0.1323,0,High Cost Escalation,LOW_PREDICTIVE_SIGNAL
709785,709785,22.33,-0.12136225056520317,30.0,90.0,21.19,LOW,0.4155,0,Limited Adverse Evidence,WATCH
709786,709786,21.63,-0.10273415706506084,30.0,90.0,20.67,LOW,0.5349,1,Limited Adverse Evidence,ELEVATED
709789,709789,,-0.13224011681138098,,24.3,0.0,REVIEW_DATA,0.1614,0,Data review is required before risk escalation.,LOW_PREDICTIVE_SIGNAL
709790,709790,,-0.1337008887481288,,24.3,0.0,REVIEW_DATA,0.1818,0,Data review is required before risk escalation.,LOW_PREDICTIVE_SIGNAL
709791,709791,34.31,-0.11109936726166636,60.0,90.0,34.75,MEDIUM,0.5206,1,Progress Stagnation,ELEVATED
709792,709792,33.6,-0.1042654701736439,60.0,90.0,34.23,MEDIUM,0.4687,0,Progress Stagnation,WATCH
709793,709793,34.31,-0.10355974382202143,60.0,90.0,34.75,MEDIUM,0.431,0,Progress Stagnation,WATCH
709794,709794,33.6,-0.10517048547412455,60.0,90.0,34.23,MEDIUM,0.4718,0,Progress Stagnation,WATCH
709795,709795,22.33,-0.09527811789832685,30.0,90.0,21.19,LOW,0.274,0,Limited Adverse Evidence,LOW_PREDICTIVE_SIGNAL
709796,709796,35.01,-0.09774297532361553,60.0,90.0,35.27,MEDIUM,0.3457,0,Progress Stagnation,WATCH
709797,709797,0.0,-0.10966272715935599,10.0,90.0,1.58,LOW,0.0291,0,Limited Adverse Evidence,LOW_PREDICTIVE_SIGNAL
709798,709798,0.0,-0.008289931951493246,10.0,90.0,1.58,LOW,0.1047,0,Limited Adverse Evidence,LOW_PREDICTIVE_SIGNAL
709799,709799,5.52,-0.0699974322234545,10.0,90.0,5.65,LOW,0.0788,0,Limited Adverse Evidence,LOW_PREDICTIVE_SIGNAL
709800,709800,0.0,-0.11903182319654965,30.0,90.0,4.74,LOW,0.0907,0,Limited Adverse Evidence,LOW_PREDICTIVE_SIGNAL
709811,709811,1.38,-0.0745761709340137,30.0,60.7,5.75,LOW,0.1309,0,Limited Adverse Evidence,LOW_PREDICTIVE_SIGNAL
709812,709812,0.0,-0.025016510913199175,10.0,90.0,1.58,LOW,0.3833,0,Limited Adverse Evidence,WATCH
709813,709813,53.96,0.016043134415132332,30.0,90.0,55.02,HIGH,0.3373,0,High Expenditure Progress Gap; Anomalous Project Pattern,WATCH
709815,709815,41.78,-0.012119951219607572,85.0,90.0,44.21,MEDIUM,0.0603,0,Progress Deterioration,LOW_PREDICTIVE_SIGNAL
709816,709816,47.88,-0.05409784829256381,85.0,90.0,48.7,MEDIUM,0.1499,0,Progress Deterioration,LOW_PREDICTIVE_SIGNAL
709817,709817,56.99,0.05549319113599627,85.0,85.7,65.94,HIGH,0.6269,1,High Expenditure Progress Gap; Progress Deterioration,ELEVATED
709818,709818,54.07,0.03758382765466084,85.0,90.0,63.79,HIGH,0.3903,0,High Expenditure Progress Gap; Progress Deterioration,WATCH
709819,709819,26.2,-0.09251036052192352,30.0,90.0,24.04,LOW,0.3148,0,Limited Adverse Evidence,WATCH
709826,709826,34.89,-0.11411204047506796,30.0,90.0,30.45,LOW,0.2298,0,Limited Adverse Evidence,LOW_PREDICTIVE_SIGNAL
709827,709827,40.83,-0.13049571252206366,,28.6,35.73,REVIEW_DATA,0.5664,1,Data review is required before risk escalation.,ELEVATED
709830,709830,100.0,-0.09495685896424633,,28.6,87.5,REVIEW_DATA,0.4907,0,Data review is required before risk escalation.,WATCH
709831,709831,29.87,-0.11430117203760565,30.0,90.0,26.75,LOW,0.0518,0,Limited Adverse Evidence,LOW_PREDICTIVE_SIGNAL
709832,709832,20.6,-0.1153261942298136,30.0,90.0,19.92,LOW,0.9226,1,Limited Adverse Evidence,HIGH_PREDICTIVE_SIGNAL
709837,709837,18.81,-0.09921496485095205,30.0,90.0,18.6,LOW,0.2795,0,Limited Adverse Evidence,LOW_PREDICTIVE_SIGNAL
709838,709838,11.95,-0.09897295047863108,10.0,90.0,10.38,LOW,0.212,0,Limited Adverse Evidence,LOW_PREDICTIVE_SIGNAL
709839,709839,73.59,-0.04129499431278927,85.0,90.0,67.65,HIGH,0.5259,1,Progress Deterioration; High Cost Escalation,ELEVATED
709840,709840,32.19,-0.11906079790397994,60.0,90.0,33.19,MEDIUM,0.0655,0,Progress Stagnation,LOW_PREDICTIVE_SIGNAL
709841,709841,30.6,-0.10636302190438163,30.0,90.0,27.28,LOW,0.04,0,Limited Adverse Evidence,LOW_PREDICTIVE_SIGNAL
709842,709842,21.63,-0.12889119381363584,30.0,90.0,20.67,LOW,0.2195,0,Limited Adverse Evidence,LOW_PREDICTIVE_SIGNAL
709845,709845,34.47,-0.09896093075155632,30.0,90.0,30.14,LOW,0.4142,0,Limited Adverse Evidence,WATCH
709846,709846,0.0,-0.13244422823544838,,28.6,0.0,REVIEW_DATA,0.5121,1,Data review is required before risk escalation.,ELEVATED
709847,709847,26.56,-0.12650212315255427,30.0,90.0,24.31,LOW,0.2613,0,Limited Adverse Evidence,LOW_PREDICTIVE_SIGNAL
709848,709848,15.96,-0.10870629537557136,30.0,90.0,16.5,LOW,0.2141,0,Limited Adverse Evidence,LOW_PREDICTIVE_SIGNAL
709849,709849,47.84,-0.09339921419028752,30.0,90.0,39.99,MEDIUM,0.1471,0,Limited Adverse Evidence,LOW_PREDICTIVE_SIGNAL
709850,709850,0.0,-0.11815590291087769,10.0,90.0,1.58,LOW,0.2748,0,Limited Adverse Evidence,LOW_PREDICTIVE_SIGNAL
709851,709851,0.0,-0.09305144882734945,10.0,90.0,1.58,LOW,0.2777,0,Limited Adverse Evidence,LOW_PREDICTIVE_SIGNAL
709856,709856,35.71,-0.12569812915911688,60.0,90.0,35.79,MEDIUM,0.1271,0,Progress Stagnation,LOW_PREDICTIVE_SIGNAL
709857,709857,33.39,-0.05917769836397835,60.0,90.0,34.08,MEDIUM,0.184,0,Progress Stagnation,LOW_PREDICTIVE_SIGNAL
709859,709859,57.14,0.33596848422985337,60.0,90.0,62.1,HIGH,0.2635,0,High Expenditure Progress Gap; Anomalous Project Pattern,LOW_PREDICTIVE_SIGNAL
709864,709864,7.95,-0.11648080278110101,30.0,90.0,10.59,LOW,0.2166,0,Limited Adverse Evidence,LOW_PREDICTIVE_SIGNAL
709865,709865,35.71,-0.09019556656751615,60.0,90.0,35.79,MEDIUM,0.3198,0,Progress Stagnation,WATCH
738679,738679,0.0,-0.12863818593858856,,49.3,0.0,LOW,0.3258,0,Limited Adverse Evidence,WATCH
834015,834015,0.0,-0.10579687900882595,,49.3,0.0,LOW,0.3999,0,Limited Adverse Evidence,WATCH
900808,900808,86.39,-0.12961780959101382,60.0,56.4,73.13,HIGH,0.1104,0,Progress Stagnation,LOW_PREDICTIVE_SIGNAL
900874,900874,38.4,-0.08083296200286239,85.0,90.0,41.72,MEDIUM,0.0182,0,Progress Deterioration,LOW_PREDICTIVE_SIGNAL
914467,914467,0.0,-0.10384026464979701,,49.3,0.0,LOW,0.4302,0,Limited Adverse Evidence,WATCH
938832,938832,10.74,-0.08000535684431159,,49.3,9.4,LOW,0.0359,0,Limited Adverse Evidence,LOW_PREDICTIVE_SIGNAL
944288,944288,0.0,-0.12364526068287546,,49.3,0.0,LOW,0.4604,0,Limited Adverse Evidence,WATCH
946208,946208,0.0,-0.08494308975970782,,49.3,0.0,LOW,0.0196,0,Limited Adverse Evidence,LOW_PREDICTIVE_SIGNAL
976009,976009,10.67,-0.07828991208079361,,49.3,9.34,LOW,0.0718,0,Limited Adverse Evidence,LOW_PREDICTIVE_SIGNAL
